-- Generated by Craft v2.3.2625 on Jan 30, 2015 5:18:33 AM.

--
-- Disable foreign key checks and autocommit.
--

SET FOREIGN_KEY_CHECKS = 0;
SET SQL_MODE = "NO_AUTO_VALUE_ON_ZERO";
SET AUTOCOMMIT = 0;
SET NAMES utf8;


DROP TABLE IF EXISTS `craft_assetfiles`;


--
-- Schema for table `craft_assetfiles`
--
CREATE TABLE `craft_assetfiles` (
  `id` int(11) NOT NULL,
  `sourceId` int(11) DEFAULT NULL,
  `folderId` int(11) NOT NULL,
  `filename` varchar(255) COLLATE utf8_unicode_ci NOT NULL,
  `kind` varchar(50) COLLATE utf8_unicode_ci NOT NULL DEFAULT 'unknown',
  `width` smallint(6) unsigned DEFAULT NULL,
  `height` smallint(6) unsigned DEFAULT NULL,
  `size` int(11) unsigned DEFAULT NULL,
  `dateModified` datetime DEFAULT NULL,
  `dateCreated` datetime NOT NULL,
  `dateUpdated` datetime NOT NULL,
  `uid` char(36) COLLATE utf8_unicode_ci NOT NULL DEFAULT '0',
  PRIMARY KEY (`id`),
  UNIQUE KEY `craft_assetfiles_filename_folderId_unq_idx` (`filename`,`folderId`),
  KEY `craft_assetfiles_sourceId_fk` (`sourceId`),
  KEY `craft_assetfiles_folderId_fk` (`folderId`)
) ENGINE=InnoDB DEFAULT CHARSET=utf8 COLLATE=utf8_unicode_ci;

--
-- Data for table `craft_assetfiles`
--

INSERT INTO `craft_assetfiles` (`id`, `sourceId`, `folderId`, `filename`, `kind`, `width`, `height`, `size`, `dateModified`, `dateCreated`, `dateUpdated`, `uid`) VALUES ('47', '1', '1', 'url-1.jpg', 'image', '300', '168', '13454', '2015-01-23 01:36:22', '2015-01-23 01:36:22', '2015-01-23 01:36:22', '8a5eab4e-2f3d-4bc5-829d-0ecd512e38ce');
INSERT INTO `craft_assetfiles` (`id`, `sourceId`, `folderId`, `filename`, `kind`, `width`, `height`, `size`, `dateModified`, `dateCreated`, `dateUpdated`, `uid`) VALUES ('48', '1', '1', 'url-2.jpg', 'image', '275', '183', '9422', '2015-01-23 01:41:41', '2015-01-23 01:41:42', '2015-01-23 01:41:42', 'f966521d-c105-40bd-ac9a-ed68b724e9fd');
INSERT INTO `craft_assetfiles` (`id`, `sourceId`, `folderId`, `filename`, `kind`, `width`, `height`, `size`, `dateModified`, `dateCreated`, `dateUpdated`, `uid`) VALUES ('52', '1', '1', 'dar.jpg', 'image', '434', '300', '101482', '2015-01-28 03:33:48', '2015-01-28 03:33:50', '2015-01-28 03:33:50', '8ca37a4f-527f-4b68-af4d-89f9e2927212');
INSERT INTO `craft_assetfiles` (`id`, `sourceId`, `folderId`, `filename`, `kind`, `width`, `height`, `size`, `dateModified`, `dateCreated`, `dateUpdated`, `uid`) VALUES ('53', '1', '1', 'images_1.jpg', 'image', '300', '168', '5770', '2015-01-28 03:41:06', '2015-01-28 03:41:08', '2015-01-28 03:41:08', 'd2a68672-cc62-440b-a508-01a4a7cde840');
INSERT INTO `craft_assetfiles` (`id`, `sourceId`, `folderId`, `filename`, `kind`, `width`, `height`, `size`, `dateModified`, `dateCreated`, `dateUpdated`, `uid`) VALUES ('54', '1', '1', 'MondayJam03.JPG', 'image', '640', '480', '68192', '2015-01-28 03:41:34', '2015-01-28 03:41:34', '2015-01-28 03:41:34', 'd459daa5-61f0-4c98-8656-6247fa9b5f7d');
INSERT INTO `craft_assetfiles` (`id`, `sourceId`, `folderId`, `filename`, `kind`, `width`, `height`, `size`, `dateModified`, `dateCreated`, `dateUpdated`, `uid`) VALUES ('55', '1', '1', 'depositphotos_8066722-colorful-abstract-hand-drawn-pattern-waves-background.jpg', 'image', '1024', '1024', '453458', '2015-01-28 05:08:34', '2015-01-28 05:08:36', '2015-01-28 05:08:36', 'a4d68cb2-0a36-4e59-b2c9-98ad1b4ccb81');
INSERT INTO `craft_assetfiles` (`id`, `sourceId`, `folderId`, `filename`, `kind`, `width`, `height`, `size`, `dateModified`, `dateCreated`, `dateUpdated`, `uid`) VALUES ('57', '1', '1', '14811_10152190694115200_721199229_n.jpg', 'image', '960', '643', '51522', '2015-01-28 17:35:22', '2015-01-28 17:35:23', '2015-01-28 17:35:23', 'e905a41e-a88c-4d1a-b7a0-8719df09e66d');
INSERT INTO `craft_assetfiles` (`id`, `sourceId`, `folderId`, `filename`, `kind`, `width`, `height`, `size`, `dateModified`, `dateCreated`, `dateUpdated`, `uid`) VALUES ('58', '1', '1', '8621_10152190693450200_1147085211_n.jpg', 'image', '960', '643', '87005', '2015-01-28 17:35:23', '2015-01-28 17:35:24', '2015-01-28 17:35:24', 'a3fc168a-fdd9-4c84-9142-4cfa4dc4c9d8');
INSERT INTO `craft_assetfiles` (`id`, `sourceId`, `folderId`, `filename`, `kind`, `width`, `height`, `size`, `dateModified`, `dateCreated`, `dateUpdated`, `uid`) VALUES ('59', '1', '1', '20196_10152190693390200_1718773028_n.jpg', 'image', '960', '643', '129901', '2015-01-28 17:35:24', '2015-01-28 17:35:25', '2015-01-28 17:35:25', '2806be95-9c27-4c23-ac4c-6488fb07abc1');
INSERT INTO `craft_assetfiles` (`id`, `sourceId`, `folderId`, `filename`, `kind`, `width`, `height`, `size`, `dateModified`, `dateCreated`, `dateUpdated`, `uid`) VALUES ('60', '1', '1', '64314_10152195874265200_1573639032_n.jpg', 'image', '960', '643', '75890', '2015-01-28 17:35:25', '2015-01-28 17:35:26', '2015-01-28 17:35:26', '16b9dfc0-beef-4567-a7a3-6fcc225a2628');
INSERT INTO `craft_assetfiles` (`id`, `sourceId`, `folderId`, `filename`, `kind`, `width`, `height`, `size`, `dateModified`, `dateCreated`, `dateUpdated`, `uid`) VALUES ('61', '1', '1', '999878_10152198745200200_1618984292_n.jpg', 'image', '643', '960', '112201', '2015-01-28 17:35:26', '2015-01-28 17:35:27', '2015-01-28 17:35:27', '5f41bf92-bc3d-48ab-8c86-af76fbdd83e3');
INSERT INTO `craft_assetfiles` (`id`, `sourceId`, `folderId`, `filename`, `kind`, `width`, `height`, `size`, `dateModified`, `dateCreated`, `dateUpdated`, `uid`) VALUES ('62', '1', '1', '1004824_10152198745220200_590428424_n.jpg', 'image', '643', '960', '137279', '2015-01-28 17:35:27', '2015-01-28 17:35:27', '2015-01-28 17:35:27', 'ba7d38a5-12ae-40e1-9881-d5434fa03fc3');
INSERT INTO `craft_assetfiles` (`id`, `sourceId`, `folderId`, `filename`, `kind`, `width`, `height`, `size`, `dateModified`, `dateCreated`, `dateUpdated`, `uid`) VALUES ('63', '1', '1', '1003034_10152198744515200_1730256244_n_2.jpeg', 'image', '640', '429', '101174', '2015-01-28 17:35:32', '2015-01-28 17:35:32', '2015-01-28 17:35:32', '302773a3-2ecb-47b8-ac91-dfe6df1b3a53');
INSERT INTO `craft_assetfiles` (`id`, `sourceId`, `folderId`, `filename`, `kind`, `width`, `height`, `size`, `dateModified`, `dateCreated`, `dateUpdated`, `uid`) VALUES ('64', '1', '1', 'IMG_4106.jpeg', 'image', '640', '480', '120063', '2015-01-28 17:35:32', '2015-01-28 17:35:33', '2015-01-28 17:35:33', '10570e43-65ea-4d03-8f82-e7d008fb3043');
INSERT INTO `craft_assetfiles` (`id`, `sourceId`, `folderId`, `filename`, `kind`, `width`, `height`, `size`, `dateModified`, `dateCreated`, `dateUpdated`, `uid`) VALUES ('65', '1', '1', 'IMG_4119-Version-2.jpeg', 'image', '640', '480', '108203', '2015-01-28 17:35:33', '2015-01-28 17:35:34', '2015-01-28 17:35:34', '6ec79ef7-be35-4c60-a3c3-ccd2a05e10bc');
INSERT INTO `craft_assetfiles` (`id`, `sourceId`, `folderId`, `filename`, `kind`, `width`, `height`, `size`, `dateModified`, `dateCreated`, `dateUpdated`, `uid`) VALUES ('66', '1', '1', 'IMG_4121_2.jpeg', 'image', '480', '480', '76966', '2015-01-28 17:39:16', '2015-01-28 17:35:34', '2015-01-28 17:39:19', 'a424e28d-9b8c-4959-b139-610015f4bd57');
INSERT INTO `craft_assetfiles` (`id`, `sourceId`, `folderId`, `filename`, `kind`, `width`, `height`, `size`, `dateModified`, `dateCreated`, `dateUpdated`, `uid`) VALUES ('67', '1', '1', 'IMG_4532.jpeg', 'image', '640', '480', '127365', '2015-01-28 17:35:34', '2015-01-28 17:35:35', '2015-01-28 17:35:35', 'd6b8343e-1366-42ce-a7f1-0ff15532d438');
INSERT INTO `craft_assetfiles` (`id`, `sourceId`, `folderId`, `filename`, `kind`, `width`, `height`, `size`, `dateModified`, `dateCreated`, `dateUpdated`, `uid`) VALUES ('68', '1', '1', 'IMG_4576.jpeg', 'image', '640', '480', '68295', '2015-01-28 17:35:35', '2015-01-28 17:35:36', '2015-01-28 17:35:36', '6a908ba2-2ec3-4c6d-96db-55fd883c07b4');
INSERT INTO `craft_assetfiles` (`id`, `sourceId`, `folderId`, `filename`, `kind`, `width`, `height`, `size`, `dateModified`, `dateCreated`, `dateUpdated`, `uid`) VALUES ('69', '1', '1', 'IMG_5159.jpeg', 'image', '640', '480', '101441', '2015-01-28 17:35:36', '2015-01-28 17:35:36', '2015-01-28 17:35:36', 'e8a72b6f-562e-4918-855f-6d45ee664ba1');
INSERT INTO `craft_assetfiles` (`id`, `sourceId`, `folderId`, `filename`, `kind`, `width`, `height`, `size`, `dateModified`, `dateCreated`, `dateUpdated`, `uid`) VALUES ('70', '1', '1', 'P1020201.JPG', 'image', '480', '360', '21340', '2015-01-28 17:35:37', '2015-01-28 17:35:37', '2015-01-28 17:35:37', '1131bcd3-a883-49a2-b777-3dd7a34a3dc0');
INSERT INTO `craft_assetfiles` (`id`, `sourceId`, `folderId`, `filename`, `kind`, `width`, `height`, `size`, `dateModified`, `dateCreated`, `dateUpdated`, `uid`) VALUES ('71', '1', '1', 'photo_27.jpeg', 'image', '640', '480', '116130', '2015-01-28 17:35:37', '2015-01-28 17:35:38', '2015-01-28 17:35:38', '617f8334-3fd8-4261-8dc3-96247adb5cc1');
INSERT INTO `craft_assetfiles` (`id`, `sourceId`, `folderId`, `filename`, `kind`, `width`, `height`, `size`, `dateModified`, `dateCreated`, `dateUpdated`, `uid`) VALUES ('74', '1', '1', 'francesca-lia-block-quote.jpg', 'image', '500', '275', '15796', '2015-01-28 17:40:05', '2015-01-28 17:40:06', '2015-01-28 17:40:06', '2ea0bc5b-b1e6-44bd-86cd-14ad127afd97');
INSERT INTO `craft_assetfiles` (`id`, `sourceId`, `folderId`, `filename`, `kind`, `width`, `height`, `size`, `dateModified`, `dateCreated`, `dateUpdated`, `uid`) VALUES ('75', '1', '1', 'unnamed-1.jpg', 'image', '220', '224', '13924', '2015-01-30 04:05:05', '2015-01-29 22:38:54', '2015-01-30 04:05:09', 'c65e3bda-a130-4926-a442-02134b93a241');
INSERT INTO `craft_assetfiles` (`id`, `sourceId`, `folderId`, `filename`, `kind`, `width`, `height`, `size`, `dateModified`, `dateCreated`, `dateUpdated`, `uid`) VALUES ('76', '1', '1', 'unnamed-5.jpg', 'image', '220', '201', '12858', '2015-01-29 22:39:40', '2015-01-29 22:39:40', '2015-01-29 22:39:40', 'd3f65274-1682-4b0b-a03d-5e4819c055da');
INSERT INTO `craft_assetfiles` (`id`, `sourceId`, `folderId`, `filename`, `kind`, `width`, `height`, `size`, `dateModified`, `dateCreated`, `dateUpdated`, `uid`) VALUES ('77', '1', '1', 'unnamed-4.jpg', 'image', '268', '224', '49989', '2015-01-29 22:40:23', '2015-01-29 22:40:23', '2015-01-29 22:40:23', '9149e704-ce52-4261-8abf-4fa07daeca5c');
INSERT INTO `craft_assetfiles` (`id`, `sourceId`, `folderId`, `filename`, `kind`, `width`, `height`, `size`, `dateModified`, `dateCreated`, `dateUpdated`, `uid`) VALUES ('78', '1', '1', 'unnamed-3.jpg', 'image', '320', '224', '39917', '2015-01-29 22:40:41', '2015-01-29 22:40:41', '2015-01-29 22:40:41', 'c6192886-2c82-40e1-8b9d-45ba1b42fccc');
INSERT INTO `craft_assetfiles` (`id`, `sourceId`, `folderId`, `filename`, `kind`, `width`, `height`, `size`, `dateModified`, `dateCreated`, `dateUpdated`, `uid`) VALUES ('79', '1', '1', 'unnamed-7.jpg', 'image', '219', '238', '11215', '2015-01-29 22:41:57', '2015-01-29 22:41:57', '2015-01-29 22:41:57', '3731199f-47e3-460a-84f6-6eac75755625');
INSERT INTO `craft_assetfiles` (`id`, `sourceId`, `folderId`, `filename`, `kind`, `width`, `height`, `size`, `dateModified`, `dateCreated`, `dateUpdated`, `uid`) VALUES ('80', '1', '1', 'unnamed.jpg', 'image', '218', '422', '61046', '2015-01-29 22:42:52', '2015-01-29 22:42:52', '2015-01-29 22:42:52', '3e2c6f62-b572-4b48-85bf-c6857e62c71f');
INSERT INTO `craft_assetfiles` (`id`, `sourceId`, `folderId`, `filename`, `kind`, `width`, `height`, `size`, `dateModified`, `dateCreated`, `dateUpdated`, `uid`) VALUES ('81', '1', '1', 'large.png', 'image', '1077', '654', '1053249', '2015-01-29 23:36:49', '2015-01-29 23:34:15', '2015-01-29 23:36:52', '363ed9e4-0299-4717-bc33-55094f5f51b6');
INSERT INTO `craft_assetfiles` (`id`, `sourceId`, `folderId`, `filename`, `kind`, `width`, `height`, `size`, `dateModified`, `dateCreated`, `dateUpdated`, `uid`) VALUES ('83', '1', '1', 'photo.png', 'image', '945', '771', '1005339', '2015-01-29 23:42:16', '2015-01-29 23:42:17', '2015-01-29 23:42:17', '394e92ed-986f-4cd7-aaec-57721ac80491');
INSERT INTO `craft_assetfiles` (`id`, `sourceId`, `folderId`, `filename`, `kind`, `width`, `height`, `size`, `dateModified`, `dateCreated`, `dateUpdated`, `uid`) VALUES ('84', '1', '1', 'quote1.png', 'image', '954', '444', '81832', '2015-01-29 23:43:28', '2015-01-29 23:43:29', '2015-01-29 23:43:29', '523468f1-f028-43d9-8299-102da0a71daa');
INSERT INTO `craft_assetfiles` (`id`, `sourceId`, `folderId`, `filename`, `kind`, `width`, `height`, `size`, `dateModified`, `dateCreated`, `dateUpdated`, `uid`) VALUES ('85', '1', '1', 'dar.png', 'image', '780', '627', '719033', '2015-01-29 23:57:10', '2015-01-29 23:46:27', '2015-01-29 23:57:14', 'df77a5df-51f1-497d-afc9-9dbcba77fbb7');
INSERT INTO `craft_assetfiles` (`id`, `sourceId`, `folderId`, `filename`, `kind`, `width`, `height`, `size`, `dateModified`, `dateCreated`, `dateUpdated`, `uid`) VALUES ('86', '1', '1', 'hudsonx3.png', 'image', '939', '564', '528096', '2015-01-29 23:48:53', '2015-01-29 23:47:11', '2015-01-29 23:48:56', '1a49b9d8-d66c-48bf-bb9c-2c0d489f6f0f');
INSERT INTO `craft_assetfiles` (`id`, `sourceId`, `folderId`, `filename`, `kind`, `width`, `height`, `size`, `dateModified`, `dateCreated`, `dateUpdated`, `uid`) VALUES ('88', '1', '1', 'quote2.png', 'image', '651', '1266', '195865', '2015-01-29 23:51:28', '2015-01-29 23:51:29', '2015-01-29 23:51:29', '2f357bfe-a29e-4c3a-80bb-790543b91c84');
INSERT INTO `craft_assetfiles` (`id`, `sourceId`, `folderId`, `filename`, `kind`, `width`, `height`, `size`, `dateModified`, `dateCreated`, `dateUpdated`, `uid`) VALUES ('89', '1', '1', 'pattern-home@2x.png', 'image', '434', '138', '79800', '2015-01-30 03:45:52', '2015-01-30 03:45:55', '2015-01-30 03:45:55', '00485798-fa3b-4ac4-a025-739f68409830');
INSERT INTO `craft_assetfiles` (`id`, `sourceId`, `folderId`, `filename`, `kind`, `width`, `height`, `size`, `dateModified`, `dateCreated`, `dateUpdated`, `uid`) VALUES ('91', '1', '1', 'unnamed-1_1.jpg', 'image', '220', '224', '13924', '2015-01-30 04:05:31', '2015-01-30 04:05:32', '2015-01-30 04:05:32', 'aff17b98-6e24-4a1a-ba07-cb659d85a8da');
INSERT INTO `craft_assetfiles` (`id`, `sourceId`, `folderId`, `filename`, `kind`, `width`, `height`, `size`, `dateModified`, `dateCreated`, `dateUpdated`, `uid`) VALUES ('92', '1', '1', 'unnamed-2.jpg', 'image', '220', '201', '12858', '2015-01-30 04:06:13', '2015-01-30 04:06:14', '2015-01-30 04:06:14', '09c0cfdb-3131-4090-9b9e-f049535f03d1');
INSERT INTO `craft_assetfiles` (`id`, `sourceId`, `folderId`, `filename`, `kind`, `width`, `height`, `size`, `dateModified`, `dateCreated`, `dateUpdated`, `uid`) VALUES ('93', '1', '1', 'unnamed-1_2.jpg', 'image', '220', '224', '13924', '2015-01-30 04:06:27', '2015-01-30 04:06:27', '2015-01-30 04:06:27', '2f92abde-afbc-498e-9c27-8cd92a20690f');
INSERT INTO `craft_assetfiles` (`id`, `sourceId`, `folderId`, `filename`, `kind`, `width`, `height`, `size`, `dateModified`, `dateCreated`, `dateUpdated`, `uid`) VALUES ('94', '1', '1', 'circle@2x.png', 'image', '424', '390', '274461', '2015-01-30 04:10:03', '2015-01-30 04:10:05', '2015-01-30 04:10:05', '201d293f-1e3e-460c-a6e4-0a17000a8ae6');
INSERT INTO `craft_assetfiles` (`id`, `sourceId`, `folderId`, `filename`, `kind`, `width`, `height`, `size`, `dateModified`, `dateCreated`, `dateUpdated`, `uid`) VALUES ('95', '1', '1', 'songs@2x.png', 'image', '718', '428', '502013', '2015-01-30 04:12:49', '2015-01-30 04:12:51', '2015-01-30 04:12:51', '847143c6-5320-4666-b152-d834c8fdfbc3');
INSERT INTO `craft_assetfiles` (`id`, `sourceId`, `folderId`, `filename`, `kind`, `width`, `height`, `size`, `dateModified`, `dateCreated`, `dateUpdated`, `uid`) VALUES ('96', '1', '1', 'circle@2x_1.png', 'image', '424', '290', '213451', '2015-01-30 04:13:27', '2015-01-30 04:13:28', '2015-01-30 04:13:28', 'fcee1272-c213-4329-b529-320bc25dc8d5');
INSERT INTO `craft_assetfiles` (`id`, `sourceId`, `folderId`, `filename`, `kind`, `width`, `height`, `size`, `dateModified`, `dateCreated`, `dateUpdated`, `uid`) VALUES ('97', '1', '1', 'plant@2x.png', 'image', '424', '290', '224815', '2015-01-30 04:15:21', '2015-01-30 04:15:22', '2015-01-30 04:15:22', '47315283-9273-42d2-82d5-ba7398133eb2');
INSERT INTO `craft_assetfiles` (`id`, `sourceId`, `folderId`, `filename`, `kind`, `width`, `height`, `size`, `dateModified`, `dateCreated`, `dateUpdated`, `uid`) VALUES ('100', '1', '1', 'Ambassador-of-Lonely.mp3', 'audio', NULL, NULL, '10132292', '2015-01-30 04:35:31', '2015-01-30 04:35:36', '2015-01-30 04:35:36', 'a2ae4b0a-7822-4f22-8b7f-0d6ecfe11e8e');
INSERT INTO `craft_assetfiles` (`id`, `sourceId`, `folderId`, `filename`, `kind`, `width`, `height`, `size`, `dateModified`, `dateCreated`, `dateUpdated`, `uid`) VALUES ('101', '1', '1', 'Pineapple-Wallace-Stevens_1.doc', 'word', NULL, NULL, '26112', '2015-01-30 04:35:31', '2015-01-30 04:35:36', '2015-01-30 04:35:36', '15ae07bc-7e91-40f5-93a9-fd8cc6f52407');
INSERT INTO `craft_assetfiles` (`id`, `sourceId`, `folderId`, `filename`, `kind`, `width`, `height`, `size`, `dateModified`, `dateCreated`, `dateUpdated`, `uid`) VALUES ('103', '1', '1', 'Carnival-In-Harlem.mp3', 'audio', NULL, NULL, '10407100', '2015-01-30 04:36:58', '2015-01-30 04:37:00', '2015-01-30 04:37:00', 'dc9583bc-2761-4551-b109-17f0c9eda518');
INSERT INTO `craft_assetfiles` (`id`, `sourceId`, `folderId`, `filename`, `kind`, `width`, `height`, `size`, `dateModified`, `dateCreated`, `dateUpdated`, `uid`) VALUES ('104', '1', '1', 'Pineapple-Wallace-Stevens_2.doc', 'word', NULL, NULL, '26112', '2015-01-30 04:36:58', '2015-01-30 04:37:00', '2015-01-30 04:37:00', 'b3620610-9e15-42b3-8908-346946408ab4');



DROP TABLE IF EXISTS `craft_assetfolders`;


--
-- Schema for table `craft_assetfolders`
--
CREATE TABLE `craft_assetfolders` (
  `id` int(11) NOT NULL AUTO_INCREMENT,
  `parentId` int(11) DEFAULT NULL,
  `sourceId` int(11) DEFAULT NULL,
  `name` varchar(255) COLLATE utf8_unicode_ci NOT NULL,
  `path` varchar(255) COLLATE utf8_unicode_ci DEFAULT NULL,
  `dateCreated` datetime NOT NULL,
  `dateUpdated` datetime NOT NULL,
  `uid` char(36) COLLATE utf8_unicode_ci NOT NULL DEFAULT '0',
  PRIMARY KEY (`id`),
  UNIQUE KEY `craft_assetfolders_name_parentId_sourceId_unq_idx` (`name`,`parentId`,`sourceId`),
  KEY `craft_assetfolders_parentId_fk` (`parentId`),
  KEY `craft_assetfolders_sourceId_fk` (`sourceId`)
) ENGINE=InnoDB AUTO_INCREMENT=4 DEFAULT CHARSET=utf8 COLLATE=utf8_unicode_ci;

--
-- Data for table `craft_assetfolders`
--

INSERT INTO `craft_assetfolders` (`id`, `parentId`, `sourceId`, `name`, `path`, `dateCreated`, `dateUpdated`, `uid`) VALUES ('1', NULL, '1', 'Images', '', '2015-01-11 22:10:37', '2015-01-11 22:10:37', '7357876c-5936-45a3-861e-663f12017e7d');
INSERT INTO `craft_assetfolders` (`id`, `parentId`, `sourceId`, `name`, `path`, `dateCreated`, `dateUpdated`, `uid`) VALUES ('2', NULL, '2', 'Audio', '', '2015-01-23 00:50:23', '2015-01-23 00:50:23', 'f9268339-cc5f-44d1-ae33-c1c51254beb4');
INSERT INTO `craft_assetfolders` (`id`, `parentId`, `sourceId`, `name`, `path`, `dateCreated`, `dateUpdated`, `uid`) VALUES ('3', NULL, '3', 'Retreat Members', '', '2015-01-23 00:52:35', '2015-01-23 00:52:35', '89eb304c-50c9-4572-a412-dc9b5476267d');



DROP TABLE IF EXISTS `craft_assetindexdata`;


--
-- Schema for table `craft_assetindexdata`
--
CREATE TABLE `craft_assetindexdata` (
  `id` int(11) NOT NULL AUTO_INCREMENT,
  `sessionId` varchar(36) COLLATE utf8_unicode_ci NOT NULL DEFAULT '',
  `sourceId` int(10) NOT NULL,
  `offset` int(10) NOT NULL,
  `uri` varchar(255) COLLATE utf8_unicode_ci DEFAULT NULL,
  `size` int(10) DEFAULT NULL,
  `recordId` int(10) DEFAULT NULL,
  `dateCreated` datetime NOT NULL,
  `dateUpdated` datetime NOT NULL,
  `uid` char(36) COLLATE utf8_unicode_ci NOT NULL DEFAULT '0',
  PRIMARY KEY (`id`),
  UNIQUE KEY `craft_assetindexdata_sessionId_sourceId_offset_unq_idx` (`sessionId`,`sourceId`,`offset`),
  KEY `craft_assetindexdata_sourceId_fk` (`sourceId`)
) ENGINE=InnoDB DEFAULT CHARSET=utf8 COLLATE=utf8_unicode_ci;

DROP TABLE IF EXISTS `craft_assetsources`;


--
-- Schema for table `craft_assetsources`
--
CREATE TABLE `craft_assetsources` (
  `id` int(11) NOT NULL AUTO_INCREMENT,
  `name` varchar(255) COLLATE utf8_unicode_ci NOT NULL,
  `handle` varchar(255) COLLATE utf8_unicode_ci NOT NULL,
  `type` varchar(150) COLLATE utf8_unicode_ci NOT NULL,
  `settings` text COLLATE utf8_unicode_ci,
  `sortOrder` tinyint(4) DEFAULT NULL,
  `fieldLayoutId` int(10) DEFAULT NULL,
  `dateCreated` datetime NOT NULL,
  `dateUpdated` datetime NOT NULL,
  `uid` char(36) COLLATE utf8_unicode_ci NOT NULL DEFAULT '0',
  PRIMARY KEY (`id`),
  UNIQUE KEY `craft_assetsources_name_unq_idx` (`name`),
  UNIQUE KEY `craft_assetsources_handle_unq_idx` (`handle`),
  KEY `craft_assetsources_fieldLayoutId_fk` (`fieldLayoutId`)
) ENGINE=InnoDB AUTO_INCREMENT=4 DEFAULT CHARSET=utf8 COLLATE=utf8_unicode_ci;

--
-- Data for table `craft_assetsources`
--

INSERT INTO `craft_assetsources` (`id`, `name`, `handle`, `type`, `settings`, `sortOrder`, `fieldLayoutId`, `dateCreated`, `dateUpdated`, `uid`) VALUES ('1', 'Images', 'images', 'Local', '{\"path\":\"images\\/\",\"url\":\"http:\\/\\/dar-williams.craft.dev\\/images\\/\"}', '1', '7', '2015-01-11 22:10:37', '2015-01-11 22:14:13', '681b199e-2dff-44e4-8f4a-e8003822a684');
INSERT INTO `craft_assetsources` (`id`, `name`, `handle`, `type`, `settings`, `sortOrder`, `fieldLayoutId`, `dateCreated`, `dateUpdated`, `uid`) VALUES ('2', 'Audio', 'audio', 'Local', '{\"path\":\"images\\/audio\\/\",\"url\":\"http:\\/\\/dar-williams.craft.dev\\/images\\/audio\\/\"}', '2', '22', '2015-01-23 00:50:23', '2015-01-23 00:50:23', 'a358be27-2551-41b6-ae85-a34c6e37606a');
INSERT INTO `craft_assetsources` (`id`, `name`, `handle`, `type`, `settings`, `sortOrder`, `fieldLayoutId`, `dateCreated`, `dateUpdated`, `uid`) VALUES ('3', 'Retreat Members', 'retreatMembers', 'Local', '{\"path\":\"images\\/retreatMemeberPhotos\\/\",\"url\":\"http:\\/\\/dar-williams.craft.dev\\/images\\/retreatMemeberPhotos\\/\"}', '3', '23', '2015-01-23 00:52:35', '2015-01-23 00:52:35', '99501623-9fbe-47d0-9898-b3504c075508');



DROP TABLE IF EXISTS `craft_assettransformindex`;


--
-- Schema for table `craft_assettransformindex`
--
CREATE TABLE `craft_assettransformindex` (
  `id` int(11) NOT NULL AUTO_INCREMENT,
  `fileId` int(11) NOT NULL,
  `filename` varchar(255) COLLATE utf8_unicode_ci DEFAULT NULL,
  `format` varchar(255) COLLATE utf8_unicode_ci DEFAULT NULL,
  `location` varchar(255) COLLATE utf8_unicode_ci NOT NULL,
  `sourceId` int(11) DEFAULT NULL,
  `fileExists` tinyint(1) DEFAULT NULL,
  `inProgress` tinyint(1) DEFAULT NULL,
  `dateIndexed` datetime DEFAULT NULL,
  `dateCreated` datetime NOT NULL,
  `dateUpdated` datetime NOT NULL,
  `uid` char(36) COLLATE utf8_unicode_ci NOT NULL DEFAULT '0',
  PRIMARY KEY (`id`),
  KEY `craft_assettransformindex_sourceId_fileId_location_idx` (`sourceId`,`fileId`,`location`)
) ENGINE=InnoDB AUTO_INCREMENT=12 DEFAULT CHARSET=utf8 COLLATE=utf8_unicode_ci;

--
-- Data for table `craft_assettransformindex`
--

INSERT INTO `craft_assettransformindex` (`id`, `fileId`, `filename`, `format`, `location`, `sourceId`, `fileExists`, `inProgress`, `dateIndexed`, `dateCreated`, `dateUpdated`, `uid`) VALUES ('1', '76', 'unnamed-5.jpg', NULL, '_1000x400_crop_bottom-center_75', '1', '1', '0', '2015-01-29 23:27:17', '2015-01-29 23:27:17', '2015-01-29 23:27:17', '7eeccf3b-0065-4158-9d6d-a44b83a91ddb');
INSERT INTO `craft_assettransformindex` (`id`, `fileId`, `filename`, `format`, `location`, `sourceId`, `fileExists`, `inProgress`, `dateIndexed`, `dateCreated`, `dateUpdated`, `uid`) VALUES ('2', '76', 'unnamed-5.jpg', NULL, '_100x500_crop_bottom-center_75', '1', '1', '0', '2015-01-29 23:27:43', '2015-01-29 23:27:43', '2015-01-29 23:27:43', '744a23e9-4b29-4a2d-9d56-12f9ecd05270');
INSERT INTO `craft_assettransformindex` (`id`, `fileId`, `filename`, `format`, `location`, `sourceId`, `fileExists`, `inProgress`, `dateIndexed`, `dateCreated`, `dateUpdated`, `uid`) VALUES ('3', '76', 'unnamed-5.jpg', NULL, '_500x400_crop_bottom-center_75', '1', '1', '0', '2015-01-29 23:27:58', '2015-01-29 23:27:58', '2015-01-29 23:27:59', '5bb32f88-73d4-49e1-898a-dfa7a6ea51d1');
INSERT INTO `craft_assettransformindex` (`id`, `fileId`, `filename`, `format`, `location`, `sourceId`, `fileExists`, `inProgress`, `dateIndexed`, `dateCreated`, `dateUpdated`, `uid`) VALUES ('4', '76', 'unnamed-5.jpg', NULL, '_500x400_crop_bottom-center_175', '1', '1', '0', '2015-01-29 23:28:26', '2015-01-29 23:28:26', '2015-01-29 23:28:27', '43d35b8f-f34e-46d7-bfa0-532ca3f1966b');
INSERT INTO `craft_assettransformindex` (`id`, `fileId`, `filename`, `format`, `location`, `sourceId`, `fileExists`, `inProgress`, `dateIndexed`, `dateCreated`, `dateUpdated`, `uid`) VALUES ('5', '76', 'unnamed-5.jpg', NULL, '_500x450_crop_bottom-center_75', '1', '1', '0', '2015-01-29 23:28:57', '2015-01-29 23:28:57', '2015-01-29 23:28:57', '10665831-49c9-4769-9354-d206dda9b055');
INSERT INTO `craft_assettransformindex` (`id`, `fileId`, `filename`, `format`, `location`, `sourceId`, `fileExists`, `inProgress`, `dateIndexed`, `dateCreated`, `dateUpdated`, `uid`) VALUES ('6', '76', 'unnamed-5.jpg', NULL, '_500x250_crop_bottom-center_75', '1', '1', '0', '2015-01-29 23:29:02', '2015-01-29 23:29:02', '2015-01-29 23:29:02', '8ca7f1ed-dfc7-4042-be8e-8101266bd1e7');
INSERT INTO `craft_assettransformindex` (`id`, `fileId`, `filename`, `format`, `location`, `sourceId`, `fileExists`, `inProgress`, `dateIndexed`, `dateCreated`, `dateUpdated`, `uid`) VALUES ('7', '76', 'unnamed-5.jpg', NULL, '_500x240_crop_bottom-center_75', '1', '1', '0', '2015-01-29 23:29:16', '2015-01-29 23:29:16', '2015-01-29 23:29:16', '73bac0ec-ff19-439f-a3df-5deea76de025');
INSERT INTO `craft_assettransformindex` (`id`, `fileId`, `filename`, `format`, `location`, `sourceId`, `fileExists`, `inProgress`, `dateIndexed`, `dateCreated`, `dateUpdated`, `uid`) VALUES ('9', '81', 'large.png', NULL, '_500x240_crop_bottom-center_75', '1', '1', '0', '2015-01-29 23:36:58', '2015-01-29 23:36:58', '2015-01-29 23:36:59', '26ef9c7a-bf70-49ad-8d70-a4a663a2f9e6');
INSERT INTO `craft_assettransformindex` (`id`, `fileId`, `filename`, `format`, `location`, `sourceId`, `fileExists`, `inProgress`, `dateIndexed`, `dateCreated`, `dateUpdated`, `uid`) VALUES ('10', '94', 'circle@2x.png', NULL, '_500x240_crop_bottom-center_75', '1', '1', '0', '2015-01-30 04:10:14', '2015-01-30 04:10:14', '2015-01-30 04:10:16', '6393c691-e61b-4467-acc3-186470214a21');
INSERT INTO `craft_assettransformindex` (`id`, `fileId`, `filename`, `format`, `location`, `sourceId`, `fileExists`, `inProgress`, `dateIndexed`, `dateCreated`, `dateUpdated`, `uid`) VALUES ('11', '95', 'songs@2x.png', NULL, '_500x240_crop_bottom-center_75', '1', '1', '0', '2015-01-30 04:13:50', '2015-01-30 04:13:50', '2015-01-30 04:13:51', 'fce90e60-f1f2-4200-add9-1e03d1dafc8d');



DROP TABLE IF EXISTS `craft_assettransforms`;


--
-- Schema for table `craft_assettransforms`
--
CREATE TABLE `craft_assettransforms` (
  `id` int(11) NOT NULL AUTO_INCREMENT,
  `name` varchar(255) COLLATE utf8_unicode_ci NOT NULL,
  `handle` varchar(255) COLLATE utf8_unicode_ci NOT NULL,
  `mode` enum('stretch','fit','crop') COLLATE utf8_unicode_ci NOT NULL DEFAULT 'crop',
  `position` enum('top-left','top-center','top-right','center-left','center-center','center-right','bottom-left','bottom-center','bottom-right') COLLATE utf8_unicode_ci NOT NULL DEFAULT 'center-center',
  `height` int(10) DEFAULT NULL,
  `width` int(10) DEFAULT NULL,
  `format` varchar(255) COLLATE utf8_unicode_ci DEFAULT NULL,
  `quality` int(10) DEFAULT NULL,
  `dimensionChangeTime` datetime DEFAULT NULL,
  `dateCreated` datetime NOT NULL,
  `dateUpdated` datetime NOT NULL,
  `uid` char(36) COLLATE utf8_unicode_ci NOT NULL DEFAULT '0',
  PRIMARY KEY (`id`),
  UNIQUE KEY `craft_assettransforms_name_unq_idx` (`name`),
  UNIQUE KEY `craft_assettransforms_handle_unq_idx` (`handle`)
) ENGINE=InnoDB DEFAULT CHARSET=utf8 COLLATE=utf8_unicode_ci;

DROP TABLE IF EXISTS `craft_categories`;


--
-- Schema for table `craft_categories`
--
CREATE TABLE `craft_categories` (
  `id` int(11) NOT NULL,
  `groupId` int(11) NOT NULL,
  `dateCreated` datetime NOT NULL,
  `dateUpdated` datetime NOT NULL,
  `uid` char(36) COLLATE utf8_unicode_ci NOT NULL DEFAULT '0',
  PRIMARY KEY (`id`),
  KEY `craft_categories_groupId_fk` (`groupId`)
) ENGINE=InnoDB DEFAULT CHARSET=utf8 COLLATE=utf8_unicode_ci;

DROP TABLE IF EXISTS `craft_categorygroups`;


--
-- Schema for table `craft_categorygroups`
--
CREATE TABLE `craft_categorygroups` (
  `id` int(11) NOT NULL AUTO_INCREMENT,
  `structureId` int(11) NOT NULL,
  `fieldLayoutId` int(11) DEFAULT NULL,
  `name` varchar(255) COLLATE utf8_unicode_ci NOT NULL,
  `handle` varchar(255) COLLATE utf8_unicode_ci NOT NULL,
  `hasUrls` tinyint(1) unsigned NOT NULL DEFAULT '1',
  `template` varchar(500) COLLATE utf8_unicode_ci DEFAULT NULL,
  `dateCreated` datetime NOT NULL,
  `dateUpdated` datetime NOT NULL,
  `uid` char(36) COLLATE utf8_unicode_ci NOT NULL DEFAULT '0',
  PRIMARY KEY (`id`),
  UNIQUE KEY `craft_categorygroups_name_unq_idx` (`name`),
  UNIQUE KEY `craft_categorygroups_handle_unq_idx` (`handle`),
  KEY `craft_categorygroups_structureId_fk` (`structureId`),
  KEY `craft_categorygroups_fieldLayoutId_fk` (`fieldLayoutId`)
) ENGINE=InnoDB DEFAULT CHARSET=utf8 COLLATE=utf8_unicode_ci;

DROP TABLE IF EXISTS `craft_categorygroups_i18n`;


--
-- Schema for table `craft_categorygroups_i18n`
--
CREATE TABLE `craft_categorygroups_i18n` (
  `id` int(11) NOT NULL AUTO_INCREMENT,
  `groupId` int(11) NOT NULL,
  `locale` char(12) COLLATE utf8_unicode_ci NOT NULL,
  `urlFormat` varchar(255) COLLATE utf8_unicode_ci DEFAULT NULL,
  `nestedUrlFormat` varchar(255) COLLATE utf8_unicode_ci DEFAULT NULL,
  `dateCreated` datetime NOT NULL,
  `dateUpdated` datetime NOT NULL,
  `uid` char(36) COLLATE utf8_unicode_ci NOT NULL DEFAULT '0',
  PRIMARY KEY (`id`),
  UNIQUE KEY `craft_categorygroups_i18n_groupId_locale_unq_idx` (`groupId`,`locale`),
  KEY `craft_categorygroups_i18n_locale_fk` (`locale`)
) ENGINE=InnoDB DEFAULT CHARSET=utf8 COLLATE=utf8_unicode_ci;

DROP TABLE IF EXISTS `craft_content`;


--
-- Schema for table `craft_content`
--
CREATE TABLE `craft_content` (
  `id` int(11) NOT NULL AUTO_INCREMENT,
  `elementId` int(11) NOT NULL,
  `locale` char(12) COLLATE utf8_unicode_ci NOT NULL,
  `title` varchar(255) COLLATE utf8_unicode_ci DEFAULT NULL,
  `field_body` text COLLATE utf8_unicode_ci,
  `field_email` text COLLATE utf8_unicode_ci,
  `field_phone` text COLLATE utf8_unicode_ci,
  `field_statement` text COLLATE utf8_unicode_ci,
  `field_sessionDate` varchar(255) COLLATE utf8_unicode_ci DEFAULT NULL,
  `field_emergencyPhone` text COLLATE utf8_unicode_ci,
  `field_paymentMethod` varchar(255) COLLATE utf8_unicode_ci DEFAULT NULL,
  `field_streetAddress1` text COLLATE utf8_unicode_ci,
  `field_streetAddress2` text COLLATE utf8_unicode_ci,
  `field_city` text COLLATE utf8_unicode_ci,
  `field_state` text COLLATE utf8_unicode_ci,
  `field_postalCode` text COLLATE utf8_unicode_ci,
  `field_foodAllergies` text COLLATE utf8_unicode_ci,
  `field_medicalConditions` text COLLATE utf8_unicode_ci,
  `field_medications` text COLLATE utf8_unicode_ci,
  `field_doubleRoom` text COLLATE utf8_unicode_ci,
  `field_travelHotelInformation` text COLLATE utf8_unicode_ci,
  `field_instrument` text COLLATE utf8_unicode_ci,
  `field_questionsConcerns` text COLLATE utf8_unicode_ci,
  `dateCreated` datetime NOT NULL,
  `dateUpdated` datetime NOT NULL,
  `uid` char(36) COLLATE utf8_unicode_ci NOT NULL DEFAULT '0',
  PRIMARY KEY (`id`),
  UNIQUE KEY `craft_content_elementId_locale_unq_idx` (`elementId`,`locale`),
  KEY `craft_content_title_idx` (`title`),
  KEY `craft_content_locale_fk` (`locale`)
) ENGINE=InnoDB AUTO_INCREMENT=104 DEFAULT CHARSET=utf8 COLLATE=utf8_unicode_ci;

--
-- Data for table `craft_content`
--

INSERT INTO `craft_content` (`id`, `elementId`, `locale`, `title`, `field_body`, `field_email`, `field_phone`, `field_statement`, `field_sessionDate`, `field_emergencyPhone`, `field_paymentMethod`, `field_streetAddress1`, `field_streetAddress2`, `field_city`, `field_state`, `field_postalCode`, `field_foodAllergies`, `field_medicalConditions`, `field_medications`, `field_doubleRoom`, `field_travelHotelInformation`, `field_instrument`, `field_questionsConcerns`, `dateCreated`, `dateUpdated`, `uid`) VALUES ('1', '1', 'en_us', NULL, NULL, NULL, NULL, NULL, NULL, NULL, NULL, NULL, NULL, NULL, NULL, NULL, NULL, NULL, NULL, NULL, NULL, NULL, NULL, '2015-01-09 03:25:54', '2015-01-17 22:02:48', '88f24c36-b8a6-4aae-aff5-bfc75aead907');
INSERT INTO `craft_content` (`id`, `elementId`, `locale`, `title`, `field_body`, `field_email`, `field_phone`, `field_statement`, `field_sessionDate`, `field_emergencyPhone`, `field_paymentMethod`, `field_streetAddress1`, `field_streetAddress2`, `field_city`, `field_state`, `field_postalCode`, `field_foodAllergies`, `field_medicalConditions`, `field_medications`, `field_doubleRoom`, `field_travelHotelInformation`, `field_instrument`, `field_questionsConcerns`, `dateCreated`, `dateUpdated`, `uid`) VALUES ('2', '2', 'en_us', 'Home', '<p>It’s true, this site doesn’t have a whole lot of content yet, but don’t worry. Our web developers have just installed the CMS, and they’re setting things up for the content editors this very moment. Soon Dar-williams.dev will be an oasis of fresh perspectives, sharp analyses, and astute opinions that will keep you coming back again and again.</p>', NULL, NULL, NULL, NULL, NULL, NULL, NULL, NULL, NULL, NULL, NULL, NULL, NULL, NULL, NULL, NULL, NULL, NULL, '2015-01-09 03:25:58', '2015-01-30 04:15:30', 'd68d558d-20da-4e69-8404-b362e8a0b148');
INSERT INTO `craft_content` (`id`, `elementId`, `locale`, `title`, `field_body`, `field_email`, `field_phone`, `field_statement`, `field_sessionDate`, `field_emergencyPhone`, `field_paymentMethod`, `field_streetAddress1`, `field_streetAddress2`, `field_city`, `field_state`, `field_postalCode`, `field_foodAllergies`, `field_medicalConditions`, `field_medications`, `field_doubleRoom`, `field_travelHotelInformation`, `field_instrument`, `field_questionsConcerns`, `dateCreated`, `dateUpdated`, `uid`) VALUES ('19', '19', 'en_us', 'This is our water front', NULL, NULL, NULL, NULL, NULL, NULL, NULL, NULL, NULL, NULL, NULL, NULL, NULL, NULL, NULL, NULL, NULL, NULL, NULL, '2015-01-14 17:11:20', '2015-01-14 17:11:20', 'b6845e25-81bf-4881-acb1-10ddcf39fd17');
INSERT INTO `craft_content` (`id`, `elementId`, `locale`, `title`, `field_body`, `field_email`, `field_phone`, `field_statement`, `field_sessionDate`, `field_emergencyPhone`, `field_paymentMethod`, `field_streetAddress1`, `field_streetAddress2`, `field_city`, `field_state`, `field_postalCode`, `field_foodAllergies`, `field_medicalConditions`, `field_medications`, `field_doubleRoom`, `field_travelHotelInformation`, `field_instrument`, `field_questionsConcerns`, `dateCreated`, `dateUpdated`, `uid`) VALUES ('20', '20', 'en_us', 'Come take a hike in our forests', NULL, NULL, NULL, NULL, NULL, NULL, NULL, NULL, NULL, NULL, NULL, NULL, NULL, NULL, NULL, NULL, NULL, NULL, NULL, '2015-01-14 17:11:40', '2015-01-14 17:11:40', '4fe784f0-f866-4366-b322-946903167db5');
INSERT INTO `craft_content` (`id`, `elementId`, `locale`, `title`, `field_body`, `field_email`, `field_phone`, `field_statement`, `field_sessionDate`, `field_emergencyPhone`, `field_paymentMethod`, `field_streetAddress1`, `field_streetAddress2`, `field_city`, `field_state`, `field_postalCode`, `field_foodAllergies`, `field_medicalConditions`, `field_medications`, `field_doubleRoom`, `field_travelHotelInformation`, `field_instrument`, `field_questionsConcerns`, `dateCreated`, `dateUpdated`, `uid`) VALUES ('21', '21', 'en_us', NULL, NULL, NULL, NULL, NULL, NULL, NULL, NULL, NULL, NULL, NULL, NULL, NULL, NULL, NULL, NULL, NULL, NULL, NULL, NULL, '2015-01-14 17:52:48', '2015-01-14 17:52:48', '1f7b9a65-1b09-4455-92e7-60cbe52995d3');
INSERT INTO `craft_content` (`id`, `elementId`, `locale`, `title`, `field_body`, `field_email`, `field_phone`, `field_statement`, `field_sessionDate`, `field_emergencyPhone`, `field_paymentMethod`, `field_streetAddress1`, `field_streetAddress2`, `field_city`, `field_state`, `field_postalCode`, `field_foodAllergies`, `field_medicalConditions`, `field_medications`, `field_doubleRoom`, `field_travelHotelInformation`, `field_instrument`, `field_questionsConcerns`, `dateCreated`, `dateUpdated`, `uid`) VALUES ('22', '22', 'en_us', 'test', NULL, '', '', '', 'June 23 - 27', '', 'Check', '', '', '', '', '', '', '', '', '', '', '', '', '2015-01-17 20:50:36', '2015-01-17 20:50:36', '5759baef-2723-4091-99ad-9c8376ff2e24');
INSERT INTO `craft_content` (`id`, `elementId`, `locale`, `title`, `field_body`, `field_email`, `field_phone`, `field_statement`, `field_sessionDate`, `field_emergencyPhone`, `field_paymentMethod`, `field_streetAddress1`, `field_streetAddress2`, `field_city`, `field_state`, `field_postalCode`, `field_foodAllergies`, `field_medicalConditions`, `field_medications`, `field_doubleRoom`, `field_travelHotelInformation`, `field_instrument`, `field_questionsConcerns`, `dateCreated`, `dateUpdated`, `uid`) VALUES ('38', '38', 'en_us', 'sdfdsfdsfsdfsdfdsfs', NULL, NULL, NULL, NULL, NULL, NULL, NULL, NULL, NULL, NULL, NULL, NULL, NULL, NULL, NULL, NULL, NULL, NULL, NULL, '2015-01-22 19:52:24', '2015-01-22 19:52:24', '96ef23ab-b056-4b4a-aa93-8018a01ce035');
INSERT INTO `craft_content` (`id`, `elementId`, `locale`, `title`, `field_body`, `field_email`, `field_phone`, `field_statement`, `field_sessionDate`, `field_emergencyPhone`, `field_paymentMethod`, `field_streetAddress1`, `field_streetAddress2`, `field_city`, `field_state`, `field_postalCode`, `field_foodAllergies`, `field_medicalConditions`, `field_medications`, `field_doubleRoom`, `field_travelHotelInformation`, `field_instrument`, `field_questionsConcerns`, `dateCreated`, `dateUpdated`, `uid`) VALUES ('44', '44', 'en_us', 'Contact', NULL, NULL, NULL, NULL, NULL, NULL, NULL, NULL, NULL, NULL, NULL, NULL, NULL, NULL, NULL, NULL, NULL, NULL, NULL, '2015-01-23 00:12:17', '2015-01-23 00:12:17', 'dbd9bca0-118b-4dbb-a9d6-60c787ca7c0a');
INSERT INTO `craft_content` (`id`, `elementId`, `locale`, `title`, `field_body`, `field_email`, `field_phone`, `field_statement`, `field_sessionDate`, `field_emergencyPhone`, `field_paymentMethod`, `field_streetAddress1`, `field_streetAddress2`, `field_city`, `field_state`, `field_postalCode`, `field_foodAllergies`, `field_medicalConditions`, `field_medications`, `field_doubleRoom`, `field_travelHotelInformation`, `field_instrument`, `field_questionsConcerns`, `dateCreated`, `dateUpdated`, `uid`) VALUES ('45', '45', 'en_us', 'About', NULL, NULL, NULL, NULL, NULL, NULL, NULL, NULL, NULL, NULL, NULL, NULL, NULL, NULL, NULL, NULL, NULL, NULL, NULL, '2015-01-23 00:57:27', '2015-01-23 00:57:27', 'c847648f-7694-4242-bfa6-da61a6541173');
INSERT INTO `craft_content` (`id`, `elementId`, `locale`, `title`, `field_body`, `field_email`, `field_phone`, `field_statement`, `field_sessionDate`, `field_emergencyPhone`, `field_paymentMethod`, `field_streetAddress1`, `field_streetAddress2`, `field_city`, `field_state`, `field_postalCode`, `field_foodAllergies`, `field_medicalConditions`, `field_medications`, `field_doubleRoom`, `field_travelHotelInformation`, `field_instrument`, `field_questionsConcerns`, `dateCreated`, `dateUpdated`, `uid`) VALUES ('46', '47', 'en_us', 'url-1', NULL, NULL, NULL, NULL, NULL, NULL, NULL, NULL, NULL, NULL, NULL, NULL, NULL, NULL, NULL, NULL, NULL, NULL, NULL, '2015-01-23 01:36:22', '2015-01-23 01:36:22', 'c49a2410-baff-4e9c-aedd-2922ebaf3e9d');
INSERT INTO `craft_content` (`id`, `elementId`, `locale`, `title`, `field_body`, `field_email`, `field_phone`, `field_statement`, `field_sessionDate`, `field_emergencyPhone`, `field_paymentMethod`, `field_streetAddress1`, `field_streetAddress2`, `field_city`, `field_state`, `field_postalCode`, `field_foodAllergies`, `field_medicalConditions`, `field_medications`, `field_doubleRoom`, `field_travelHotelInformation`, `field_instrument`, `field_questionsConcerns`, `dateCreated`, `dateUpdated`, `uid`) VALUES ('47', '48', 'en_us', 'url-2', NULL, NULL, NULL, NULL, NULL, NULL, NULL, NULL, NULL, NULL, NULL, NULL, NULL, NULL, NULL, NULL, NULL, NULL, NULL, '2015-01-23 01:41:42', '2015-01-23 01:41:42', '6dd9132c-17e3-41a2-bdf0-01daa9841b21');
INSERT INTO `craft_content` (`id`, `elementId`, `locale`, `title`, `field_body`, `field_email`, `field_phone`, `field_statement`, `field_sessionDate`, `field_emergencyPhone`, `field_paymentMethod`, `field_streetAddress1`, `field_streetAddress2`, `field_city`, `field_state`, `field_postalCode`, `field_foodAllergies`, `field_medicalConditions`, `field_medications`, `field_doubleRoom`, `field_travelHotelInformation`, `field_instrument`, `field_questionsConcerns`, `dateCreated`, `dateUpdated`, `uid`) VALUES ('48', '49', 'en_us', NULL, NULL, NULL, NULL, NULL, NULL, NULL, NULL, NULL, NULL, NULL, NULL, NULL, NULL, NULL, NULL, NULL, NULL, NULL, NULL, '2015-01-23 01:49:15', '2015-01-23 01:49:37', 'ba28dd32-120e-42d5-b288-93c1867c14d6');
INSERT INTO `craft_content` (`id`, `elementId`, `locale`, `title`, `field_body`, `field_email`, `field_phone`, `field_statement`, `field_sessionDate`, `field_emergencyPhone`, `field_paymentMethod`, `field_streetAddress1`, `field_streetAddress2`, `field_city`, `field_state`, `field_postalCode`, `field_foodAllergies`, `field_medicalConditions`, `field_medications`, `field_doubleRoom`, `field_travelHotelInformation`, `field_instrument`, `field_questionsConcerns`, `dateCreated`, `dateUpdated`, `uid`) VALUES ('51', '52', 'en_us', 'dar', NULL, NULL, NULL, NULL, NULL, NULL, NULL, NULL, NULL, NULL, NULL, NULL, NULL, NULL, NULL, NULL, NULL, NULL, NULL, '2015-01-28 03:33:49', '2015-01-28 03:33:49', 'f608b076-d89d-4d6a-84e5-af7d3bc69700');
INSERT INTO `craft_content` (`id`, `elementId`, `locale`, `title`, `field_body`, `field_email`, `field_phone`, `field_statement`, `field_sessionDate`, `field_emergencyPhone`, `field_paymentMethod`, `field_streetAddress1`, `field_streetAddress2`, `field_city`, `field_state`, `field_postalCode`, `field_foodAllergies`, `field_medicalConditions`, `field_medications`, `field_doubleRoom`, `field_travelHotelInformation`, `field_instrument`, `field_questionsConcerns`, `dateCreated`, `dateUpdated`, `uid`) VALUES ('52', '53', 'en_us', 'images 1', NULL, NULL, NULL, NULL, NULL, NULL, NULL, NULL, NULL, NULL, NULL, NULL, NULL, NULL, NULL, NULL, NULL, NULL, NULL, '2015-01-28 03:41:07', '2015-01-28 03:41:07', '364e5a1b-a234-4acd-965f-1ff42199631c');
INSERT INTO `craft_content` (`id`, `elementId`, `locale`, `title`, `field_body`, `field_email`, `field_phone`, `field_statement`, `field_sessionDate`, `field_emergencyPhone`, `field_paymentMethod`, `field_streetAddress1`, `field_streetAddress2`, `field_city`, `field_state`, `field_postalCode`, `field_foodAllergies`, `field_medicalConditions`, `field_medications`, `field_doubleRoom`, `field_travelHotelInformation`, `field_instrument`, `field_questionsConcerns`, `dateCreated`, `dateUpdated`, `uid`) VALUES ('53', '54', 'en_us', 'MondayJam03', NULL, NULL, NULL, NULL, NULL, NULL, NULL, NULL, NULL, NULL, NULL, NULL, NULL, NULL, NULL, NULL, NULL, NULL, NULL, '2015-01-28 03:41:34', '2015-01-28 03:41:34', 'd8dd5e2e-a8b2-4006-8e96-a24deabe8541');
INSERT INTO `craft_content` (`id`, `elementId`, `locale`, `title`, `field_body`, `field_email`, `field_phone`, `field_statement`, `field_sessionDate`, `field_emergencyPhone`, `field_paymentMethod`, `field_streetAddress1`, `field_streetAddress2`, `field_city`, `field_state`, `field_postalCode`, `field_foodAllergies`, `field_medicalConditions`, `field_medications`, `field_doubleRoom`, `field_travelHotelInformation`, `field_instrument`, `field_questionsConcerns`, `dateCreated`, `dateUpdated`, `uid`) VALUES ('54', '55', 'en_us', 'depositphotos 8066722-colorful-abstract-hand-drawn-pattern-waves-background', NULL, NULL, NULL, NULL, NULL, NULL, NULL, NULL, NULL, NULL, NULL, NULL, NULL, NULL, NULL, NULL, NULL, NULL, NULL, '2015-01-28 05:08:35', '2015-01-28 05:08:35', 'f378a159-9133-4b32-9a54-d0dbd5d3fa35');
INSERT INTO `craft_content` (`id`, `elementId`, `locale`, `title`, `field_body`, `field_email`, `field_phone`, `field_statement`, `field_sessionDate`, `field_emergencyPhone`, `field_paymentMethod`, `field_streetAddress1`, `field_streetAddress2`, `field_city`, `field_state`, `field_postalCode`, `field_foodAllergies`, `field_medicalConditions`, `field_medications`, `field_doubleRoom`, `field_travelHotelInformation`, `field_instrument`, `field_questionsConcerns`, `dateCreated`, `dateUpdated`, `uid`) VALUES ('55', '57', 'en_us', '14811 10152190694115200 721199229 n', NULL, NULL, NULL, NULL, NULL, NULL, NULL, NULL, NULL, NULL, NULL, NULL, NULL, NULL, NULL, NULL, NULL, NULL, NULL, '2015-01-28 17:35:23', '2015-01-28 17:35:23', '37e6d1a2-0bbe-482b-b809-b293a650d69f');
INSERT INTO `craft_content` (`id`, `elementId`, `locale`, `title`, `field_body`, `field_email`, `field_phone`, `field_statement`, `field_sessionDate`, `field_emergencyPhone`, `field_paymentMethod`, `field_streetAddress1`, `field_streetAddress2`, `field_city`, `field_state`, `field_postalCode`, `field_foodAllergies`, `field_medicalConditions`, `field_medications`, `field_doubleRoom`, `field_travelHotelInformation`, `field_instrument`, `field_questionsConcerns`, `dateCreated`, `dateUpdated`, `uid`) VALUES ('56', '58', 'en_us', '8621 10152190693450200 1147085211 n', NULL, NULL, NULL, NULL, NULL, NULL, NULL, NULL, NULL, NULL, NULL, NULL, NULL, NULL, NULL, NULL, NULL, NULL, NULL, '2015-01-28 17:35:24', '2015-01-28 17:35:24', 'bc7756ad-63ef-42c0-b131-474f597f4420');
INSERT INTO `craft_content` (`id`, `elementId`, `locale`, `title`, `field_body`, `field_email`, `field_phone`, `field_statement`, `field_sessionDate`, `field_emergencyPhone`, `field_paymentMethod`, `field_streetAddress1`, `field_streetAddress2`, `field_city`, `field_state`, `field_postalCode`, `field_foodAllergies`, `field_medicalConditions`, `field_medications`, `field_doubleRoom`, `field_travelHotelInformation`, `field_instrument`, `field_questionsConcerns`, `dateCreated`, `dateUpdated`, `uid`) VALUES ('57', '59', 'en_us', '20196 10152190693390200 1718773028 n', NULL, NULL, NULL, NULL, NULL, NULL, NULL, NULL, NULL, NULL, NULL, NULL, NULL, NULL, NULL, NULL, NULL, NULL, NULL, '2015-01-28 17:35:25', '2015-01-28 17:35:25', '514346f1-7e52-4947-aee7-fac2b821f9f5');
INSERT INTO `craft_content` (`id`, `elementId`, `locale`, `title`, `field_body`, `field_email`, `field_phone`, `field_statement`, `field_sessionDate`, `field_emergencyPhone`, `field_paymentMethod`, `field_streetAddress1`, `field_streetAddress2`, `field_city`, `field_state`, `field_postalCode`, `field_foodAllergies`, `field_medicalConditions`, `field_medications`, `field_doubleRoom`, `field_travelHotelInformation`, `field_instrument`, `field_questionsConcerns`, `dateCreated`, `dateUpdated`, `uid`) VALUES ('58', '60', 'en_us', '64314 10152195874265200 1573639032 n', NULL, NULL, NULL, NULL, NULL, NULL, NULL, NULL, NULL, NULL, NULL, NULL, NULL, NULL, NULL, NULL, NULL, NULL, NULL, '2015-01-28 17:35:26', '2015-01-28 17:35:26', 'cb20f704-def6-4774-bdf8-980e78309a1d');
INSERT INTO `craft_content` (`id`, `elementId`, `locale`, `title`, `field_body`, `field_email`, `field_phone`, `field_statement`, `field_sessionDate`, `field_emergencyPhone`, `field_paymentMethod`, `field_streetAddress1`, `field_streetAddress2`, `field_city`, `field_state`, `field_postalCode`, `field_foodAllergies`, `field_medicalConditions`, `field_medications`, `field_doubleRoom`, `field_travelHotelInformation`, `field_instrument`, `field_questionsConcerns`, `dateCreated`, `dateUpdated`, `uid`) VALUES ('59', '61', 'en_us', '999878 10152198745200200 1618984292 n', NULL, NULL, NULL, NULL, NULL, NULL, NULL, NULL, NULL, NULL, NULL, NULL, NULL, NULL, NULL, NULL, NULL, NULL, NULL, '2015-01-28 17:35:27', '2015-01-28 17:35:27', '4fe1d9f7-4ecb-4174-aee6-f5a7728723b7');
INSERT INTO `craft_content` (`id`, `elementId`, `locale`, `title`, `field_body`, `field_email`, `field_phone`, `field_statement`, `field_sessionDate`, `field_emergencyPhone`, `field_paymentMethod`, `field_streetAddress1`, `field_streetAddress2`, `field_city`, `field_state`, `field_postalCode`, `field_foodAllergies`, `field_medicalConditions`, `field_medications`, `field_doubleRoom`, `field_travelHotelInformation`, `field_instrument`, `field_questionsConcerns`, `dateCreated`, `dateUpdated`, `uid`) VALUES ('60', '62', 'en_us', '1004824 10152198745220200 590428424 n', NULL, NULL, NULL, NULL, NULL, NULL, NULL, NULL, NULL, NULL, NULL, NULL, NULL, NULL, NULL, NULL, NULL, NULL, NULL, '2015-01-28 17:35:27', '2015-01-28 17:35:27', '25ad4518-5e8f-44e9-a6d4-b740ec250688');
INSERT INTO `craft_content` (`id`, `elementId`, `locale`, `title`, `field_body`, `field_email`, `field_phone`, `field_statement`, `field_sessionDate`, `field_emergencyPhone`, `field_paymentMethod`, `field_streetAddress1`, `field_streetAddress2`, `field_city`, `field_state`, `field_postalCode`, `field_foodAllergies`, `field_medicalConditions`, `field_medications`, `field_doubleRoom`, `field_travelHotelInformation`, `field_instrument`, `field_questionsConcerns`, `dateCreated`, `dateUpdated`, `uid`) VALUES ('61', '63', 'en_us', '1003034 10152198744515200 1730256244 n 2', NULL, NULL, NULL, NULL, NULL, NULL, NULL, NULL, NULL, NULL, NULL, NULL, NULL, NULL, NULL, NULL, NULL, NULL, NULL, '2015-01-28 17:35:32', '2015-01-28 17:35:32', 'dbb0a648-e2e5-4f4f-9b2b-ab289c3da526');
INSERT INTO `craft_content` (`id`, `elementId`, `locale`, `title`, `field_body`, `field_email`, `field_phone`, `field_statement`, `field_sessionDate`, `field_emergencyPhone`, `field_paymentMethod`, `field_streetAddress1`, `field_streetAddress2`, `field_city`, `field_state`, `field_postalCode`, `field_foodAllergies`, `field_medicalConditions`, `field_medications`, `field_doubleRoom`, `field_travelHotelInformation`, `field_instrument`, `field_questionsConcerns`, `dateCreated`, `dateUpdated`, `uid`) VALUES ('62', '64', 'en_us', 'IMG 4106', NULL, NULL, NULL, NULL, NULL, NULL, NULL, NULL, NULL, NULL, NULL, NULL, NULL, NULL, NULL, NULL, NULL, NULL, NULL, '2015-01-28 17:35:33', '2015-01-28 17:35:33', 'd22769a4-d705-4bc8-8a0a-56fee3220cef');
INSERT INTO `craft_content` (`id`, `elementId`, `locale`, `title`, `field_body`, `field_email`, `field_phone`, `field_statement`, `field_sessionDate`, `field_emergencyPhone`, `field_paymentMethod`, `field_streetAddress1`, `field_streetAddress2`, `field_city`, `field_state`, `field_postalCode`, `field_foodAllergies`, `field_medicalConditions`, `field_medications`, `field_doubleRoom`, `field_travelHotelInformation`, `field_instrument`, `field_questionsConcerns`, `dateCreated`, `dateUpdated`, `uid`) VALUES ('63', '65', 'en_us', 'IMG 4119-Version-2', NULL, NULL, NULL, NULL, NULL, NULL, NULL, NULL, NULL, NULL, NULL, NULL, NULL, NULL, NULL, NULL, NULL, NULL, NULL, '2015-01-28 17:35:34', '2015-01-28 17:35:34', '49ebf215-e9cf-41b9-a748-444a0b950726');
INSERT INTO `craft_content` (`id`, `elementId`, `locale`, `title`, `field_body`, `field_email`, `field_phone`, `field_statement`, `field_sessionDate`, `field_emergencyPhone`, `field_paymentMethod`, `field_streetAddress1`, `field_streetAddress2`, `field_city`, `field_state`, `field_postalCode`, `field_foodAllergies`, `field_medicalConditions`, `field_medications`, `field_doubleRoom`, `field_travelHotelInformation`, `field_instrument`, `field_questionsConcerns`, `dateCreated`, `dateUpdated`, `uid`) VALUES ('64', '66', 'en_us', 'IMG 4121 2', NULL, NULL, NULL, NULL, NULL, NULL, NULL, NULL, NULL, NULL, NULL, NULL, NULL, NULL, NULL, NULL, NULL, NULL, NULL, '2015-01-28 17:35:34', '2015-01-28 17:39:19', 'fc9217f9-96d5-45ee-9dae-b103170feb45');
INSERT INTO `craft_content` (`id`, `elementId`, `locale`, `title`, `field_body`, `field_email`, `field_phone`, `field_statement`, `field_sessionDate`, `field_emergencyPhone`, `field_paymentMethod`, `field_streetAddress1`, `field_streetAddress2`, `field_city`, `field_state`, `field_postalCode`, `field_foodAllergies`, `field_medicalConditions`, `field_medications`, `field_doubleRoom`, `field_travelHotelInformation`, `field_instrument`, `field_questionsConcerns`, `dateCreated`, `dateUpdated`, `uid`) VALUES ('65', '67', 'en_us', 'IMG 4532', NULL, NULL, NULL, NULL, NULL, NULL, NULL, NULL, NULL, NULL, NULL, NULL, NULL, NULL, NULL, NULL, NULL, NULL, NULL, '2015-01-28 17:35:35', '2015-01-28 17:35:35', 'd6da8256-1eba-4553-a669-dfda9a6e04e1');
INSERT INTO `craft_content` (`id`, `elementId`, `locale`, `title`, `field_body`, `field_email`, `field_phone`, `field_statement`, `field_sessionDate`, `field_emergencyPhone`, `field_paymentMethod`, `field_streetAddress1`, `field_streetAddress2`, `field_city`, `field_state`, `field_postalCode`, `field_foodAllergies`, `field_medicalConditions`, `field_medications`, `field_doubleRoom`, `field_travelHotelInformation`, `field_instrument`, `field_questionsConcerns`, `dateCreated`, `dateUpdated`, `uid`) VALUES ('66', '68', 'en_us', 'IMG 4576', NULL, NULL, NULL, NULL, NULL, NULL, NULL, NULL, NULL, NULL, NULL, NULL, NULL, NULL, NULL, NULL, NULL, NULL, NULL, '2015-01-28 17:35:36', '2015-01-28 17:35:36', 'deeb79b3-e782-481e-9757-c87dbefea643');
INSERT INTO `craft_content` (`id`, `elementId`, `locale`, `title`, `field_body`, `field_email`, `field_phone`, `field_statement`, `field_sessionDate`, `field_emergencyPhone`, `field_paymentMethod`, `field_streetAddress1`, `field_streetAddress2`, `field_city`, `field_state`, `field_postalCode`, `field_foodAllergies`, `field_medicalConditions`, `field_medications`, `field_doubleRoom`, `field_travelHotelInformation`, `field_instrument`, `field_questionsConcerns`, `dateCreated`, `dateUpdated`, `uid`) VALUES ('67', '69', 'en_us', 'IMG 5159', NULL, NULL, NULL, NULL, NULL, NULL, NULL, NULL, NULL, NULL, NULL, NULL, NULL, NULL, NULL, NULL, NULL, NULL, NULL, '2015-01-28 17:35:36', '2015-01-28 17:35:36', '3626b739-d2dd-4a50-8e86-9667b3691001');
INSERT INTO `craft_content` (`id`, `elementId`, `locale`, `title`, `field_body`, `field_email`, `field_phone`, `field_statement`, `field_sessionDate`, `field_emergencyPhone`, `field_paymentMethod`, `field_streetAddress1`, `field_streetAddress2`, `field_city`, `field_state`, `field_postalCode`, `field_foodAllergies`, `field_medicalConditions`, `field_medications`, `field_doubleRoom`, `field_travelHotelInformation`, `field_instrument`, `field_questionsConcerns`, `dateCreated`, `dateUpdated`, `uid`) VALUES ('68', '70', 'en_us', 'P1020201', NULL, NULL, NULL, NULL, NULL, NULL, NULL, NULL, NULL, NULL, NULL, NULL, NULL, NULL, NULL, NULL, NULL, NULL, NULL, '2015-01-28 17:35:37', '2015-01-28 17:35:37', '811b8e4f-a76e-4920-8fa7-bd45b750c75b');
INSERT INTO `craft_content` (`id`, `elementId`, `locale`, `title`, `field_body`, `field_email`, `field_phone`, `field_statement`, `field_sessionDate`, `field_emergencyPhone`, `field_paymentMethod`, `field_streetAddress1`, `field_streetAddress2`, `field_city`, `field_state`, `field_postalCode`, `field_foodAllergies`, `field_medicalConditions`, `field_medications`, `field_doubleRoom`, `field_travelHotelInformation`, `field_instrument`, `field_questionsConcerns`, `dateCreated`, `dateUpdated`, `uid`) VALUES ('69', '71', 'en_us', 'photo 27', NULL, NULL, NULL, NULL, NULL, NULL, NULL, NULL, NULL, NULL, NULL, NULL, NULL, NULL, NULL, NULL, NULL, NULL, NULL, '2015-01-28 17:35:38', '2015-01-28 17:35:38', '68e49ea1-cdc5-4fcb-a4c0-25256ab84b85');
INSERT INTO `craft_content` (`id`, `elementId`, `locale`, `title`, `field_body`, `field_email`, `field_phone`, `field_statement`, `field_sessionDate`, `field_emergencyPhone`, `field_paymentMethod`, `field_streetAddress1`, `field_streetAddress2`, `field_city`, `field_state`, `field_postalCode`, `field_foodAllergies`, `field_medicalConditions`, `field_medications`, `field_doubleRoom`, `field_travelHotelInformation`, `field_instrument`, `field_questionsConcerns`, `dateCreated`, `dateUpdated`, `uid`) VALUES ('70', '72', 'en_us', 'DO NOT DELETE', '', '', '', NULL, 'June 23 - 27', NULL, NULL, NULL, NULL, NULL, NULL, NULL, NULL, NULL, NULL, NULL, NULL, NULL, NULL, '2015-01-28 17:37:11', '2015-01-30 04:18:32', '10735e4f-6043-4d4d-b2d8-f4a8484c3fc9');
INSERT INTO `craft_content` (`id`, `elementId`, `locale`, `title`, `field_body`, `field_email`, `field_phone`, `field_statement`, `field_sessionDate`, `field_emergencyPhone`, `field_paymentMethod`, `field_streetAddress1`, `field_streetAddress2`, `field_city`, `field_state`, `field_postalCode`, `field_foodAllergies`, `field_medicalConditions`, `field_medications`, `field_doubleRoom`, `field_travelHotelInformation`, `field_instrument`, `field_questionsConcerns`, `dateCreated`, `dateUpdated`, `uid`) VALUES ('72', '74', 'en_us', 'francesca-lia-block-quote', NULL, NULL, NULL, NULL, NULL, NULL, NULL, NULL, NULL, NULL, NULL, NULL, NULL, NULL, NULL, NULL, NULL, NULL, NULL, '2015-01-28 17:40:05', '2015-01-28 17:40:05', '144a42a5-6acd-43e3-9c3c-97fda0230464');
INSERT INTO `craft_content` (`id`, `elementId`, `locale`, `title`, `field_body`, `field_email`, `field_phone`, `field_statement`, `field_sessionDate`, `field_emergencyPhone`, `field_paymentMethod`, `field_streetAddress1`, `field_streetAddress2`, `field_city`, `field_state`, `field_postalCode`, `field_foodAllergies`, `field_medicalConditions`, `field_medications`, `field_doubleRoom`, `field_travelHotelInformation`, `field_instrument`, `field_questionsConcerns`, `dateCreated`, `dateUpdated`, `uid`) VALUES ('73', '75', 'en_us', 'unnamed-1', NULL, NULL, NULL, NULL, NULL, NULL, NULL, NULL, NULL, NULL, NULL, NULL, NULL, NULL, NULL, NULL, NULL, NULL, NULL, '2015-01-29 22:38:54', '2015-01-30 04:05:09', '6a4d47b5-020f-460a-9dcd-54725851de44');
INSERT INTO `craft_content` (`id`, `elementId`, `locale`, `title`, `field_body`, `field_email`, `field_phone`, `field_statement`, `field_sessionDate`, `field_emergencyPhone`, `field_paymentMethod`, `field_streetAddress1`, `field_streetAddress2`, `field_city`, `field_state`, `field_postalCode`, `field_foodAllergies`, `field_medicalConditions`, `field_medications`, `field_doubleRoom`, `field_travelHotelInformation`, `field_instrument`, `field_questionsConcerns`, `dateCreated`, `dateUpdated`, `uid`) VALUES ('74', '76', 'en_us', 'unnamed-5', NULL, NULL, NULL, NULL, NULL, NULL, NULL, NULL, NULL, NULL, NULL, NULL, NULL, NULL, NULL, NULL, NULL, NULL, NULL, '2015-01-29 22:39:40', '2015-01-29 22:39:40', '44984852-1c64-4006-b86e-2f84702d843c');
INSERT INTO `craft_content` (`id`, `elementId`, `locale`, `title`, `field_body`, `field_email`, `field_phone`, `field_statement`, `field_sessionDate`, `field_emergencyPhone`, `field_paymentMethod`, `field_streetAddress1`, `field_streetAddress2`, `field_city`, `field_state`, `field_postalCode`, `field_foodAllergies`, `field_medicalConditions`, `field_medications`, `field_doubleRoom`, `field_travelHotelInformation`, `field_instrument`, `field_questionsConcerns`, `dateCreated`, `dateUpdated`, `uid`) VALUES ('75', '77', 'en_us', 'unnamed-4', NULL, NULL, NULL, NULL, NULL, NULL, NULL, NULL, NULL, NULL, NULL, NULL, NULL, NULL, NULL, NULL, NULL, NULL, NULL, '2015-01-29 22:40:23', '2015-01-29 22:40:23', 'ad854c78-048f-4fab-a220-6e8d3daeb113');
INSERT INTO `craft_content` (`id`, `elementId`, `locale`, `title`, `field_body`, `field_email`, `field_phone`, `field_statement`, `field_sessionDate`, `field_emergencyPhone`, `field_paymentMethod`, `field_streetAddress1`, `field_streetAddress2`, `field_city`, `field_state`, `field_postalCode`, `field_foodAllergies`, `field_medicalConditions`, `field_medications`, `field_doubleRoom`, `field_travelHotelInformation`, `field_instrument`, `field_questionsConcerns`, `dateCreated`, `dateUpdated`, `uid`) VALUES ('76', '78', 'en_us', 'unnamed-3', NULL, NULL, NULL, NULL, NULL, NULL, NULL, NULL, NULL, NULL, NULL, NULL, NULL, NULL, NULL, NULL, NULL, NULL, NULL, '2015-01-29 22:40:41', '2015-01-29 22:40:41', '072420d7-b601-43a2-8e8c-bcef58cad434');
INSERT INTO `craft_content` (`id`, `elementId`, `locale`, `title`, `field_body`, `field_email`, `field_phone`, `field_statement`, `field_sessionDate`, `field_emergencyPhone`, `field_paymentMethod`, `field_streetAddress1`, `field_streetAddress2`, `field_city`, `field_state`, `field_postalCode`, `field_foodAllergies`, `field_medicalConditions`, `field_medications`, `field_doubleRoom`, `field_travelHotelInformation`, `field_instrument`, `field_questionsConcerns`, `dateCreated`, `dateUpdated`, `uid`) VALUES ('77', '79', 'en_us', 'unnamed-7', NULL, NULL, NULL, NULL, NULL, NULL, NULL, NULL, NULL, NULL, NULL, NULL, NULL, NULL, NULL, NULL, NULL, NULL, NULL, '2015-01-29 22:41:57', '2015-01-29 22:41:57', '7a3240b6-9c87-436d-b3e5-bf9a811faf57');
INSERT INTO `craft_content` (`id`, `elementId`, `locale`, `title`, `field_body`, `field_email`, `field_phone`, `field_statement`, `field_sessionDate`, `field_emergencyPhone`, `field_paymentMethod`, `field_streetAddress1`, `field_streetAddress2`, `field_city`, `field_state`, `field_postalCode`, `field_foodAllergies`, `field_medicalConditions`, `field_medications`, `field_doubleRoom`, `field_travelHotelInformation`, `field_instrument`, `field_questionsConcerns`, `dateCreated`, `dateUpdated`, `uid`) VALUES ('78', '80', 'en_us', 'unnamed', NULL, NULL, NULL, NULL, NULL, NULL, NULL, NULL, NULL, NULL, NULL, NULL, NULL, NULL, NULL, NULL, NULL, NULL, NULL, '2015-01-29 22:42:52', '2015-01-29 22:42:52', 'c8c29b37-b590-4010-9aad-135c378907d0');
INSERT INTO `craft_content` (`id`, `elementId`, `locale`, `title`, `field_body`, `field_email`, `field_phone`, `field_statement`, `field_sessionDate`, `field_emergencyPhone`, `field_paymentMethod`, `field_streetAddress1`, `field_streetAddress2`, `field_city`, `field_state`, `field_postalCode`, `field_foodAllergies`, `field_medicalConditions`, `field_medications`, `field_doubleRoom`, `field_travelHotelInformation`, `field_instrument`, `field_questionsConcerns`, `dateCreated`, `dateUpdated`, `uid`) VALUES ('79', '81', 'en_us', 'large', NULL, NULL, NULL, NULL, NULL, NULL, NULL, NULL, NULL, NULL, NULL, NULL, NULL, NULL, NULL, NULL, NULL, NULL, NULL, '2015-01-29 23:34:15', '2015-01-29 23:36:52', 'e6dc2660-aa68-4d96-853a-908aa7f3ce4c');
INSERT INTO `craft_content` (`id`, `elementId`, `locale`, `title`, `field_body`, `field_email`, `field_phone`, `field_statement`, `field_sessionDate`, `field_emergencyPhone`, `field_paymentMethod`, `field_streetAddress1`, `field_streetAddress2`, `field_city`, `field_state`, `field_postalCode`, `field_foodAllergies`, `field_medicalConditions`, `field_medications`, `field_doubleRoom`, `field_travelHotelInformation`, `field_instrument`, `field_questionsConcerns`, `dateCreated`, `dateUpdated`, `uid`) VALUES ('81', '83', 'en_us', 'photo', NULL, NULL, NULL, NULL, NULL, NULL, NULL, NULL, NULL, NULL, NULL, NULL, NULL, NULL, NULL, NULL, NULL, NULL, NULL, '2015-01-29 23:42:17', '2015-01-29 23:42:17', 'f698d98f-f2a1-40ec-86df-d4867d1d12ed');
INSERT INTO `craft_content` (`id`, `elementId`, `locale`, `title`, `field_body`, `field_email`, `field_phone`, `field_statement`, `field_sessionDate`, `field_emergencyPhone`, `field_paymentMethod`, `field_streetAddress1`, `field_streetAddress2`, `field_city`, `field_state`, `field_postalCode`, `field_foodAllergies`, `field_medicalConditions`, `field_medications`, `field_doubleRoom`, `field_travelHotelInformation`, `field_instrument`, `field_questionsConcerns`, `dateCreated`, `dateUpdated`, `uid`) VALUES ('82', '84', 'en_us', 'quote1', NULL, NULL, NULL, NULL, NULL, NULL, NULL, NULL, NULL, NULL, NULL, NULL, NULL, NULL, NULL, NULL, NULL, NULL, NULL, '2015-01-29 23:43:29', '2015-01-29 23:43:29', '7253c7e5-e699-4baf-8772-7f77f864c51d');
INSERT INTO `craft_content` (`id`, `elementId`, `locale`, `title`, `field_body`, `field_email`, `field_phone`, `field_statement`, `field_sessionDate`, `field_emergencyPhone`, `field_paymentMethod`, `field_streetAddress1`, `field_streetAddress2`, `field_city`, `field_state`, `field_postalCode`, `field_foodAllergies`, `field_medicalConditions`, `field_medications`, `field_doubleRoom`, `field_travelHotelInformation`, `field_instrument`, `field_questionsConcerns`, `dateCreated`, `dateUpdated`, `uid`) VALUES ('83', '85', 'en_us', 'dar', NULL, NULL, NULL, NULL, NULL, NULL, NULL, NULL, NULL, NULL, NULL, NULL, NULL, NULL, NULL, NULL, NULL, NULL, NULL, '2015-01-29 23:46:27', '2015-01-29 23:57:14', '2864deeb-7753-4cd2-ab71-9d5b3a3b40b5');
INSERT INTO `craft_content` (`id`, `elementId`, `locale`, `title`, `field_body`, `field_email`, `field_phone`, `field_statement`, `field_sessionDate`, `field_emergencyPhone`, `field_paymentMethod`, `field_streetAddress1`, `field_streetAddress2`, `field_city`, `field_state`, `field_postalCode`, `field_foodAllergies`, `field_medicalConditions`, `field_medications`, `field_doubleRoom`, `field_travelHotelInformation`, `field_instrument`, `field_questionsConcerns`, `dateCreated`, `dateUpdated`, `uid`) VALUES ('84', '86', 'en_us', 'hudsonx3', NULL, NULL, NULL, NULL, NULL, NULL, NULL, NULL, NULL, NULL, NULL, NULL, NULL, NULL, NULL, NULL, NULL, NULL, NULL, '2015-01-29 23:47:11', '2015-01-29 23:48:56', '46e3e439-1f2f-4bfd-9a1f-d318d87bf4d7');
INSERT INTO `craft_content` (`id`, `elementId`, `locale`, `title`, `field_body`, `field_email`, `field_phone`, `field_statement`, `field_sessionDate`, `field_emergencyPhone`, `field_paymentMethod`, `field_streetAddress1`, `field_streetAddress2`, `field_city`, `field_state`, `field_postalCode`, `field_foodAllergies`, `field_medicalConditions`, `field_medications`, `field_doubleRoom`, `field_travelHotelInformation`, `field_instrument`, `field_questionsConcerns`, `dateCreated`, `dateUpdated`, `uid`) VALUES ('86', '88', 'en_us', 'quote2', NULL, NULL, NULL, NULL, NULL, NULL, NULL, NULL, NULL, NULL, NULL, NULL, NULL, NULL, NULL, NULL, NULL, NULL, NULL, '2015-01-29 23:51:28', '2015-01-29 23:51:28', '808e88b1-2eb4-442e-935f-db76be70f5f1');
INSERT INTO `craft_content` (`id`, `elementId`, `locale`, `title`, `field_body`, `field_email`, `field_phone`, `field_statement`, `field_sessionDate`, `field_emergencyPhone`, `field_paymentMethod`, `field_streetAddress1`, `field_streetAddress2`, `field_city`, `field_state`, `field_postalCode`, `field_foodAllergies`, `field_medicalConditions`, `field_medications`, `field_doubleRoom`, `field_travelHotelInformation`, `field_instrument`, `field_questionsConcerns`, `dateCreated`, `dateUpdated`, `uid`) VALUES ('87', '89', 'en_us', 'pattern-home@2x', NULL, NULL, NULL, NULL, NULL, NULL, NULL, NULL, NULL, NULL, NULL, NULL, NULL, NULL, NULL, NULL, NULL, NULL, NULL, '2015-01-30 03:45:54', '2015-01-30 03:45:54', 'ce602d1c-354f-4df9-9eae-c75d99749d2d');
INSERT INTO `craft_content` (`id`, `elementId`, `locale`, `title`, `field_body`, `field_email`, `field_phone`, `field_statement`, `field_sessionDate`, `field_emergencyPhone`, `field_paymentMethod`, `field_streetAddress1`, `field_streetAddress2`, `field_city`, `field_state`, `field_postalCode`, `field_foodAllergies`, `field_medicalConditions`, `field_medications`, `field_doubleRoom`, `field_travelHotelInformation`, `field_instrument`, `field_questionsConcerns`, `dateCreated`, `dateUpdated`, `uid`) VALUES ('89', '91', 'en_us', 'unnamed-1 1', NULL, NULL, NULL, NULL, NULL, NULL, NULL, NULL, NULL, NULL, NULL, NULL, NULL, NULL, NULL, NULL, NULL, NULL, NULL, '2015-01-30 04:05:32', '2015-01-30 04:05:32', 'ef55b074-17c6-42b0-a982-0e9e4ae2985f');
INSERT INTO `craft_content` (`id`, `elementId`, `locale`, `title`, `field_body`, `field_email`, `field_phone`, `field_statement`, `field_sessionDate`, `field_emergencyPhone`, `field_paymentMethod`, `field_streetAddress1`, `field_streetAddress2`, `field_city`, `field_state`, `field_postalCode`, `field_foodAllergies`, `field_medicalConditions`, `field_medications`, `field_doubleRoom`, `field_travelHotelInformation`, `field_instrument`, `field_questionsConcerns`, `dateCreated`, `dateUpdated`, `uid`) VALUES ('90', '92', 'en_us', 'unnamed-2', NULL, NULL, NULL, NULL, NULL, NULL, NULL, NULL, NULL, NULL, NULL, NULL, NULL, NULL, NULL, NULL, NULL, NULL, NULL, '2015-01-30 04:06:14', '2015-01-30 04:06:14', 'db1fb0b0-7f86-4727-8f8d-ca6b2c24ba06');
INSERT INTO `craft_content` (`id`, `elementId`, `locale`, `title`, `field_body`, `field_email`, `field_phone`, `field_statement`, `field_sessionDate`, `field_emergencyPhone`, `field_paymentMethod`, `field_streetAddress1`, `field_streetAddress2`, `field_city`, `field_state`, `field_postalCode`, `field_foodAllergies`, `field_medicalConditions`, `field_medications`, `field_doubleRoom`, `field_travelHotelInformation`, `field_instrument`, `field_questionsConcerns`, `dateCreated`, `dateUpdated`, `uid`) VALUES ('91', '93', 'en_us', 'unnamed-1 2', NULL, NULL, NULL, NULL, NULL, NULL, NULL, NULL, NULL, NULL, NULL, NULL, NULL, NULL, NULL, NULL, NULL, NULL, NULL, '2015-01-30 04:06:27', '2015-01-30 04:06:27', '40c4b0e3-658b-46bd-8c52-ff7ddada5a45');
INSERT INTO `craft_content` (`id`, `elementId`, `locale`, `title`, `field_body`, `field_email`, `field_phone`, `field_statement`, `field_sessionDate`, `field_emergencyPhone`, `field_paymentMethod`, `field_streetAddress1`, `field_streetAddress2`, `field_city`, `field_state`, `field_postalCode`, `field_foodAllergies`, `field_medicalConditions`, `field_medications`, `field_doubleRoom`, `field_travelHotelInformation`, `field_instrument`, `field_questionsConcerns`, `dateCreated`, `dateUpdated`, `uid`) VALUES ('92', '94', 'en_us', 'circle@2x', NULL, NULL, NULL, NULL, NULL, NULL, NULL, NULL, NULL, NULL, NULL, NULL, NULL, NULL, NULL, NULL, NULL, NULL, NULL, '2015-01-30 04:10:04', '2015-01-30 04:10:04', 'c94c91ce-37cf-4091-b562-1a9336900cb4');
INSERT INTO `craft_content` (`id`, `elementId`, `locale`, `title`, `field_body`, `field_email`, `field_phone`, `field_statement`, `field_sessionDate`, `field_emergencyPhone`, `field_paymentMethod`, `field_streetAddress1`, `field_streetAddress2`, `field_city`, `field_state`, `field_postalCode`, `field_foodAllergies`, `field_medicalConditions`, `field_medications`, `field_doubleRoom`, `field_travelHotelInformation`, `field_instrument`, `field_questionsConcerns`, `dateCreated`, `dateUpdated`, `uid`) VALUES ('93', '95', 'en_us', 'songs@2x', NULL, NULL, NULL, NULL, NULL, NULL, NULL, NULL, NULL, NULL, NULL, NULL, NULL, NULL, NULL, NULL, NULL, NULL, NULL, '2015-01-30 04:12:51', '2015-01-30 04:12:51', '66e86363-b7f4-4962-be01-5c22b5e885e8');
INSERT INTO `craft_content` (`id`, `elementId`, `locale`, `title`, `field_body`, `field_email`, `field_phone`, `field_statement`, `field_sessionDate`, `field_emergencyPhone`, `field_paymentMethod`, `field_streetAddress1`, `field_streetAddress2`, `field_city`, `field_state`, `field_postalCode`, `field_foodAllergies`, `field_medicalConditions`, `field_medications`, `field_doubleRoom`, `field_travelHotelInformation`, `field_instrument`, `field_questionsConcerns`, `dateCreated`, `dateUpdated`, `uid`) VALUES ('94', '96', 'en_us', 'circle@2x 1', NULL, NULL, NULL, NULL, NULL, NULL, NULL, NULL, NULL, NULL, NULL, NULL, NULL, NULL, NULL, NULL, NULL, NULL, NULL, '2015-01-30 04:13:28', '2015-01-30 04:13:28', '7895eada-9aaa-44b6-ae09-ba270554610a');
INSERT INTO `craft_content` (`id`, `elementId`, `locale`, `title`, `field_body`, `field_email`, `field_phone`, `field_statement`, `field_sessionDate`, `field_emergencyPhone`, `field_paymentMethod`, `field_streetAddress1`, `field_streetAddress2`, `field_city`, `field_state`, `field_postalCode`, `field_foodAllergies`, `field_medicalConditions`, `field_medications`, `field_doubleRoom`, `field_travelHotelInformation`, `field_instrument`, `field_questionsConcerns`, `dateCreated`, `dateUpdated`, `uid`) VALUES ('95', '97', 'en_us', 'plant@2x', NULL, NULL, NULL, NULL, NULL, NULL, NULL, NULL, NULL, NULL, NULL, NULL, NULL, NULL, NULL, NULL, NULL, NULL, NULL, '2015-01-30 04:15:22', '2015-01-30 04:15:22', '2030f963-df5a-458a-819c-9550cbf1ffb0');
INSERT INTO `craft_content` (`id`, `elementId`, `locale`, `title`, `field_body`, `field_email`, `field_phone`, `field_statement`, `field_sessionDate`, `field_emergencyPhone`, `field_paymentMethod`, `field_streetAddress1`, `field_streetAddress2`, `field_city`, `field_state`, `field_postalCode`, `field_foodAllergies`, `field_medicalConditions`, `field_medications`, `field_doubleRoom`, `field_travelHotelInformation`, `field_instrument`, `field_questionsConcerns`, `dateCreated`, `dateUpdated`, `uid`) VALUES ('97', '99', 'en_us', NULL, NULL, NULL, NULL, NULL, NULL, NULL, NULL, NULL, NULL, NULL, NULL, NULL, NULL, NULL, NULL, NULL, NULL, NULL, NULL, '2015-01-30 04:30:09', '2015-01-30 04:30:09', '27ad5d5a-5eef-4dec-97b0-423d39c3dc65');
INSERT INTO `craft_content` (`id`, `elementId`, `locale`, `title`, `field_body`, `field_email`, `field_phone`, `field_statement`, `field_sessionDate`, `field_emergencyPhone`, `field_paymentMethod`, `field_streetAddress1`, `field_streetAddress2`, `field_city`, `field_state`, `field_postalCode`, `field_foodAllergies`, `field_medicalConditions`, `field_medications`, `field_doubleRoom`, `field_travelHotelInformation`, `field_instrument`, `field_questionsConcerns`, `dateCreated`, `dateUpdated`, `uid`) VALUES ('98', '100', 'en_us', 'Ambassador-of-Lonely', NULL, NULL, NULL, NULL, NULL, NULL, NULL, NULL, NULL, NULL, NULL, NULL, NULL, NULL, NULL, NULL, NULL, NULL, NULL, '2015-01-30 04:35:36', '2015-01-30 04:35:36', '83ec2d54-c84e-4ef5-8274-e212b4a93f13');
INSERT INTO `craft_content` (`id`, `elementId`, `locale`, `title`, `field_body`, `field_email`, `field_phone`, `field_statement`, `field_sessionDate`, `field_emergencyPhone`, `field_paymentMethod`, `field_streetAddress1`, `field_streetAddress2`, `field_city`, `field_state`, `field_postalCode`, `field_foodAllergies`, `field_medicalConditions`, `field_medications`, `field_doubleRoom`, `field_travelHotelInformation`, `field_instrument`, `field_questionsConcerns`, `dateCreated`, `dateUpdated`, `uid`) VALUES ('99', '101', 'en_us', 'Pineapple-Wallace-Stevens 1', NULL, NULL, NULL, NULL, NULL, NULL, NULL, NULL, NULL, NULL, NULL, NULL, NULL, NULL, NULL, NULL, NULL, NULL, NULL, '2015-01-30 04:35:36', '2015-01-30 04:35:36', '2785c360-09ad-43fd-8709-5d2f8d19ed31');
INSERT INTO `craft_content` (`id`, `elementId`, `locale`, `title`, `field_body`, `field_email`, `field_phone`, `field_statement`, `field_sessionDate`, `field_emergencyPhone`, `field_paymentMethod`, `field_streetAddress1`, `field_streetAddress2`, `field_city`, `field_state`, `field_postalCode`, `field_foodAllergies`, `field_medicalConditions`, `field_medications`, `field_doubleRoom`, `field_travelHotelInformation`, `field_instrument`, `field_questionsConcerns`, `dateCreated`, `dateUpdated`, `uid`) VALUES ('100', '102', 'en_us', 'Shayfer James', 'I am dumb and I liek songs. be my friends. I hate that show. ', 'sdajlskdjs@alksjdlsakdj', '2345678', NULL, 'June 23 - 27', NULL, NULL, NULL, NULL, NULL, NULL, NULL, NULL, NULL, NULL, NULL, NULL, NULL, NULL, '2015-01-30 04:35:37', '2015-01-30 04:35:37', '47135d37-d62f-426b-85b4-8793e8715338');
INSERT INTO `craft_content` (`id`, `elementId`, `locale`, `title`, `field_body`, `field_email`, `field_phone`, `field_statement`, `field_sessionDate`, `field_emergencyPhone`, `field_paymentMethod`, `field_streetAddress1`, `field_streetAddress2`, `field_city`, `field_state`, `field_postalCode`, `field_foodAllergies`, `field_medicalConditions`, `field_medications`, `field_doubleRoom`, `field_travelHotelInformation`, `field_instrument`, `field_questionsConcerns`, `dateCreated`, `dateUpdated`, `uid`) VALUES ('101', '103', 'en_us', 'Carnival-In-Harlem', NULL, NULL, NULL, NULL, NULL, NULL, NULL, NULL, NULL, NULL, NULL, NULL, NULL, NULL, NULL, NULL, NULL, NULL, NULL, '2015-01-30 04:37:00', '2015-01-30 04:37:00', 'e518deb2-7724-4f57-9106-8ac9fd3742d2');
INSERT INTO `craft_content` (`id`, `elementId`, `locale`, `title`, `field_body`, `field_email`, `field_phone`, `field_statement`, `field_sessionDate`, `field_emergencyPhone`, `field_paymentMethod`, `field_streetAddress1`, `field_streetAddress2`, `field_city`, `field_state`, `field_postalCode`, `field_foodAllergies`, `field_medicalConditions`, `field_medications`, `field_doubleRoom`, `field_travelHotelInformation`, `field_instrument`, `field_questionsConcerns`, `dateCreated`, `dateUpdated`, `uid`) VALUES ('102', '104', 'en_us', 'Pineapple-Wallace-Stevens 2', NULL, NULL, NULL, NULL, NULL, NULL, NULL, NULL, NULL, NULL, NULL, NULL, NULL, NULL, NULL, NULL, NULL, NULL, NULL, '2015-01-30 04:37:00', '2015-01-30 04:37:00', 'c7ba6086-a484-4cd3-9c18-6a82b024f005');
INSERT INTO `craft_content` (`id`, `elementId`, `locale`, `title`, `field_body`, `field_email`, `field_phone`, `field_statement`, `field_sessionDate`, `field_emergencyPhone`, `field_paymentMethod`, `field_streetAddress1`, `field_streetAddress2`, `field_city`, `field_state`, `field_postalCode`, `field_foodAllergies`, `field_medicalConditions`, `field_medications`, `field_doubleRoom`, `field_travelHotelInformation`, `field_instrument`, `field_questionsConcerns`, `dateCreated`, `dateUpdated`, `uid`) VALUES ('103', '105', 'en_us', 'Charles Darwin', 'I know lots of stuff about finches. Don\'t worry, its not weird. ', 'kissyourfinch@hey.com', '9879871982', NULL, 'June 23 - 27', NULL, NULL, NULL, NULL, NULL, NULL, NULL, NULL, NULL, NULL, NULL, NULL, NULL, NULL, '2015-01-30 04:37:00', '2015-01-30 04:37:00', '15588838-0bfd-41a8-990b-e3855dd748e6');



DROP TABLE IF EXISTS `craft_deprecationerrors`;


--
-- Schema for table `craft_deprecationerrors`
--
CREATE TABLE `craft_deprecationerrors` (
  `id` int(11) NOT NULL AUTO_INCREMENT,
  `key` varchar(255) COLLATE utf8_unicode_ci NOT NULL,
  `fingerprint` varchar(255) COLLATE utf8_unicode_ci NOT NULL,
  `lastOccurrence` datetime NOT NULL,
  `file` varchar(255) COLLATE utf8_unicode_ci NOT NULL,
  `line` smallint(6) unsigned NOT NULL,
  `class` varchar(255) COLLATE utf8_unicode_ci DEFAULT NULL,
  `method` varchar(255) COLLATE utf8_unicode_ci DEFAULT NULL,
  `template` varchar(255) COLLATE utf8_unicode_ci DEFAULT NULL,
  `templateLine` smallint(6) unsigned DEFAULT NULL,
  `message` varchar(255) COLLATE utf8_unicode_ci DEFAULT NULL,
  `traces` text COLLATE utf8_unicode_ci,
  `dateCreated` datetime NOT NULL,
  `dateUpdated` datetime NOT NULL,
  `uid` char(36) COLLATE utf8_unicode_ci NOT NULL DEFAULT '0',
  PRIMARY KEY (`id`),
  UNIQUE KEY `craft_deprecationerrors_key_fingerprint_unq_idx` (`key`,`fingerprint`)
) ENGINE=InnoDB DEFAULT CHARSET=utf8 COLLATE=utf8_unicode_ci;

DROP TABLE IF EXISTS `craft_elements`;


--
-- Schema for table `craft_elements`
--
CREATE TABLE `craft_elements` (
  `id` int(11) NOT NULL AUTO_INCREMENT,
  `type` varchar(150) COLLATE utf8_unicode_ci NOT NULL,
  `enabled` tinyint(1) unsigned NOT NULL DEFAULT '1',
  `archived` tinyint(1) unsigned NOT NULL DEFAULT '0',
  `dateCreated` datetime NOT NULL,
  `dateUpdated` datetime NOT NULL,
  `uid` char(36) COLLATE utf8_unicode_ci NOT NULL DEFAULT '0',
  PRIMARY KEY (`id`),
  KEY `craft_elements_type_idx` (`type`),
  KEY `craft_elements_enabled_idx` (`enabled`),
  KEY `craft_elements_archived_dateCreated_idx` (`archived`,`dateCreated`)
) ENGINE=InnoDB AUTO_INCREMENT=106 DEFAULT CHARSET=utf8 COLLATE=utf8_unicode_ci;

--
-- Data for table `craft_elements`
--

INSERT INTO `craft_elements` (`id`, `type`, `enabled`, `archived`, `dateCreated`, `dateUpdated`, `uid`) VALUES ('1', 'User', '1', '0', '2015-01-09 03:25:54', '2015-01-17 22:02:48', '279dd878-047c-4a68-9b1e-f3db1d862b31');
INSERT INTO `craft_elements` (`id`, `type`, `enabled`, `archived`, `dateCreated`, `dateUpdated`, `uid`) VALUES ('2', 'Entry', '1', '0', '2015-01-09 03:25:58', '2015-01-30 04:15:30', 'b918240a-963e-44d9-a371-cd56d036fd8b');
INSERT INTO `craft_elements` (`id`, `type`, `enabled`, `archived`, `dateCreated`, `dateUpdated`, `uid`) VALUES ('19', 'Entry', '1', '0', '2015-01-14 17:11:20', '2015-01-14 17:11:20', '0ac5095d-8cb0-4fc3-b607-73a65c73d54c');
INSERT INTO `craft_elements` (`id`, `type`, `enabled`, `archived`, `dateCreated`, `dateUpdated`, `uid`) VALUES ('20', 'Entry', '1', '0', '2015-01-14 17:11:40', '2015-01-14 17:11:40', '8241f334-8c57-436a-b535-c5604aa1ea21');
INSERT INTO `craft_elements` (`id`, `type`, `enabled`, `archived`, `dateCreated`, `dateUpdated`, `uid`) VALUES ('21', 'User', '1', '0', '2015-01-14 17:52:48', '2015-01-14 17:52:48', '9472bf4e-789c-4484-85d7-8693da591771');
INSERT INTO `craft_elements` (`id`, `type`, `enabled`, `archived`, `dateCreated`, `dateUpdated`, `uid`) VALUES ('22', 'Entry', '1', '0', '2015-01-17 20:50:36', '2015-01-17 20:50:36', '007651ee-bb19-4e72-ac20-e7c336e0b51a');
INSERT INTO `craft_elements` (`id`, `type`, `enabled`, `archived`, `dateCreated`, `dateUpdated`, `uid`) VALUES ('38', 'Entry', '0', '0', '2015-01-22 19:52:24', '2015-01-22 19:52:24', '2f17686f-eace-40be-9b87-ec883b060bd1');
INSERT INTO `craft_elements` (`id`, `type`, `enabled`, `archived`, `dateCreated`, `dateUpdated`, `uid`) VALUES ('44', 'Entry', '1', '0', '2015-01-23 00:12:17', '2015-01-23 00:12:17', '9191ea50-0ee0-4bf8-9c9b-40936bdcfade');
INSERT INTO `craft_elements` (`id`, `type`, `enabled`, `archived`, `dateCreated`, `dateUpdated`, `uid`) VALUES ('45', 'Entry', '1', '0', '2015-01-23 00:57:27', '2015-01-23 00:57:27', 'cd6c0554-f27d-49b9-a6bf-427b220f9e37');
INSERT INTO `craft_elements` (`id`, `type`, `enabled`, `archived`, `dateCreated`, `dateUpdated`, `uid`) VALUES ('46', 'MatrixBlock', '1', '0', '2015-01-23 01:14:27', '2015-01-30 04:15:30', '37198296-62b6-4535-b80b-00ccb20f7aa0');
INSERT INTO `craft_elements` (`id`, `type`, `enabled`, `archived`, `dateCreated`, `dateUpdated`, `uid`) VALUES ('47', 'Asset', '1', '0', '2015-01-23 01:36:22', '2015-01-23 01:36:22', '675fab74-cd5f-44ab-9cdf-4e5054d007ff');
INSERT INTO `craft_elements` (`id`, `type`, `enabled`, `archived`, `dateCreated`, `dateUpdated`, `uid`) VALUES ('48', 'Asset', '1', '0', '2015-01-23 01:41:42', '2015-01-23 01:41:42', 'b267029c-9a3d-45cc-8596-9878dd32bf4f');
INSERT INTO `craft_elements` (`id`, `type`, `enabled`, `archived`, `dateCreated`, `dateUpdated`, `uid`) VALUES ('49', 'GlobalSet', '1', '0', '2015-01-23 01:49:15', '2015-01-23 01:49:37', '7e6b9073-f423-431d-b902-0bc539b330cf');
INSERT INTO `craft_elements` (`id`, `type`, `enabled`, `archived`, `dateCreated`, `dateUpdated`, `uid`) VALUES ('52', 'Asset', '1', '0', '2015-01-28 03:33:49', '2015-01-28 03:33:49', 'a79112d0-f152-47c6-9e1b-8bfd97ccb3e5');
INSERT INTO `craft_elements` (`id`, `type`, `enabled`, `archived`, `dateCreated`, `dateUpdated`, `uid`) VALUES ('53', 'Asset', '1', '0', '2015-01-28 03:41:07', '2015-01-28 03:41:07', 'aee55496-be7b-44a0-bc93-dd0f2e05daf9');
INSERT INTO `craft_elements` (`id`, `type`, `enabled`, `archived`, `dateCreated`, `dateUpdated`, `uid`) VALUES ('54', 'Asset', '1', '0', '2015-01-28 03:41:34', '2015-01-28 03:41:34', '93891ce0-36cf-4294-92b5-ab6c3bccccc4');
INSERT INTO `craft_elements` (`id`, `type`, `enabled`, `archived`, `dateCreated`, `dateUpdated`, `uid`) VALUES ('55', 'Asset', '1', '0', '2015-01-28 05:08:35', '2015-01-28 05:08:35', '38553037-c81b-467a-a93e-4ac78af945d1');
INSERT INTO `craft_elements` (`id`, `type`, `enabled`, `archived`, `dateCreated`, `dateUpdated`, `uid`) VALUES ('56', 'MatrixBlock', '1', '0', '2015-01-28 05:13:57', '2015-01-30 04:15:30', 'd6e738a2-af74-445a-9a83-446d01f4c13f');
INSERT INTO `craft_elements` (`id`, `type`, `enabled`, `archived`, `dateCreated`, `dateUpdated`, `uid`) VALUES ('57', 'Asset', '1', '0', '2015-01-28 17:35:23', '2015-01-28 17:35:23', '0e4408d5-9c2c-4451-a6cd-f2cc6c1495fd');
INSERT INTO `craft_elements` (`id`, `type`, `enabled`, `archived`, `dateCreated`, `dateUpdated`, `uid`) VALUES ('58', 'Asset', '1', '0', '2015-01-28 17:35:24', '2015-01-28 17:35:24', '9a750a54-8ed3-41af-92e6-ef838fcda855');
INSERT INTO `craft_elements` (`id`, `type`, `enabled`, `archived`, `dateCreated`, `dateUpdated`, `uid`) VALUES ('59', 'Asset', '1', '0', '2015-01-28 17:35:25', '2015-01-28 17:35:25', 'dbfe5c69-cf03-436b-8b14-d3dca73fd9d2');
INSERT INTO `craft_elements` (`id`, `type`, `enabled`, `archived`, `dateCreated`, `dateUpdated`, `uid`) VALUES ('60', 'Asset', '1', '0', '2015-01-28 17:35:26', '2015-01-28 17:35:26', '8c0890a6-dcf2-4bea-bb53-91cc66efd943');
INSERT INTO `craft_elements` (`id`, `type`, `enabled`, `archived`, `dateCreated`, `dateUpdated`, `uid`) VALUES ('61', 'Asset', '1', '0', '2015-01-28 17:35:27', '2015-01-28 17:35:27', '5f4a610e-fa8d-4d9b-a42d-0538a8684e2c');
INSERT INTO `craft_elements` (`id`, `type`, `enabled`, `archived`, `dateCreated`, `dateUpdated`, `uid`) VALUES ('62', 'Asset', '1', '0', '2015-01-28 17:35:27', '2015-01-28 17:35:27', '0a640034-bbbd-41dc-b199-62f9df2bc096');
INSERT INTO `craft_elements` (`id`, `type`, `enabled`, `archived`, `dateCreated`, `dateUpdated`, `uid`) VALUES ('63', 'Asset', '1', '0', '2015-01-28 17:35:32', '2015-01-28 17:35:32', '9c970b76-c0a3-47e7-b8dd-9197bf6814ae');
INSERT INTO `craft_elements` (`id`, `type`, `enabled`, `archived`, `dateCreated`, `dateUpdated`, `uid`) VALUES ('64', 'Asset', '1', '0', '2015-01-28 17:35:33', '2015-01-28 17:35:33', 'f8271b66-ec07-4fb8-9d71-e9dd3dc8d9f8');
INSERT INTO `craft_elements` (`id`, `type`, `enabled`, `archived`, `dateCreated`, `dateUpdated`, `uid`) VALUES ('65', 'Asset', '1', '0', '2015-01-28 17:35:34', '2015-01-28 17:35:34', '9ea5d5a5-bde3-42b7-b552-89d9eec75c40');
INSERT INTO `craft_elements` (`id`, `type`, `enabled`, `archived`, `dateCreated`, `dateUpdated`, `uid`) VALUES ('66', 'Asset', '1', '0', '2015-01-28 17:35:34', '2015-01-28 17:39:19', 'e44a5f56-de93-4582-b4d9-578950c517dc');
INSERT INTO `craft_elements` (`id`, `type`, `enabled`, `archived`, `dateCreated`, `dateUpdated`, `uid`) VALUES ('67', 'Asset', '1', '0', '2015-01-28 17:35:35', '2015-01-28 17:35:35', '9d35298b-c4ac-4b33-8a44-977e83c6e1e3');
INSERT INTO `craft_elements` (`id`, `type`, `enabled`, `archived`, `dateCreated`, `dateUpdated`, `uid`) VALUES ('68', 'Asset', '1', '0', '2015-01-28 17:35:36', '2015-01-28 17:35:36', '6222e3e2-88e9-4517-aafa-57fa94769fd6');
INSERT INTO `craft_elements` (`id`, `type`, `enabled`, `archived`, `dateCreated`, `dateUpdated`, `uid`) VALUES ('69', 'Asset', '1', '0', '2015-01-28 17:35:36', '2015-01-28 17:35:36', 'b6186200-0a0b-4685-8c8b-7378c1b9522a');
INSERT INTO `craft_elements` (`id`, `type`, `enabled`, `archived`, `dateCreated`, `dateUpdated`, `uid`) VALUES ('70', 'Asset', '1', '0', '2015-01-28 17:35:37', '2015-01-28 17:35:37', '714220c6-eaee-439c-98fb-db6ca846d898');
INSERT INTO `craft_elements` (`id`, `type`, `enabled`, `archived`, `dateCreated`, `dateUpdated`, `uid`) VALUES ('71', 'Asset', '1', '0', '2015-01-28 17:35:38', '2015-01-28 17:35:38', '623ac0e2-de3b-4146-aac4-2b179727b113');
INSERT INTO `craft_elements` (`id`, `type`, `enabled`, `archived`, `dateCreated`, `dateUpdated`, `uid`) VALUES ('72', 'Entry', '1', '0', '2015-01-28 17:37:11', '2015-01-30 04:18:32', '765146a0-63bf-4074-a303-1a31a750bfad');
INSERT INTO `craft_elements` (`id`, `type`, `enabled`, `archived`, `dateCreated`, `dateUpdated`, `uid`) VALUES ('74', 'Asset', '1', '0', '2015-01-28 17:40:05', '2015-01-28 17:40:05', '6b9c6ea8-42c1-4232-a31d-b5bf65e59824');
INSERT INTO `craft_elements` (`id`, `type`, `enabled`, `archived`, `dateCreated`, `dateUpdated`, `uid`) VALUES ('75', 'Asset', '1', '0', '2015-01-29 22:38:54', '2015-01-30 04:05:09', '7a736515-1806-4f00-a201-720f68690e1d');
INSERT INTO `craft_elements` (`id`, `type`, `enabled`, `archived`, `dateCreated`, `dateUpdated`, `uid`) VALUES ('76', 'Asset', '1', '0', '2015-01-29 22:39:40', '2015-01-29 22:39:40', '6addf1fa-248b-44be-b400-431f28b68530');
INSERT INTO `craft_elements` (`id`, `type`, `enabled`, `archived`, `dateCreated`, `dateUpdated`, `uid`) VALUES ('77', 'Asset', '1', '0', '2015-01-29 22:40:23', '2015-01-29 22:40:23', '6bede9a1-855c-4196-b443-24b89129108a');
INSERT INTO `craft_elements` (`id`, `type`, `enabled`, `archived`, `dateCreated`, `dateUpdated`, `uid`) VALUES ('78', 'Asset', '1', '0', '2015-01-29 22:40:41', '2015-01-29 22:40:41', 'a46d45f9-e7ad-4071-b65e-3045033359d0');
INSERT INTO `craft_elements` (`id`, `type`, `enabled`, `archived`, `dateCreated`, `dateUpdated`, `uid`) VALUES ('79', 'Asset', '1', '0', '2015-01-29 22:41:57', '2015-01-29 22:41:57', '307f44d8-2c4e-4be6-8a47-5b4e15101b83');
INSERT INTO `craft_elements` (`id`, `type`, `enabled`, `archived`, `dateCreated`, `dateUpdated`, `uid`) VALUES ('80', 'Asset', '1', '0', '2015-01-29 22:42:52', '2015-01-29 22:42:52', '275bd842-8a7e-4d5f-8c46-6b05a3d62443');
INSERT INTO `craft_elements` (`id`, `type`, `enabled`, `archived`, `dateCreated`, `dateUpdated`, `uid`) VALUES ('81', 'Asset', '1', '0', '2015-01-29 23:34:15', '2015-01-29 23:36:52', 'b6b65402-8e42-4bf0-ae59-23a44ddebccf');
INSERT INTO `craft_elements` (`id`, `type`, `enabled`, `archived`, `dateCreated`, `dateUpdated`, `uid`) VALUES ('83', 'Asset', '1', '0', '2015-01-29 23:42:17', '2015-01-29 23:42:17', '37bac570-bfb8-44ec-92eb-db809a808ef3');
INSERT INTO `craft_elements` (`id`, `type`, `enabled`, `archived`, `dateCreated`, `dateUpdated`, `uid`) VALUES ('84', 'Asset', '1', '0', '2015-01-29 23:43:29', '2015-01-29 23:43:29', '0da881ae-738a-4e32-a9f3-1474539385ea');
INSERT INTO `craft_elements` (`id`, `type`, `enabled`, `archived`, `dateCreated`, `dateUpdated`, `uid`) VALUES ('85', 'Asset', '1', '0', '2015-01-29 23:46:27', '2015-01-29 23:57:14', 'd7b05c38-6293-410d-9939-50a34fd0c23f');
INSERT INTO `craft_elements` (`id`, `type`, `enabled`, `archived`, `dateCreated`, `dateUpdated`, `uid`) VALUES ('86', 'Asset', '1', '0', '2015-01-29 23:47:11', '2015-01-29 23:48:56', '60ec8562-11fa-4639-848e-e2f308f5b437');
INSERT INTO `craft_elements` (`id`, `type`, `enabled`, `archived`, `dateCreated`, `dateUpdated`, `uid`) VALUES ('88', 'Asset', '1', '0', '2015-01-29 23:51:28', '2015-01-29 23:51:28', '0ef87f86-ebf6-407b-b41b-29792f153d1c');
INSERT INTO `craft_elements` (`id`, `type`, `enabled`, `archived`, `dateCreated`, `dateUpdated`, `uid`) VALUES ('89', 'Asset', '1', '0', '2015-01-30 03:45:54', '2015-01-30 03:45:54', '415110f1-6ea4-4980-b1d3-27ac4fe188eb');
INSERT INTO `craft_elements` (`id`, `type`, `enabled`, `archived`, `dateCreated`, `dateUpdated`, `uid`) VALUES ('91', 'Asset', '1', '0', '2015-01-30 04:05:32', '2015-01-30 04:05:32', 'cc8cf821-0aa4-4a9a-9b2a-1ebb9b9df51e');
INSERT INTO `craft_elements` (`id`, `type`, `enabled`, `archived`, `dateCreated`, `dateUpdated`, `uid`) VALUES ('92', 'Asset', '1', '0', '2015-01-30 04:06:14', '2015-01-30 04:06:14', '1e0fcd59-9a63-4977-ac48-ed9ea346e84f');
INSERT INTO `craft_elements` (`id`, `type`, `enabled`, `archived`, `dateCreated`, `dateUpdated`, `uid`) VALUES ('93', 'Asset', '1', '0', '2015-01-30 04:06:27', '2015-01-30 04:06:27', 'd167f7e3-bf71-474a-89c4-e950763da5f4');
INSERT INTO `craft_elements` (`id`, `type`, `enabled`, `archived`, `dateCreated`, `dateUpdated`, `uid`) VALUES ('94', 'Asset', '1', '0', '2015-01-30 04:10:04', '2015-01-30 04:10:04', '6b0d399a-41a4-4b31-b708-256b3a0e1efd');
INSERT INTO `craft_elements` (`id`, `type`, `enabled`, `archived`, `dateCreated`, `dateUpdated`, `uid`) VALUES ('95', 'Asset', '1', '0', '2015-01-30 04:12:51', '2015-01-30 04:12:51', '8646145f-cd37-46e7-8165-c3f17b834d04');
INSERT INTO `craft_elements` (`id`, `type`, `enabled`, `archived`, `dateCreated`, `dateUpdated`, `uid`) VALUES ('96', 'Asset', '1', '0', '2015-01-30 04:13:28', '2015-01-30 04:13:28', '033436ff-1c90-4201-880d-9a3861e49e28');
INSERT INTO `craft_elements` (`id`, `type`, `enabled`, `archived`, `dateCreated`, `dateUpdated`, `uid`) VALUES ('97', 'Asset', '1', '0', '2015-01-30 04:15:22', '2015-01-30 04:15:22', 'c3954490-37ab-49f4-8a47-97cdd6eebcc5');
INSERT INTO `craft_elements` (`id`, `type`, `enabled`, `archived`, `dateCreated`, `dateUpdated`, `uid`) VALUES ('99', 'User', '1', '0', '2015-01-30 04:30:09', '2015-01-30 04:30:09', '94bfb29f-c169-426e-acae-b000292edd55');
INSERT INTO `craft_elements` (`id`, `type`, `enabled`, `archived`, `dateCreated`, `dateUpdated`, `uid`) VALUES ('100', 'Asset', '1', '0', '2015-01-30 04:35:36', '2015-01-30 04:35:36', '527af70c-31a0-447a-be5a-90478ed8b1b7');
INSERT INTO `craft_elements` (`id`, `type`, `enabled`, `archived`, `dateCreated`, `dateUpdated`, `uid`) VALUES ('101', 'Asset', '1', '0', '2015-01-30 04:35:36', '2015-01-30 04:35:36', 'f51b96fe-e1b6-4145-a88b-696786d3bca8');
INSERT INTO `craft_elements` (`id`, `type`, `enabled`, `archived`, `dateCreated`, `dateUpdated`, `uid`) VALUES ('102', 'Entry', '1', '0', '2015-01-30 04:35:37', '2015-01-30 04:35:37', '19c6a224-472e-4351-8c6c-e6f0755d617c');
INSERT INTO `craft_elements` (`id`, `type`, `enabled`, `archived`, `dateCreated`, `dateUpdated`, `uid`) VALUES ('103', 'Asset', '1', '0', '2015-01-30 04:37:00', '2015-01-30 04:37:00', 'bd220638-9931-4d2d-b496-93b170256db3');
INSERT INTO `craft_elements` (`id`, `type`, `enabled`, `archived`, `dateCreated`, `dateUpdated`, `uid`) VALUES ('104', 'Asset', '1', '0', '2015-01-30 04:37:00', '2015-01-30 04:37:00', '0eea7f29-e495-481a-8769-b6c61845eaf7');
INSERT INTO `craft_elements` (`id`, `type`, `enabled`, `archived`, `dateCreated`, `dateUpdated`, `uid`) VALUES ('105', 'Entry', '1', '0', '2015-01-30 04:37:00', '2015-01-30 04:37:00', 'e37e2bcf-4db0-4f1e-a1b4-72829ec0f211');



DROP TABLE IF EXISTS `craft_elements_i18n`;


--
-- Schema for table `craft_elements_i18n`
--
CREATE TABLE `craft_elements_i18n` (
  `id` int(11) NOT NULL AUTO_INCREMENT,
  `elementId` int(11) NOT NULL,
  `locale` char(12) COLLATE utf8_unicode_ci NOT NULL,
  `slug` varchar(255) COLLATE utf8_unicode_ci DEFAULT NULL,
  `uri` varchar(255) COLLATE utf8_unicode_ci DEFAULT NULL,
  `enabled` tinyint(1) unsigned NOT NULL DEFAULT '1',
  `dateCreated` datetime NOT NULL,
  `dateUpdated` datetime NOT NULL,
  `uid` char(36) COLLATE utf8_unicode_ci NOT NULL DEFAULT '0',
  PRIMARY KEY (`id`),
  UNIQUE KEY `craft_elements_i18n_elementId_locale_unq_idx` (`elementId`,`locale`),
  UNIQUE KEY `craft_elements_i18n_uri_locale_unq_idx` (`uri`,`locale`),
  KEY `craft_elements_i18n_slug_locale_idx` (`slug`,`locale`),
  KEY `craft_elements_i18n_enabled_idx` (`enabled`),
  KEY `craft_elements_i18n_locale_fk` (`locale`)
) ENGINE=InnoDB AUTO_INCREMENT=106 DEFAULT CHARSET=utf8 COLLATE=utf8_unicode_ci;

--
-- Data for table `craft_elements_i18n`
--

INSERT INTO `craft_elements_i18n` (`id`, `elementId`, `locale`, `slug`, `uri`, `enabled`, `dateCreated`, `dateUpdated`, `uid`) VALUES ('1', '1', 'en_us', '', NULL, '1', '2015-01-09 03:25:54', '2015-01-17 22:02:48', 'd054d155-2553-43ba-b04a-169af852dcf3');
INSERT INTO `craft_elements_i18n` (`id`, `elementId`, `locale`, `slug`, `uri`, `enabled`, `dateCreated`, `dateUpdated`, `uid`) VALUES ('2', '2', 'en_us', 'homepage', '__home__', '1', '2015-01-09 03:25:58', '2015-01-30 04:15:30', '2cfef324-c7e4-47a8-9260-5f9390b09763');
INSERT INTO `craft_elements_i18n` (`id`, `elementId`, `locale`, `slug`, `uri`, `enabled`, `dateCreated`, `dateUpdated`, `uid`) VALUES ('19', '19', 'en_us', 'this-is-our-water-front', 'gallery/this-is-our-water-front', '1', '2015-01-14 17:11:20', '2015-01-14 17:11:20', 'b593dd24-574d-4473-b25e-3d9ae84d5a98');
INSERT INTO `craft_elements_i18n` (`id`, `elementId`, `locale`, `slug`, `uri`, `enabled`, `dateCreated`, `dateUpdated`, `uid`) VALUES ('20', '20', 'en_us', 'come-take-a-hike-in-our-forests', 'gallery/come-take-a-hike-in-our-forests', '1', '2015-01-14 17:11:40', '2015-01-14 17:11:40', '607ece6c-405a-4c55-a604-1ff4cb671f02');
INSERT INTO `craft_elements_i18n` (`id`, `elementId`, `locale`, `slug`, `uri`, `enabled`, `dateCreated`, `dateUpdated`, `uid`) VALUES ('21', '21', 'en_us', '', NULL, '1', '2015-01-14 17:52:48', '2015-01-14 17:52:48', '94e4d3f8-1466-4364-b738-d69bb14930a7');
INSERT INTO `craft_elements_i18n` (`id`, `elementId`, `locale`, `slug`, `uri`, `enabled`, `dateCreated`, `dateUpdated`, `uid`) VALUES ('22', '22', 'en_us', 'test', NULL, '1', '2015-01-17 20:50:36', '2015-01-17 20:50:36', '58c8d84b-b5ad-436e-bacb-258c325b49b7');
INSERT INTO `craft_elements_i18n` (`id`, `elementId`, `locale`, `slug`, `uri`, `enabled`, `dateCreated`, `dateUpdated`, `uid`) VALUES ('38', '38', 'en_us', 'sdfdsfdsfsdfsdfdsfs', NULL, '1', '2015-01-22 19:52:24', '2015-01-22 19:52:24', '869894cf-212d-4317-9378-1039b439841f');
INSERT INTO `craft_elements_i18n` (`id`, `elementId`, `locale`, `slug`, `uri`, `enabled`, `dateCreated`, `dateUpdated`, `uid`) VALUES ('44', '44', 'en_us', 'contact', 'contact', '1', '2015-01-23 00:12:17', '2015-01-23 00:12:17', '3a9be519-3b7a-4351-967f-ef4f30c888c8');
INSERT INTO `craft_elements_i18n` (`id`, `elementId`, `locale`, `slug`, `uri`, `enabled`, `dateCreated`, `dateUpdated`, `uid`) VALUES ('45', '45', 'en_us', 'about', 'about', '1', '2015-01-23 00:57:27', '2015-01-23 00:57:27', 'bed07eb2-979d-4183-949e-3248d90262f4');
INSERT INTO `craft_elements_i18n` (`id`, `elementId`, `locale`, `slug`, `uri`, `enabled`, `dateCreated`, `dateUpdated`, `uid`) VALUES ('46', '46', 'en_us', '', NULL, '1', '2015-01-23 01:14:27', '2015-01-30 04:15:30', 'd0e55bcc-9717-4dbf-bd04-78b26e78932b');
INSERT INTO `craft_elements_i18n` (`id`, `elementId`, `locale`, `slug`, `uri`, `enabled`, `dateCreated`, `dateUpdated`, `uid`) VALUES ('47', '47', 'en_us', 'url-1', NULL, '1', '2015-01-23 01:36:22', '2015-01-23 01:36:22', '52a55bfb-ff60-4e5d-bb8d-09284b2ea748');
INSERT INTO `craft_elements_i18n` (`id`, `elementId`, `locale`, `slug`, `uri`, `enabled`, `dateCreated`, `dateUpdated`, `uid`) VALUES ('48', '48', 'en_us', 'url-2', NULL, '1', '2015-01-23 01:41:42', '2015-01-23 01:41:42', '61cbdb83-77f9-452c-bdba-c96380d27520');
INSERT INTO `craft_elements_i18n` (`id`, `elementId`, `locale`, `slug`, `uri`, `enabled`, `dateCreated`, `dateUpdated`, `uid`) VALUES ('49', '49', 'en_us', '', NULL, '1', '2015-01-23 01:49:15', '2015-01-23 01:49:37', 'ca37f6ac-bd0c-4d6f-b03b-6711790287fb');
INSERT INTO `craft_elements_i18n` (`id`, `elementId`, `locale`, `slug`, `uri`, `enabled`, `dateCreated`, `dateUpdated`, `uid`) VALUES ('52', '52', 'en_us', 'dar', NULL, '1', '2015-01-28 03:33:50', '2015-01-28 03:33:50', '2a7a6a25-6b57-442f-9845-174fe4ec2fda');
INSERT INTO `craft_elements_i18n` (`id`, `elementId`, `locale`, `slug`, `uri`, `enabled`, `dateCreated`, `dateUpdated`, `uid`) VALUES ('53', '53', 'en_us', 'images-1', NULL, '1', '2015-01-28 03:41:08', '2015-01-28 03:41:08', '092f42d9-13ab-4f42-9e40-803323d12eee');
INSERT INTO `craft_elements_i18n` (`id`, `elementId`, `locale`, `slug`, `uri`, `enabled`, `dateCreated`, `dateUpdated`, `uid`) VALUES ('54', '54', 'en_us', 'mondayjam03', NULL, '1', '2015-01-28 03:41:34', '2015-01-28 03:41:34', '100261bb-9f4f-4bee-980a-02980025ecd5');
INSERT INTO `craft_elements_i18n` (`id`, `elementId`, `locale`, `slug`, `uri`, `enabled`, `dateCreated`, `dateUpdated`, `uid`) VALUES ('55', '55', 'en_us', 'depositphotos-8066722-colorful-abstract-hand-drawn-pattern-waves-background', NULL, '1', '2015-01-28 05:08:36', '2015-01-28 05:08:36', 'd4d8400f-df87-4202-8d55-abd44705372d');
INSERT INTO `craft_elements_i18n` (`id`, `elementId`, `locale`, `slug`, `uri`, `enabled`, `dateCreated`, `dateUpdated`, `uid`) VALUES ('56', '56', 'en_us', '', NULL, '1', '2015-01-28 05:13:57', '2015-01-30 04:15:30', '802a16db-a701-4d5f-a42a-0e9b8b5334a6');
INSERT INTO `craft_elements_i18n` (`id`, `elementId`, `locale`, `slug`, `uri`, `enabled`, `dateCreated`, `dateUpdated`, `uid`) VALUES ('57', '57', 'en_us', '14811-10152190694115200-721199229-n', NULL, '1', '2015-01-28 17:35:23', '2015-01-28 17:35:23', '6b7f3c96-81ab-4a1e-a4f5-9a7172c42878');
INSERT INTO `craft_elements_i18n` (`id`, `elementId`, `locale`, `slug`, `uri`, `enabled`, `dateCreated`, `dateUpdated`, `uid`) VALUES ('58', '58', 'en_us', '8621-10152190693450200-1147085211-n', NULL, '1', '2015-01-28 17:35:24', '2015-01-28 17:35:24', '1b07115c-c11a-4bf3-b41d-2a989fd660e5');
INSERT INTO `craft_elements_i18n` (`id`, `elementId`, `locale`, `slug`, `uri`, `enabled`, `dateCreated`, `dateUpdated`, `uid`) VALUES ('59', '59', 'en_us', '20196-10152190693390200-1718773028-n', NULL, '1', '2015-01-28 17:35:25', '2015-01-28 17:35:25', '2a1d650b-ba72-47ff-8b62-1f1e653ea888');
INSERT INTO `craft_elements_i18n` (`id`, `elementId`, `locale`, `slug`, `uri`, `enabled`, `dateCreated`, `dateUpdated`, `uid`) VALUES ('60', '60', 'en_us', '64314-10152195874265200-1573639032-n', NULL, '1', '2015-01-28 17:35:26', '2015-01-28 17:35:26', '5a72267b-532d-4ce5-a3a9-f8e2d2ae854a');
INSERT INTO `craft_elements_i18n` (`id`, `elementId`, `locale`, `slug`, `uri`, `enabled`, `dateCreated`, `dateUpdated`, `uid`) VALUES ('61', '61', 'en_us', '999878-10152198745200200-1618984292-n', NULL, '1', '2015-01-28 17:35:27', '2015-01-28 17:35:27', '563a4774-7ffc-4b30-8198-5439406a1c2c');
INSERT INTO `craft_elements_i18n` (`id`, `elementId`, `locale`, `slug`, `uri`, `enabled`, `dateCreated`, `dateUpdated`, `uid`) VALUES ('62', '62', 'en_us', '1004824-10152198745220200-590428424-n', NULL, '1', '2015-01-28 17:35:27', '2015-01-28 17:35:27', '97d22481-b8d8-4ac1-95c9-e5bfb005a72f');
INSERT INTO `craft_elements_i18n` (`id`, `elementId`, `locale`, `slug`, `uri`, `enabled`, `dateCreated`, `dateUpdated`, `uid`) VALUES ('63', '63', 'en_us', '1003034-10152198744515200-1730256244-n-2', NULL, '1', '2015-01-28 17:35:32', '2015-01-28 17:35:32', 'ee466264-1178-4388-8912-ce43e0356ec5');
INSERT INTO `craft_elements_i18n` (`id`, `elementId`, `locale`, `slug`, `uri`, `enabled`, `dateCreated`, `dateUpdated`, `uid`) VALUES ('64', '64', 'en_us', 'img-4106', NULL, '1', '2015-01-28 17:35:33', '2015-01-28 17:35:33', 'f575a570-a4a6-4470-8a1f-9cdff64c6986');
INSERT INTO `craft_elements_i18n` (`id`, `elementId`, `locale`, `slug`, `uri`, `enabled`, `dateCreated`, `dateUpdated`, `uid`) VALUES ('65', '65', 'en_us', 'img-4119-version-2', NULL, '1', '2015-01-28 17:35:34', '2015-01-28 17:35:34', '79b28d3f-0193-43e5-8bae-e121ff519588');
INSERT INTO `craft_elements_i18n` (`id`, `elementId`, `locale`, `slug`, `uri`, `enabled`, `dateCreated`, `dateUpdated`, `uid`) VALUES ('66', '66', 'en_us', 'img-4121-2', NULL, '1', '2015-01-28 17:35:34', '2015-01-28 17:39:19', 'fee2e540-5bcc-4a1e-9a27-21e5e682bdff');
INSERT INTO `craft_elements_i18n` (`id`, `elementId`, `locale`, `slug`, `uri`, `enabled`, `dateCreated`, `dateUpdated`, `uid`) VALUES ('67', '67', 'en_us', 'img-4532', NULL, '1', '2015-01-28 17:35:35', '2015-01-28 17:35:35', '9c07d408-5371-499b-893f-c5f9b07a9254');
INSERT INTO `craft_elements_i18n` (`id`, `elementId`, `locale`, `slug`, `uri`, `enabled`, `dateCreated`, `dateUpdated`, `uid`) VALUES ('68', '68', 'en_us', 'img-4576', NULL, '1', '2015-01-28 17:35:36', '2015-01-28 17:35:36', '02c46768-f320-4814-8ddd-3548dcbe808c');
INSERT INTO `craft_elements_i18n` (`id`, `elementId`, `locale`, `slug`, `uri`, `enabled`, `dateCreated`, `dateUpdated`, `uid`) VALUES ('69', '69', 'en_us', 'img-5159', NULL, '1', '2015-01-28 17:35:36', '2015-01-28 17:35:36', '0e7c1ae9-29c6-4d02-a271-c7b2dda2d07d');
INSERT INTO `craft_elements_i18n` (`id`, `elementId`, `locale`, `slug`, `uri`, `enabled`, `dateCreated`, `dateUpdated`, `uid`) VALUES ('70', '70', 'en_us', 'p1020201', NULL, '1', '2015-01-28 17:35:37', '2015-01-28 17:35:37', '1ce7c557-7e55-4400-9628-63784ecc1e4b');
INSERT INTO `craft_elements_i18n` (`id`, `elementId`, `locale`, `slug`, `uri`, `enabled`, `dateCreated`, `dateUpdated`, `uid`) VALUES ('71', '71', 'en_us', 'photo-27', NULL, '1', '2015-01-28 17:35:38', '2015-01-28 17:35:38', '42649c5e-5942-40d2-862e-c004aa53d919');
INSERT INTO `craft_elements_i18n` (`id`, `elementId`, `locale`, `slug`, `uri`, `enabled`, `dateCreated`, `dateUpdated`, `uid`) VALUES ('72', '72', 'en_us', 'do-not-delete', NULL, '1', '2015-01-28 17:37:11', '2015-01-30 04:18:32', 'ac3bb188-b3b0-422a-9111-1069b5d27899');
INSERT INTO `craft_elements_i18n` (`id`, `elementId`, `locale`, `slug`, `uri`, `enabled`, `dateCreated`, `dateUpdated`, `uid`) VALUES ('74', '74', 'en_us', 'francesca-lia-block-quote', NULL, '1', '2015-01-28 17:40:05', '2015-01-28 17:40:05', '46527a3d-2a4a-463d-bb66-1ef8fd1ee163');
INSERT INTO `craft_elements_i18n` (`id`, `elementId`, `locale`, `slug`, `uri`, `enabled`, `dateCreated`, `dateUpdated`, `uid`) VALUES ('75', '75', 'en_us', 'unnamed-1', NULL, '1', '2015-01-29 22:38:54', '2015-01-30 04:05:09', '6b489207-ff04-4262-be62-4fce396fec1e');
INSERT INTO `craft_elements_i18n` (`id`, `elementId`, `locale`, `slug`, `uri`, `enabled`, `dateCreated`, `dateUpdated`, `uid`) VALUES ('76', '76', 'en_us', 'unnamed-5', NULL, '1', '2015-01-29 22:39:40', '2015-01-29 22:39:40', '7856bd15-9c2f-40d3-9da3-1edce59ec902');
INSERT INTO `craft_elements_i18n` (`id`, `elementId`, `locale`, `slug`, `uri`, `enabled`, `dateCreated`, `dateUpdated`, `uid`) VALUES ('77', '77', 'en_us', 'unnamed-4', NULL, '1', '2015-01-29 22:40:23', '2015-01-29 22:40:23', 'fdb6e422-dc10-4dec-8fb3-fc4f07492794');
INSERT INTO `craft_elements_i18n` (`id`, `elementId`, `locale`, `slug`, `uri`, `enabled`, `dateCreated`, `dateUpdated`, `uid`) VALUES ('78', '78', 'en_us', 'unnamed-3', NULL, '1', '2015-01-29 22:40:41', '2015-01-29 22:40:41', '09334ed9-3f86-42f2-afc8-ed8f4e88501c');
INSERT INTO `craft_elements_i18n` (`id`, `elementId`, `locale`, `slug`, `uri`, `enabled`, `dateCreated`, `dateUpdated`, `uid`) VALUES ('79', '79', 'en_us', 'unnamed-7', NULL, '1', '2015-01-29 22:41:57', '2015-01-29 22:41:57', '914ce840-72f9-40b8-8fd6-0a8ca38a02cf');
INSERT INTO `craft_elements_i18n` (`id`, `elementId`, `locale`, `slug`, `uri`, `enabled`, `dateCreated`, `dateUpdated`, `uid`) VALUES ('80', '80', 'en_us', 'unnamed', NULL, '1', '2015-01-29 22:42:52', '2015-01-29 22:42:52', 'b752245c-b0c0-4421-87f5-0de66725b675');
INSERT INTO `craft_elements_i18n` (`id`, `elementId`, `locale`, `slug`, `uri`, `enabled`, `dateCreated`, `dateUpdated`, `uid`) VALUES ('81', '81', 'en_us', 'large', NULL, '1', '2015-01-29 23:34:15', '2015-01-29 23:36:52', '6cba855e-e18e-4fa2-86a9-490defa6b538');
INSERT INTO `craft_elements_i18n` (`id`, `elementId`, `locale`, `slug`, `uri`, `enabled`, `dateCreated`, `dateUpdated`, `uid`) VALUES ('83', '83', 'en_us', 'photo', NULL, '1', '2015-01-29 23:42:17', '2015-01-29 23:42:17', '5be6a795-029e-4a12-b469-0c6f707435bf');
INSERT INTO `craft_elements_i18n` (`id`, `elementId`, `locale`, `slug`, `uri`, `enabled`, `dateCreated`, `dateUpdated`, `uid`) VALUES ('84', '84', 'en_us', 'quote1', NULL, '1', '2015-01-29 23:43:29', '2015-01-29 23:43:29', 'bacdfc50-050b-435a-8c4b-c721a2b01a3a');
INSERT INTO `craft_elements_i18n` (`id`, `elementId`, `locale`, `slug`, `uri`, `enabled`, `dateCreated`, `dateUpdated`, `uid`) VALUES ('85', '85', 'en_us', 'dar', NULL, '1', '2015-01-29 23:46:27', '2015-01-29 23:57:14', 'f39d1e57-751a-4967-ab0a-1fbc9928a3e3');
INSERT INTO `craft_elements_i18n` (`id`, `elementId`, `locale`, `slug`, `uri`, `enabled`, `dateCreated`, `dateUpdated`, `uid`) VALUES ('86', '86', 'en_us', 'hudsonx3', NULL, '1', '2015-01-29 23:47:11', '2015-01-29 23:48:56', 'eea3cb4e-6cfd-4b49-ab49-45cb76143e99');
INSERT INTO `craft_elements_i18n` (`id`, `elementId`, `locale`, `slug`, `uri`, `enabled`, `dateCreated`, `dateUpdated`, `uid`) VALUES ('88', '88', 'en_us', 'quote2', NULL, '1', '2015-01-29 23:51:29', '2015-01-29 23:51:29', 'c8fcb4a6-b741-4882-b4b0-3c36dd34a341');
INSERT INTO `craft_elements_i18n` (`id`, `elementId`, `locale`, `slug`, `uri`, `enabled`, `dateCreated`, `dateUpdated`, `uid`) VALUES ('89', '89', 'en_us', 'pattern-home-2x', NULL, '1', '2015-01-30 03:45:54', '2015-01-30 03:45:54', '39f152ad-3292-419a-8460-6bf4a2816ee4');
INSERT INTO `craft_elements_i18n` (`id`, `elementId`, `locale`, `slug`, `uri`, `enabled`, `dateCreated`, `dateUpdated`, `uid`) VALUES ('91', '91', 'en_us', 'unnamed-1-1', NULL, '1', '2015-01-30 04:05:32', '2015-01-30 04:05:32', 'e13c7f01-9799-411a-8f5e-79b03202902e');
INSERT INTO `craft_elements_i18n` (`id`, `elementId`, `locale`, `slug`, `uri`, `enabled`, `dateCreated`, `dateUpdated`, `uid`) VALUES ('92', '92', 'en_us', 'unnamed-2', NULL, '1', '2015-01-30 04:06:14', '2015-01-30 04:06:14', 'e8a137e8-3ebf-452f-aaae-a763c9c2f5d0');
INSERT INTO `craft_elements_i18n` (`id`, `elementId`, `locale`, `slug`, `uri`, `enabled`, `dateCreated`, `dateUpdated`, `uid`) VALUES ('93', '93', 'en_us', 'unnamed-1-2', NULL, '1', '2015-01-30 04:06:27', '2015-01-30 04:06:27', '6b73a822-db36-4325-836e-6e0f8fd9f845');
INSERT INTO `craft_elements_i18n` (`id`, `elementId`, `locale`, `slug`, `uri`, `enabled`, `dateCreated`, `dateUpdated`, `uid`) VALUES ('94', '94', 'en_us', 'circle-2x', NULL, '1', '2015-01-30 04:10:04', '2015-01-30 04:10:04', '3964da41-e338-4bdc-a083-0f1f5f103aba');
INSERT INTO `craft_elements_i18n` (`id`, `elementId`, `locale`, `slug`, `uri`, `enabled`, `dateCreated`, `dateUpdated`, `uid`) VALUES ('95', '95', 'en_us', 'songs-2x', NULL, '1', '2015-01-30 04:12:51', '2015-01-30 04:12:51', '5b9f3992-b488-404c-ad6d-39a3ed2e7494');
INSERT INTO `craft_elements_i18n` (`id`, `elementId`, `locale`, `slug`, `uri`, `enabled`, `dateCreated`, `dateUpdated`, `uid`) VALUES ('96', '96', 'en_us', 'circle-2x-1', NULL, '1', '2015-01-30 04:13:28', '2015-01-30 04:13:28', '4c3c8777-ee87-4c25-a878-cfadc5fb2759');
INSERT INTO `craft_elements_i18n` (`id`, `elementId`, `locale`, `slug`, `uri`, `enabled`, `dateCreated`, `dateUpdated`, `uid`) VALUES ('97', '97', 'en_us', 'plant-2x', NULL, '1', '2015-01-30 04:15:22', '2015-01-30 04:15:22', '352fd9e6-1718-46f9-b3b7-7b2a2d80230e');
INSERT INTO `craft_elements_i18n` (`id`, `elementId`, `locale`, `slug`, `uri`, `enabled`, `dateCreated`, `dateUpdated`, `uid`) VALUES ('99', '99', 'en_us', '', NULL, '1', '2015-01-30 04:30:09', '2015-01-30 04:30:09', 'f352174c-2844-46f4-9de0-a8f6c894b9d3');
INSERT INTO `craft_elements_i18n` (`id`, `elementId`, `locale`, `slug`, `uri`, `enabled`, `dateCreated`, `dateUpdated`, `uid`) VALUES ('100', '100', 'en_us', 'ambassador-of-lonely', NULL, '1', '2015-01-30 04:35:36', '2015-01-30 04:35:36', '72cec122-3e6e-41f6-a36b-e423abe6acaf');
INSERT INTO `craft_elements_i18n` (`id`, `elementId`, `locale`, `slug`, `uri`, `enabled`, `dateCreated`, `dateUpdated`, `uid`) VALUES ('101', '101', 'en_us', 'pineapple-wallace-stevens-1', NULL, '1', '2015-01-30 04:35:36', '2015-01-30 04:35:36', 'fe946273-d4eb-4181-8a5a-98a7167c56e9');
INSERT INTO `craft_elements_i18n` (`id`, `elementId`, `locale`, `slug`, `uri`, `enabled`, `dateCreated`, `dateUpdated`, `uid`) VALUES ('102', '102', 'en_us', 'shayfer-james', NULL, '1', '2015-01-30 04:35:37', '2015-01-30 04:35:37', '14110d98-2ae1-44e2-9dd0-d0203199aa61');
INSERT INTO `craft_elements_i18n` (`id`, `elementId`, `locale`, `slug`, `uri`, `enabled`, `dateCreated`, `dateUpdated`, `uid`) VALUES ('103', '103', 'en_us', 'carnival-in-harlem', NULL, '1', '2015-01-30 04:37:00', '2015-01-30 04:37:00', 'a43bc4fa-8760-4330-92f5-7c9cd40b9a20');
INSERT INTO `craft_elements_i18n` (`id`, `elementId`, `locale`, `slug`, `uri`, `enabled`, `dateCreated`, `dateUpdated`, `uid`) VALUES ('104', '104', 'en_us', 'pineapple-wallace-stevens-2', NULL, '1', '2015-01-30 04:37:00', '2015-01-30 04:37:00', '69840e1e-4fe4-4506-ac3b-766572870608');
INSERT INTO `craft_elements_i18n` (`id`, `elementId`, `locale`, `slug`, `uri`, `enabled`, `dateCreated`, `dateUpdated`, `uid`) VALUES ('105', '105', 'en_us', 'charles-darwin', NULL, '1', '2015-01-30 04:37:01', '2015-01-30 04:37:01', 'ee8e3d8b-c8da-475a-93a5-524e3a205418');



DROP TABLE IF EXISTS `craft_emailmessages`;


--
-- Schema for table `craft_emailmessages`
--
CREATE TABLE `craft_emailmessages` (
  `id` int(11) NOT NULL AUTO_INCREMENT,
  `key` char(150) COLLATE utf8_unicode_ci NOT NULL,
  `locale` char(12) COLLATE utf8_unicode_ci NOT NULL,
  `subject` varchar(1000) COLLATE utf8_unicode_ci NOT NULL,
  `body` text COLLATE utf8_unicode_ci NOT NULL,
  `dateCreated` datetime NOT NULL,
  `dateUpdated` datetime NOT NULL,
  `uid` char(36) COLLATE utf8_unicode_ci NOT NULL DEFAULT '0',
  PRIMARY KEY (`id`),
  UNIQUE KEY `craft_emailmessages_key_locale_unq_idx` (`key`,`locale`),
  KEY `craft_emailmessages_locale_fk` (`locale`)
) ENGINE=InnoDB DEFAULT CHARSET=utf8 COLLATE=utf8_unicode_ci;

DROP TABLE IF EXISTS `craft_entries`;


--
-- Schema for table `craft_entries`
--
CREATE TABLE `craft_entries` (
  `id` int(11) NOT NULL,
  `sectionId` int(11) NOT NULL,
  `typeId` int(11) DEFAULT NULL,
  `authorId` int(11) DEFAULT NULL,
  `postDate` datetime DEFAULT NULL,
  `expiryDate` datetime DEFAULT NULL,
  `dateCreated` datetime NOT NULL,
  `dateUpdated` datetime NOT NULL,
  `uid` char(36) COLLATE utf8_unicode_ci NOT NULL DEFAULT '0',
  PRIMARY KEY (`id`),
  KEY `craft_entries_sectionId_idx` (`sectionId`),
  KEY `craft_entries_typeId_idx` (`typeId`),
  KEY `craft_entries_postDate_idx` (`postDate`),
  KEY `craft_entries_expiryDate_idx` (`expiryDate`),
  KEY `craft_entries_authorId_fk` (`authorId`)
) ENGINE=InnoDB DEFAULT CHARSET=utf8 COLLATE=utf8_unicode_ci;

--
-- Data for table `craft_entries`
--

INSERT INTO `craft_entries` (`id`, `sectionId`, `typeId`, `authorId`, `postDate`, `expiryDate`, `dateCreated`, `dateUpdated`, `uid`) VALUES ('2', '1', '1', NULL, '2015-01-09 03:25:58', NULL, '2015-01-09 03:25:58', '2015-01-30 04:15:30', '88606d81-9725-4a2d-baac-a6b573baa79c');
INSERT INTO `craft_entries` (`id`, `sectionId`, `typeId`, `authorId`, `postDate`, `expiryDate`, `dateCreated`, `dateUpdated`, `uid`) VALUES ('19', '2', '2', '1', '2015-01-14 17:11:20', NULL, '2015-01-14 17:11:20', '2015-01-14 17:11:20', '35d607ff-3ac0-40de-a99c-af7092e334a1');
INSERT INTO `craft_entries` (`id`, `sectionId`, `typeId`, `authorId`, `postDate`, `expiryDate`, `dateCreated`, `dateUpdated`, `uid`) VALUES ('20', '2', '2', '1', '2015-01-14 17:11:40', NULL, '2015-01-14 17:11:40', '2015-01-14 17:11:40', '40812449-de72-4eb0-a777-a397658e7923');
INSERT INTO `craft_entries` (`id`, `sectionId`, `typeId`, `authorId`, `postDate`, `expiryDate`, `dateCreated`, `dateUpdated`, `uid`) VALUES ('22', '4', '4', '1', '2015-01-17 20:50:36', NULL, '2015-01-17 20:50:37', '2015-01-17 20:50:37', '81ae2e2e-10c7-48a7-8070-513c7b888759');
INSERT INTO `craft_entries` (`id`, `sectionId`, `typeId`, `authorId`, `postDate`, `expiryDate`, `dateCreated`, `dateUpdated`, `uid`) VALUES ('38', '4', '4', '1', NULL, NULL, '2015-01-22 19:52:24', '2015-01-22 19:52:24', 'd0218788-7eff-4006-ab2f-ab908d719816');
INSERT INTO `craft_entries` (`id`, `sectionId`, `typeId`, `authorId`, `postDate`, `expiryDate`, `dateCreated`, `dateUpdated`, `uid`) VALUES ('44', '5', '5', NULL, '2015-01-23 00:12:17', NULL, '2015-01-23 00:12:17', '2015-01-23 00:12:17', '7bedbbf5-9c38-43af-9a31-f48d3c24ac70');
INSERT INTO `craft_entries` (`id`, `sectionId`, `typeId`, `authorId`, `postDate`, `expiryDate`, `dateCreated`, `dateUpdated`, `uid`) VALUES ('45', '6', '6', NULL, '2015-01-23 00:57:27', NULL, '2015-01-23 00:57:27', '2015-01-23 00:57:27', '7a95c02b-292f-498d-b4f3-57f0a67ef1d0');
INSERT INTO `craft_entries` (`id`, `sectionId`, `typeId`, `authorId`, `postDate`, `expiryDate`, `dateCreated`, `dateUpdated`, `uid`) VALUES ('72', '3', '3', '1', '2015-01-30 04:18:32', NULL, '2015-01-28 17:37:11', '2015-01-30 04:18:32', 'd56d3ad4-2847-48bc-ba03-337251844845');
INSERT INTO `craft_entries` (`id`, `sectionId`, `typeId`, `authorId`, `postDate`, `expiryDate`, `dateCreated`, `dateUpdated`, `uid`) VALUES ('102', '3', '3', '1', '2015-01-30 04:35:36', NULL, '2015-01-30 04:35:37', '2015-01-30 04:35:37', 'e2dcffd1-aa50-40ab-bed4-0b690b46a81e');
INSERT INTO `craft_entries` (`id`, `sectionId`, `typeId`, `authorId`, `postDate`, `expiryDate`, `dateCreated`, `dateUpdated`, `uid`) VALUES ('105', '3', '3', '1', '2015-01-30 04:37:00', NULL, '2015-01-30 04:37:01', '2015-01-30 04:37:01', 'e6196552-0c21-4fcc-857d-a0f03b3d4920');



DROP TABLE IF EXISTS `craft_entrydrafts`;


--
-- Schema for table `craft_entrydrafts`
--
CREATE TABLE `craft_entrydrafts` (
  `id` int(11) NOT NULL AUTO_INCREMENT,
  `entryId` int(11) NOT NULL,
  `sectionId` int(11) NOT NULL,
  `creatorId` int(11) NOT NULL,
  `locale` char(12) COLLATE utf8_unicode_ci NOT NULL,
  `name` varchar(255) COLLATE utf8_unicode_ci NOT NULL,
  `notes` tinytext COLLATE utf8_unicode_ci,
  `data` mediumtext COLLATE utf8_unicode_ci NOT NULL,
  `dateCreated` datetime NOT NULL,
  `dateUpdated` datetime NOT NULL,
  `uid` char(36) COLLATE utf8_unicode_ci NOT NULL DEFAULT '0',
  PRIMARY KEY (`id`),
  KEY `craft_entrydrafts_entryId_locale_idx` (`entryId`,`locale`),
  KEY `craft_entrydrafts_sectionId_fk` (`sectionId`),
  KEY `craft_entrydrafts_creatorId_fk` (`creatorId`),
  KEY `craft_entrydrafts_locale_fk` (`locale`)
) ENGINE=InnoDB DEFAULT CHARSET=utf8 COLLATE=utf8_unicode_ci;

DROP TABLE IF EXISTS `craft_entrytypes`;


--
-- Schema for table `craft_entrytypes`
--
CREATE TABLE `craft_entrytypes` (
  `id` int(11) NOT NULL AUTO_INCREMENT,
  `sectionId` int(11) NOT NULL,
  `fieldLayoutId` int(11) DEFAULT NULL,
  `name` varchar(255) COLLATE utf8_unicode_ci NOT NULL,
  `handle` varchar(255) COLLATE utf8_unicode_ci NOT NULL,
  `hasTitleField` tinyint(1) unsigned NOT NULL DEFAULT '1',
  `titleLabel` varchar(255) COLLATE utf8_unicode_ci DEFAULT 'Title',
  `titleFormat` varchar(255) COLLATE utf8_unicode_ci DEFAULT NULL,
  `sortOrder` tinyint(4) DEFAULT NULL,
  `dateCreated` datetime NOT NULL,
  `dateUpdated` datetime NOT NULL,
  `uid` char(36) COLLATE utf8_unicode_ci NOT NULL DEFAULT '0',
  PRIMARY KEY (`id`),
  UNIQUE KEY `craft_entrytypes_name_sectionId_unq_idx` (`name`,`sectionId`),
  UNIQUE KEY `craft_entrytypes_handle_sectionId_unq_idx` (`handle`,`sectionId`),
  KEY `craft_entrytypes_sectionId_fk` (`sectionId`),
  KEY `craft_entrytypes_fieldLayoutId_fk` (`fieldLayoutId`)
) ENGINE=InnoDB AUTO_INCREMENT=7 DEFAULT CHARSET=utf8 COLLATE=utf8_unicode_ci;

--
-- Data for table `craft_entrytypes`
--

INSERT INTO `craft_entrytypes` (`id`, `sectionId`, `fieldLayoutId`, `name`, `handle`, `hasTitleField`, `titleLabel`, `titleFormat`, `sortOrder`, `dateCreated`, `dateUpdated`, `uid`) VALUES ('1', '1', '36', 'Homepage', 'homepage', '1', 'Title', NULL, NULL, '2015-01-09 03:25:58', '2015-01-28 05:05:18', '2c787061-55cf-4942-a2d0-c9a16a04793c');
INSERT INTO `craft_entrytypes` (`id`, `sectionId`, `fieldLayoutId`, `name`, `handle`, `hasTitleField`, `titleLabel`, `titleFormat`, `sortOrder`, `dateCreated`, `dateUpdated`, `uid`) VALUES ('2', '2', '12', 'Gallery', 'Gallery', '1', 'Caption', NULL, NULL, '2015-01-09 03:25:59', '2015-01-14 17:08:43', 'a89927a6-ca09-4dbb-ae13-de4f92685de0');
INSERT INTO `craft_entrytypes` (`id`, `sectionId`, `fieldLayoutId`, `name`, `handle`, `hasTitleField`, `titleLabel`, `titleFormat`, `sortOrder`, `dateCreated`, `dateUpdated`, `uid`) VALUES ('3', '3', '21', 'Inquiries', 'inquiries', '1', 'Title', NULL, NULL, '2015-01-14 15:34:10', '2015-01-23 00:12:46', '79e80698-81e0-49be-bd30-28a96ed455af');
INSERT INTO `craft_entrytypes` (`id`, `sectionId`, `fieldLayoutId`, `name`, `handle`, `hasTitleField`, `titleLabel`, `titleFormat`, `sortOrder`, `dateCreated`, `dateUpdated`, `uid`) VALUES ('4', '4', '15', 'Retreat Members', 'retreatMembers', '1', 'Name', NULL, NULL, '2015-01-17 20:19:00', '2015-01-17 20:46:31', 'd635783e-7a59-486b-a7c4-97aeee1eee2d');
INSERT INTO `craft_entrytypes` (`id`, `sectionId`, `fieldLayoutId`, `name`, `handle`, `hasTitleField`, `titleLabel`, `titleFormat`, `sortOrder`, `dateCreated`, `dateUpdated`, `uid`) VALUES ('5', '5', '20', 'Contact', 'contact', '0', NULL, '{section.name|raw}', NULL, '2015-01-23 00:12:17', '2015-01-23 00:12:35', 'a81def0b-6589-4aad-a9ff-2edb61921f03');
INSERT INTO `craft_entrytypes` (`id`, `sectionId`, `fieldLayoutId`, `name`, `handle`, `hasTitleField`, `titleLabel`, `titleFormat`, `sortOrder`, `dateCreated`, `dateUpdated`, `uid`) VALUES ('6', '6', '31', 'About', 'about', '0', NULL, '{section.name|raw}', NULL, '2015-01-23 00:57:27', '2015-01-23 02:04:14', 'b46eecf5-0f11-4621-a628-a7d6e79b33f6');



DROP TABLE IF EXISTS `craft_entryversions`;


--
-- Schema for table `craft_entryversions`
--
CREATE TABLE `craft_entryversions` (
  `id` int(11) NOT NULL AUTO_INCREMENT,
  `entryId` int(11) NOT NULL,
  `sectionId` int(11) NOT NULL,
  `creatorId` int(11) DEFAULT NULL,
  `locale` char(12) COLLATE utf8_unicode_ci NOT NULL,
  `num` smallint(6) unsigned NOT NULL,
  `notes` tinytext COLLATE utf8_unicode_ci,
  `data` mediumtext COLLATE utf8_unicode_ci NOT NULL,
  `dateCreated` datetime NOT NULL,
  `dateUpdated` datetime NOT NULL,
  `uid` char(36) COLLATE utf8_unicode_ci NOT NULL DEFAULT '0',
  PRIMARY KEY (`id`),
  KEY `craft_entryversions_entryId_locale_idx` (`entryId`,`locale`),
  KEY `craft_entryversions_sectionId_fk` (`sectionId`),
  KEY `craft_entryversions_creatorId_fk` (`creatorId`),
  KEY `craft_entryversions_locale_fk` (`locale`)
) ENGINE=InnoDB AUTO_INCREMENT=73 DEFAULT CHARSET=utf8 COLLATE=utf8_unicode_ci;

--
-- Data for table `craft_entryversions`
--

INSERT INTO `craft_entryversions` (`id`, `entryId`, `sectionId`, `creatorId`, `locale`, `num`, `notes`, `data`, `dateCreated`, `dateUpdated`, `uid`) VALUES ('11', '19', '2', '1', 'en_us', '1', '', '{\"typeId\":null,\"authorId\":\"1\",\"title\":\"This is our water front\",\"slug\":\"this-is-our-water-front\",\"postDate\":1421255480,\"expiryDate\":null,\"enabled\":1,\"fields\":{\"7\":[\"17\"]}}', '2015-01-14 17:11:20', '2015-01-14 17:11:20', '89d5c2c0-0920-45fc-954c-19ddb8928295');
INSERT INTO `craft_entryversions` (`id`, `entryId`, `sectionId`, `creatorId`, `locale`, `num`, `notes`, `data`, `dateCreated`, `dateUpdated`, `uid`) VALUES ('12', '20', '2', '1', 'en_us', '1', '', '{\"typeId\":null,\"authorId\":\"1\",\"title\":\"Come take a hike in our forests\",\"slug\":\"come-take-a-hike-in-our-forests\",\"postDate\":1421255500,\"expiryDate\":null,\"enabled\":1,\"fields\":{\"7\":[\"18\"]}}', '2015-01-14 17:11:40', '2015-01-14 17:11:40', '9a3f3ca8-44d4-416d-9519-c5d6536efa03');
INSERT INTO `craft_entryversions` (`id`, `entryId`, `sectionId`, `creatorId`, `locale`, `num`, `notes`, `data`, `dateCreated`, `dateUpdated`, `uid`) VALUES ('13', '22', '4', '1', 'en_us', '1', '', '{\"typeId\":null,\"authorId\":\"1\",\"title\":\"test\",\"slug\":\"test\",\"postDate\":1421527836,\"expiryDate\":null,\"enabled\":1,\"fields\":{\"12\":\"\",\"15\":\"\",\"16\":\"\",\"18\":\"\",\"3\":\"\",\"8\":\"\",\"7\":\"\",\"20\":\"\",\"17\":\"\",\"9\":\"Check\",\"4\":\"\",\"14\":\"\",\"21\":\"\",\"6\":\"June 23 - 27\",\"13\":\"\",\"5\":\"\",\"10\":\"\",\"11\":\"\",\"19\":\"\"}}', '2015-01-17 20:50:37', '2015-01-17 20:50:37', 'afe749bd-b32c-4cc6-a612-5d185b21c05d');
INSERT INTO `craft_entryversions` (`id`, `entryId`, `sectionId`, `creatorId`, `locale`, `num`, `notes`, `data`, `dateCreated`, `dateUpdated`, `uid`) VALUES ('22', '38', '4', '1', 'en_us', '1', NULL, '{\"typeId\":null,\"authorId\":\"1\",\"title\":\"sdfdsfdsfsdfsdfdsfs\",\"slug\":\"sdfdsfdsfsdfsdfdsfs\",\"postDate\":null,\"expiryDate\":null,\"enabled\":0,\"fields\":[]}', '2015-01-22 19:52:24', '2015-01-22 19:52:24', 'f07a8f45-8c7f-46cc-a7c0-58c8a298a64e');
INSERT INTO `craft_entryversions` (`id`, `entryId`, `sectionId`, `creatorId`, `locale`, `num`, `notes`, `data`, `dateCreated`, `dateUpdated`, `uid`) VALUES ('31', '2', '1', '1', 'en_us', '1', '', '{\"typeId\":\"1\",\"authorId\":null,\"title\":\"Home\",\"slug\":\"homepage\",\"postDate\":1420773958,\"expiryDate\":null,\"enabled\":1,\"fields\":{\"25\":{\"new1\":{\"type\":\"block\",\"enabled\":\"1\",\"fields\":{\"headline\":\"Writing a Song that Matters\",\"date1\":\"Jun 23 to 27, 2015\",\"date2\":\"August 29 to September 2, 2015\",\"location\":\"Garrison, New York\",\"body\":\"<p>Please Join me at the beautiful GARRISON INSTITUTE for five days of:<\\/p><ul><\\/ul>\",\"photo1\":[\"16\"],\"photo2\":[\"18\"],\"photo3\":[\"17\"],\"quote\":\"\\\"In the end, the retreat was much more than a songwriting retreat.\\\" \",\"quoteCredit\":\"-W. , 2013\"}}}}}', '2015-01-23 01:14:27', '2015-01-23 01:14:27', 'ab867d61-e871-4090-9a9c-67017cf99902');
INSERT INTO `craft_entryversions` (`id`, `entryId`, `sectionId`, `creatorId`, `locale`, `num`, `notes`, `data`, `dateCreated`, `dateUpdated`, `uid`) VALUES ('32', '2', '1', '1', 'en_us', '2', '', '{\"typeId\":\"1\",\"authorId\":null,\"title\":\"Home\",\"slug\":\"homepage\",\"postDate\":1420773958,\"expiryDate\":null,\"enabled\":1,\"fields\":{\"25\":{\"46\":{\"type\":\"block\",\"enabled\":\"1\",\"fields\":{\"headline\":\"Writing a Song that Matters\",\"date1\":\"Jun 23 to 27, 2015\",\"date2\":\"August 29 to September 2, 2015\",\"location\":\"Garrison, New York\",\"body\":\"<p>Please Join me at the beautiful GARRISON INSTITUTE for five days of:<\\/p><ul><\\/ul>\",\"photo1\":[\"16\"],\"photo2\":[\"18\"],\"photo3\":[\"17\"],\"quote\":\"\\\"In the end, the retreat was much more than a songwriting retreat.\\\" \",\"quoteCredit\":\"-W. , 2013\"}}},\"24\":[\"17\"]}}', '2015-01-23 01:19:52', '2015-01-23 01:19:52', 'b7ad6dd9-cdbf-48c6-ac62-7df5c0b85c56');
INSERT INTO `craft_entryversions` (`id`, `entryId`, `sectionId`, `creatorId`, `locale`, `num`, `notes`, `data`, `dateCreated`, `dateUpdated`, `uid`) VALUES ('33', '2', '1', '1', 'en_us', '3', '', '{\"typeId\":\"1\",\"authorId\":null,\"title\":\"Home\",\"slug\":\"homepage\",\"postDate\":1420773958,\"expiryDate\":null,\"enabled\":1,\"fields\":{\"25\":{\"46\":{\"type\":\"block\",\"enabled\":\"1\",\"fields\":{\"headline\":\"Writing a Song that Matters\",\"date1\":\"Jun 23 to 27, 2015\",\"date2\":\"August 29 to September 2, 2015\",\"location\":\"Garrison, New York\",\"body\":\"<p>Please Join me at the beautiful GARRISON INSTITUTE for five days of:<\\/p><ul><\\/ul>\",\"photo1\":[\"16\"],\"photo2\":[\"18\"],\"photo3\":[\"17\"],\"quote\":\"\\\"In the end, the retreat was much more than a songwriting retreat.\\\" \",\"quoteCredit\":\"-W. , 2013\"}}},\"24\":[\"16\"]}}', '2015-01-23 01:33:45', '2015-01-23 01:33:45', 'cf2fac4f-1d40-4b0c-9749-0d8232e6ca5f');
INSERT INTO `craft_entryversions` (`id`, `entryId`, `sectionId`, `creatorId`, `locale`, `num`, `notes`, `data`, `dateCreated`, `dateUpdated`, `uid`) VALUES ('34', '2', '1', '1', 'en_us', '4', '', '{\"typeId\":\"1\",\"authorId\":null,\"title\":\"Home\",\"slug\":\"homepage\",\"postDate\":1420773958,\"expiryDate\":null,\"enabled\":1,\"fields\":{\"25\":{\"46\":{\"type\":\"block\",\"enabled\":\"1\",\"fields\":{\"headline\":\"Writing a Song that Matters\",\"date1\":\"Jun 23 to 27, 2015\",\"date2\":\"August 29 to September 2, 2015\",\"location\":\"Garrison, New York\",\"body\":\"<p>Please Join me at the beautiful GARRISON INSTITUTE for five days of:<\\/p><ul><\\/ul>\",\"photo1\":[\"16\"],\"photo2\":[\"18\"],\"photo3\":[\"17\"],\"quote\":\"\\\"In the end, the retreat was much more than a songwriting retreat.\\\" \",\"quoteCredit\":\"-W. , 2013\"}}},\"24\":[\"18\"]}}', '2015-01-23 01:34:25', '2015-01-23 01:34:25', '62eb6fd6-c9dd-4069-bf04-1617689b0c90');
INSERT INTO `craft_entryversions` (`id`, `entryId`, `sectionId`, `creatorId`, `locale`, `num`, `notes`, `data`, `dateCreated`, `dateUpdated`, `uid`) VALUES ('35', '2', '1', '1', 'en_us', '5', '', '{\"typeId\":\"1\",\"authorId\":null,\"title\":\"Home\",\"slug\":\"homepage\",\"postDate\":1420773958,\"expiryDate\":null,\"enabled\":1,\"fields\":{\"25\":{\"46\":{\"type\":\"block\",\"enabled\":\"1\",\"fields\":{\"headline\":\"Writing a Song that Matters\",\"date1\":\"Jun 23 to 27, 2015\",\"date2\":\"August 29 to September 2, 2015\",\"location\":\"Garrison, New York\",\"body\":\"<p>Please Join me at the beautiful GARRISON INSTITUTE for five days of:<\\/p><ul><\\/ul>\",\"photo1\":[\"16\"],\"photo2\":[\"18\"],\"photo3\":[\"17\"],\"quote\":\"\\\"In the end, the retreat was much more than a songwriting retreat.\\\" \",\"quoteCredit\":\"-W. , 2013\"}}},\"24\":[\"47\"]}}', '2015-01-23 01:36:25', '2015-01-23 01:36:25', '6e762a44-8474-4843-8248-836ec13ca079');
INSERT INTO `craft_entryversions` (`id`, `entryId`, `sectionId`, `creatorId`, `locale`, `num`, `notes`, `data`, `dateCreated`, `dateUpdated`, `uid`) VALUES ('36', '2', '1', '1', 'en_us', '6', '', '{\"typeId\":\"1\",\"authorId\":null,\"title\":\"Home\",\"slug\":\"homepage\",\"postDate\":1420773958,\"expiryDate\":null,\"enabled\":1,\"fields\":{\"25\":{\"46\":{\"type\":\"block\",\"enabled\":\"1\",\"fields\":{\"headline\":\"Writing a Song that Matters\",\"date1\":\"Jun 23 to 27, 2015\",\"date2\":\"August 29 to September 2, 2015\",\"location\":\"Garrison, New York\",\"body\":\"<p>Please Join me at the beautiful GARRISON INSTITUTE for five days of:<\\/p><ul><\\/ul>\",\"photo1\":[\"16\"],\"photo2\":[\"18\"],\"photo3\":[\"17\"],\"quote\":\"\\\"In the end, the retreat was much more than a songwriting retreat.\\\" \",\"quoteCredit\":\"-W. , 2013\"}}},\"24\":[\"48\"]}}', '2015-01-23 01:41:45', '2015-01-23 01:41:45', 'c794d94e-c90d-4b0d-ad94-df584b0e5549');
INSERT INTO `craft_entryversions` (`id`, `entryId`, `sectionId`, `creatorId`, `locale`, `num`, `notes`, `data`, `dateCreated`, `dateUpdated`, `uid`) VALUES ('37', '2', '1', '1', 'en_us', '7', '', '{\"typeId\":\"1\",\"authorId\":null,\"title\":\"Home\",\"slug\":\"homepage\",\"postDate\":1420773958,\"expiryDate\":null,\"enabled\":1,\"fields\":{\"25\":{\"46\":{\"type\":\"block\",\"enabled\":\"1\",\"fields\":{\"headline\":\"Writing a Song that Matters\",\"date1\":\"Jun 23 to 27, 2015\",\"date2\":\"August 29 to September 2, 2015\",\"location\":\"Garrison, New York\",\"body\":\"<p>Please Join me at the beautiful GARRISON INSTITUTE for five days of:<\\/p><ul><\\/ul>\",\"photo1\":[\"18\"],\"photo2\":[\"18\"],\"photo3\":[\"17\"],\"quote\":\"\\\"In the end, the retreat was much more than a songwriting retreat.\\\" \",\"quoteCredit\":\"-W. , 2013\"}}},\"24\":[\"48\"]}}', '2015-01-27 19:24:42', '2015-01-27 19:24:42', '21f7e980-d6a1-47e6-8521-6cebff8f36d2');
INSERT INTO `craft_entryversions` (`id`, `entryId`, `sectionId`, `creatorId`, `locale`, `num`, `notes`, `data`, `dateCreated`, `dateUpdated`, `uid`) VALUES ('38', '2', '1', '1', 'en_us', '8', '', '{\"typeId\":\"1\",\"authorId\":null,\"title\":\"Home\",\"slug\":\"homepage\",\"postDate\":1420773958,\"expiryDate\":null,\"enabled\":1,\"fields\":{\"25\":{\"46\":{\"type\":\"block\",\"enabled\":\"1\",\"fields\":{\"headline\":\"Writing a Song that Matters\",\"date1\":\"Jun 23 to 27, 2015\",\"date2\":\"August 29 to September 2, 2015\",\"location\":\"Garrison, New York\",\"body\":\"<p>Please Join me at the beautiful GARRISON INSTITUTE for five days of:<\\/p><ul><\\/ul>\",\"photo1\":[\"47\"],\"photo2\":\"\",\"photo3\":\"\",\"quote\":\"\\\"In the end, the retreat was much more than a songwriting retreat.\\\" \",\"quoteCredit\":\"-W. , 2013\"}}},\"24\":\"\"}}', '2015-01-27 19:27:43', '2015-01-27 19:27:43', '97a62fdc-1834-46bd-b7d9-709a94d8c853');
INSERT INTO `craft_entryversions` (`id`, `entryId`, `sectionId`, `creatorId`, `locale`, `num`, `notes`, `data`, `dateCreated`, `dateUpdated`, `uid`) VALUES ('39', '2', '1', '1', 'en_us', '9', '', '{\"typeId\":\"1\",\"authorId\":null,\"title\":\"Home\",\"slug\":\"homepage\",\"postDate\":1420773958,\"expiryDate\":null,\"enabled\":1,\"fields\":{\"25\":{\"46\":{\"type\":\"block\",\"enabled\":\"1\",\"fields\":{\"headline\":\"Writing a Song that Matters\",\"date1\":\"Jun 23 to 27, 2015\",\"date2\":\"August 29 to September 2, 2015\",\"location\":\"Garrison, New York\",\"body\":\"<p>Please Join me at the beautiful GARRISON INSTITUTE for five days of:<\\/p><ul><\\/ul>\",\"photo1\":[\"47\"],\"photo2\":[\"18\"],\"photo3\":[\"17\"],\"quote\":\"\\\"In the end, the retreat was much more than a songwriting retreat.\\\" \",\"quoteCredit\":\"-W. , 2013\"}}},\"24\":\"\"}}', '2015-01-27 19:28:52', '2015-01-27 19:28:52', 'ef9a0647-5c28-4057-8586-e58821e95d64');
INSERT INTO `craft_entryversions` (`id`, `entryId`, `sectionId`, `creatorId`, `locale`, `num`, `notes`, `data`, `dateCreated`, `dateUpdated`, `uid`) VALUES ('40', '2', '1', '1', 'en_us', '10', '', '{\"typeId\":\"1\",\"authorId\":null,\"title\":\"Home\",\"slug\":\"homepage\",\"postDate\":1420773958,\"expiryDate\":null,\"enabled\":1,\"fields\":{\"25\":{\"46\":{\"type\":\"block\",\"enabled\":\"1\",\"fields\":{\"headline\":\"Writing a Song that Matters\",\"date1\":\"Jun 23 to 27, 2015\",\"date2\":\"August 29 to September 2, 2015\",\"location\":\"Garrison, New York\",\"body\":\"<p>Please Join me at the beautiful GARRISON INSTITUTE for five days of:<\\/p><ul><\\/ul>\",\"photo1\":[\"47\"],\"photo2\":[\"50\"],\"photo3\":[\"51\"],\"quote\":\"\\\"In the end, the retreat was much more than a songwriting retreat.\\\" \",\"quoteCredit\":\"-W. , 2013\"}}},\"24\":\"\"}}', '2015-01-27 21:19:34', '2015-01-27 21:19:34', 'c8c646d1-1793-42ee-8e5b-bd4ea32dfc15');
INSERT INTO `craft_entryversions` (`id`, `entryId`, `sectionId`, `creatorId`, `locale`, `num`, `notes`, `data`, `dateCreated`, `dateUpdated`, `uid`) VALUES ('41', '2', '1', '1', 'en_us', '11', '', '{\"typeId\":\"1\",\"authorId\":null,\"title\":\"Home\",\"slug\":\"homepage\",\"postDate\":1420773958,\"expiryDate\":null,\"enabled\":1,\"fields\":{\"25\":{\"46\":{\"type\":\"block\",\"enabled\":\"1\",\"fields\":{\"headline\":\"Writing a Song that Matters\",\"date1\":\"Jun 23 to 27, 2015\",\"date2\":\"August 29 to September 2, 2015\",\"location\":\"Garrison, New York\",\"body\":\"<p>Please Join me at the beautiful GARRISON INSTITUTE for five days of:<\\/p><ul><\\/ul>\",\"photo1\":[\"47\"],\"photo2\":[\"47\"],\"photo3\":[\"47\"],\"photo4\":[\"47\"],\"quote\":\"\\\"In the end, the retreat was much more than a songwriting retreat.\\\" \",\"quoteCredit\":\"-W. , 2013\"}}},\"24\":\"\"}}', '2015-01-27 21:23:53', '2015-01-27 21:23:53', '0450764e-6803-42f3-8dec-ff6f3eacb4d8');
INSERT INTO `craft_entryversions` (`id`, `entryId`, `sectionId`, `creatorId`, `locale`, `num`, `notes`, `data`, `dateCreated`, `dateUpdated`, `uid`) VALUES ('42', '2', '1', '1', 'en_us', '12', '', '{\"typeId\":\"1\",\"authorId\":null,\"title\":\"Home\",\"slug\":\"homepage\",\"postDate\":1420773958,\"expiryDate\":null,\"enabled\":1,\"fields\":{\"25\":{\"46\":{\"type\":\"block\",\"enabled\":\"1\",\"fields\":{\"headline\":\"Writing a Song that Matters\",\"date1\":\"Jun 23 to 27, 2015\",\"date2\":\"August 29 to September 2, 2015\",\"location\":\"Garrison, New York\",\"body\":\"<p>Please Join me at the beautiful GARRISON INSTITUTE for five days of:<\\/p><ul><\\/ul>\",\"photo1\":[\"47\"],\"photo2\":[\"52\"],\"photo3\":[\"47\"],\"photo4\":[\"47\"],\"quote\":\"\\\"In the end, the retreat was much more than a songwriting retreat.\\\" \",\"quoteCredit\":\"-W. , 2013\"}}},\"24\":\"\"}}', '2015-01-28 03:34:14', '2015-01-28 03:34:14', '9f32ce25-1dc9-4f22-927f-6db05d77289d');
INSERT INTO `craft_entryversions` (`id`, `entryId`, `sectionId`, `creatorId`, `locale`, `num`, `notes`, `data`, `dateCreated`, `dateUpdated`, `uid`) VALUES ('43', '2', '1', '1', 'en_us', '13', '', '{\"typeId\":\"1\",\"authorId\":null,\"title\":\"Home\",\"slug\":\"homepage\",\"postDate\":1420773958,\"expiryDate\":null,\"enabled\":1,\"fields\":{\"25\":{\"46\":{\"type\":\"block\",\"enabled\":\"1\",\"fields\":{\"headline\":\"Writing a Song that Matters\",\"date1\":\"Jun 23 to 27, 2015\",\"date2\":\"August 29 to September 2, 2015\",\"location\":\"Garrison, New York\",\"body\":\"<p>Please Join me at the beautiful GARRISON INSTITUTE for five days of:<\\/p><ul><\\/ul>\",\"photo1\":[\"47\"],\"photo2\":[\"52\"],\"photo3\":[\"53\"],\"photo4\":[\"54\"],\"quote\":\"\\\"In the end, the retreat was much more than a songwriting retreat.\\\" \",\"quoteCredit\":\"-W. , 2013\"}}},\"24\":\"\"}}', '2015-01-28 03:42:38', '2015-01-28 03:42:38', '23bf63e9-5dff-45a9-ac4b-8f11ced86d1d');
INSERT INTO `craft_entryversions` (`id`, `entryId`, `sectionId`, `creatorId`, `locale`, `num`, `notes`, `data`, `dateCreated`, `dateUpdated`, `uid`) VALUES ('44', '2', '1', '1', 'en_us', '14', '', '{\"typeId\":\"1\",\"authorId\":null,\"title\":\"Home\",\"slug\":\"homepage\",\"postDate\":1420773958,\"expiryDate\":null,\"enabled\":1,\"fields\":{\"25\":{\"46\":{\"type\":\"block\",\"enabled\":\"1\",\"fields\":{\"headline\":\"Writing a Song that Matters\",\"date1\":\"Jun 23 to 27, 2015\",\"date2\":\"August 29 to September 2, 2015\",\"location\":\"Garrison, New York\",\"bulletsIntro\":\"Please Join me at the beautiful GARRISON INSTITUTE for five days of:\",\"bulletPoints1\":[{\"col1\":\"Songwriting\"},{\"col1\":\"Morning Yog\"},{\"col1\":\"Inspiration \"}],\"bulletpoints2\":[{\"col1\":\"Singing\"},{\"col1\":\"Excellent Vegetarian Meals\"},{\"col1\":\"Sweeping Views of the Hudson River\"}],\"body\":\"<p>This workshop is for anyone that wants to write a song that counts: for ourselves, for the people (or pets) we love and for the world. Our songs can be funny, heavy, catchy or sappy! We\'ll just be looking for ways to say what we really want to say. <\\/p><ul><\\/ul>\",\"photo1\":[\"47\"],\"photo2\":[\"52\"],\"photo3\":[\"53\"],\"photo4\":[\"54\"],\"quote\":\"\\\"In the end, the retreat was much more than a songwriting retreat.\\\" \",\"quoteCredit\":\"-W. , 2013\"}}},\"24\":\"\"}}', '2015-01-28 04:42:33', '2015-01-28 04:42:33', 'f70501e7-43a1-4536-a513-0b9567f28907');
INSERT INTO `craft_entryversions` (`id`, `entryId`, `sectionId`, `creatorId`, `locale`, `num`, `notes`, `data`, `dateCreated`, `dateUpdated`, `uid`) VALUES ('45', '2', '1', '1', 'en_us', '15', '', '{\"typeId\":\"1\",\"authorId\":null,\"title\":\"Home\",\"slug\":\"homepage\",\"postDate\":1420773958,\"expiryDate\":null,\"enabled\":1,\"fields\":{\"25\":{\"46\":{\"type\":\"block\",\"enabled\":\"1\",\"fields\":{\"headline\":\"Writing a Song that Matters\",\"date1\":\"Jun 23 to 27, 2015\",\"date2\":\"August 29 to September 2, 2015\",\"location\":\"Garrison, New York\",\"bulletsIntro\":\"Please Join me at the beautiful GARRISON INSTITUTE for five days of:\",\"bulletPoints1\":[{\"col1\":\"Songwriting\"},{\"col1\":\"Morning Yog\"},{\"col1\":\"Inspiration \"}],\"bulletpoints2\":[{\"col1\":\"Singing\"},{\"col1\":\"Excellent Vegetarian Meals\"},{\"col1\":\"Sweeping Views of the Hudson River\"}],\"body\":\"<p>This workshop is for anyone that wants to write a song that counts: for ourselves, for the people (or pets) we love and for the world. Our songs can be funny, heavy, catchy or sappy! We\'ll just be looking for ways to say what we really want to say. <\\/p><ul><\\/ul>\",\"photo1\":[\"47\"],\"photo2\":[\"52\"],\"photo3\":[\"53\"],\"photo4\":[\"54\"],\"quote\":\"\\\"In the end, the retreat was much more than a songwriting retreat.\\\" \",\"quoteCredit\":\"-W. , 2013\"}}},\"24\":\"\",\"37\":{\"new1\":{\"type\":\"block\",\"enabled\":\"1\",\"fields\":{\"pattern\":[\"55\"],\"body\":\"<p>\\r\\n\\tWe\'ll explore everything from the bag of tricks we use in songwriting to discussions of why we need to write in the first place, how we can stay the course in writing, and how we can finish our songs, no matter how discouraging the voices in our heads might be.\\r\\n<\\/p>\\r\\n<p>\\r\\n\\tPlease fill in the application, including a note about why you\'d like to attend, and we\'ll let you know ASAP if you\'re in. Space is limited to 32 people.\\r\\n<\\/p>\\r\\n<p>\\r\\n\\tYou don\'t have to send a song, but I ask that you have completed one whole song at some point in your life. It\'s important for me to know that you have experienced that spark of excitement about songwriting. A trunkful of half-written songs is fine, too.<span><\\/span>\\r\\n<\\/p>\\r\\n<p>\\r\\n\\tI will be joined by musicians who will be around and available for one on one help tweaking lyrics and coming up with interesting music twists.<span><\\/span>\\r\\n<\\/p>\\r\\n<p>\\r\\n\\t<strong>I\'m looking forward to it. See you soon!<\\/strong>\\r\\n\\t<strong>Best, Dar<\\/strong>\\r\\n<\\/p>\",\"pricing\":\"\",\"firstRetreat\":\"\",\"secondRetreat\":\"\",\"quote\":\"\",\"sidePattern\":\"\",\"photo1\":\"\",\"photo2\":\"\"}}}}}', '2015-01-28 05:13:58', '2015-01-28 05:13:58', '2167d80f-f9f5-4eaf-8b2c-9db46616be17');
INSERT INTO `craft_entryversions` (`id`, `entryId`, `sectionId`, `creatorId`, `locale`, `num`, `notes`, `data`, `dateCreated`, `dateUpdated`, `uid`) VALUES ('46', '2', '1', '1', 'en_us', '16', '', '{\"typeId\":\"1\",\"authorId\":null,\"title\":\"Home\",\"slug\":\"homepage\",\"postDate\":1420773958,\"expiryDate\":null,\"enabled\":1,\"fields\":{\"25\":{\"46\":{\"type\":\"block\",\"enabled\":\"1\",\"fields\":{\"headline\":\"Writing a Song that Matters\",\"date1\":\"Jun 23 to 27, 2015\",\"date2\":\"August 29 to September 2, 2015\",\"location\":\"Garrison, New York\",\"bulletsIntro\":\"Please Join me at the beautiful GARRISON INSTITUTE for five days of:\",\"bulletPoints1\":[{\"col1\":\"Songwriting\"},{\"col1\":\"Morning Yog\"},{\"col1\":\"Inspiration \"}],\"bulletpoints2\":[{\"col1\":\"Singing\"},{\"col1\":\"Excellent Vegetarian Meals\"},{\"col1\":\"Sweeping Views of the Hudson River\"}],\"body\":\"<p>This workshop is for anyone that wants to write a song that counts: for ourselves, for the people (or pets) we love and for the world. Our songs can be funny, heavy, catchy or sappy! We\'ll just be looking for ways to say what we really want to say. <\\/p><ul><\\/ul>\",\"photo1\":[\"47\"],\"photo2\":[\"52\"],\"photo3\":[\"53\"],\"photo4\":[\"54\"],\"quote\":\"\\\"In the end, the retreat was much more than a songwriting retreat.\\\" \",\"quoteCredit\":\"-W. , 2013\"}}},\"24\":\"\",\"37\":{\"56\":{\"type\":\"block\",\"enabled\":\"1\",\"fields\":{\"pattern\":[\"55\"],\"body\":\"<p>\\r\\n\\tWe\'ll explore everything from the bag of tricks we use in songwriting to discussions of why we need to write in the first place, how we can stay the course in writing, and how we can finish our songs, no matter how discouraging the voices in our heads might be.\\r\\n<\\/p><p>\\r\\n\\tPlease fill in the application, including a note about why you\'d like to attend, and we\'ll let you know ASAP if you\'re in. Space is limited to 32 people.\\r\\n<\\/p><p>\\r\\n\\tYou don\'t have to send a song, but I ask that you have completed one whole song at some point in your life. It\'s important for me to know that you have experienced that spark of excitement about songwriting. A trunkful of half-written songs is fine, too.\\r\\n<\\/p><p>\\r\\n\\tI will be joined by musicians who will be around and available for one on one help tweaking lyrics and coming up with interesting music twists.\\r\\n<\\/p><p>\\r\\n\\t<strong>I\'m looking forward to it. See you soon!<\\/strong> <\\/p><p>\\t<strong>Best, Dar<\\/strong>\\r\\n<\\/p>\",\"pricing\":\"\",\"firstRetreat\":\"\",\"secondRetreat\":\"\",\"quote\":\"\",\"sidePattern\":\"\",\"photo1\":\"\",\"photo2\":\"\"}}}}}', '2015-01-28 05:14:14', '2015-01-28 05:14:14', '76710462-6499-4520-b75f-26a430ed24fe');
INSERT INTO `craft_entryversions` (`id`, `entryId`, `sectionId`, `creatorId`, `locale`, `num`, `notes`, `data`, `dateCreated`, `dateUpdated`, `uid`) VALUES ('47', '2', '1', '1', 'en_us', '17', '', '{\"typeId\":\"1\",\"authorId\":null,\"title\":\"Home\",\"slug\":\"homepage\",\"postDate\":1420773958,\"expiryDate\":null,\"enabled\":1,\"fields\":{\"25\":{\"46\":{\"type\":\"block\",\"enabled\":\"1\",\"fields\":{\"headline\":\"Writing a Song that Matters\",\"date1\":\"Jun 23 to 27, 2015\",\"date2\":\"August 29 to September 2, 2015\",\"location\":\"Garrison, New York\",\"bulletsIntro\":\"Please Join me at the beautiful GARRISON INSTITUTE for five days of:\",\"bulletPoints1\":[{\"col1\":\"Songwriting\"},{\"col1\":\"Morning Yog\"},{\"col1\":\"Inspiration \"}],\"bulletpoints2\":[{\"col1\":\"Singing\"},{\"col1\":\"Excellent Vegetarian Meals\"},{\"col1\":\"Sweeping Views of the Hudson River\"}],\"body\":\"<p>This workshop is for anyone that wants to write a song that counts: for ourselves, for the people (or pets) we love and for the world. Our songs can be funny, heavy, catchy or sappy! We\'ll just be looking for ways to say what we really want to say. <\\/p><ul><\\/ul>\",\"photo1\":[\"47\"],\"photo2\":[\"52\"],\"photo3\":[\"53\"],\"photo4\":[\"54\"],\"quote\":\"\\\"In the end, the retreat was much more than a songwriting retreat.\\\" \",\"quoteCredit\":\"-W. , 2013\"}}},\"24\":\"\",\"37\":{\"56\":{\"type\":\"block\",\"enabled\":\"1\",\"fields\":{\"pattern\":[\"55\"],\"body\":\"<p>\\r\\n\\tWe\'ll explore everything from the bag of tricks we use in songwriting to discussions of why we need to write in the first place, how we can stay the course in writing, and how we can finish our songs, no matter how discouraging the voices in our heads might be.\\r\\n<\\/p><p>\\r\\n\\tPlease fill in the application, including a note about why you\'d like to attend, and we\'ll let you know ASAP if you\'re in. Space is limited to 32 people.\\r\\n<\\/p><p>\\r\\n\\tYou don\'t have to send a song, but I ask that you have completed one whole song at some point in your life. It\'s important for me to know that you have experienced that spark of excitement about songwriting. A trunkful of half-written songs is fine, too.\\r\\n<\\/p><p>\\r\\n\\tI will be joined by musicians who will be around and available for one on one help tweaking lyrics and coming up with interesting music twists.\\r\\n<\\/p><p>\\r\\n\\t<strong>I\'m looking forward to it. See you soon!<\\/strong> <\\/p><p>\\t<strong>Best, Dar<\\/strong>\\r\\n<\\/p>\",\"pricing\":\"PRICING: Workshop, Meals & Lodging \",\"firstRetreat\":\"<p><br><\\/p>\",\"secondRetreat\":\"\",\"quote\":\"\",\"sidePattern\":[\"55\"],\"photo1\":\"\",\"photo2\":\"\"}}}}}', '2015-01-28 05:17:16', '2015-01-28 05:17:16', '390b6043-6ce3-48d9-9bcb-ca96c323606b');
INSERT INTO `craft_entryversions` (`id`, `entryId`, `sectionId`, `creatorId`, `locale`, `num`, `notes`, `data`, `dateCreated`, `dateUpdated`, `uid`) VALUES ('48', '2', '1', '1', 'en_us', '18', '', '{\"typeId\":\"1\",\"authorId\":null,\"title\":\"Home\",\"slug\":\"homepage\",\"postDate\":1420773958,\"expiryDate\":null,\"enabled\":1,\"fields\":{\"25\":{\"46\":{\"type\":\"block\",\"enabled\":\"1\",\"fields\":{\"headline\":\"Writing a Song that Matters\",\"date1\":\"Jun 23 to 27, 2015\",\"date2\":\"August 29 to September 2, 2015\",\"location\":\"Garrison, New York\",\"bulletsIntro\":\"Please Join me at the beautiful GARRISON INSTITUTE for five days of:\",\"bulletPoints1\":[{\"col1\":\"Songwriting\"},{\"col1\":\"Morning Yog\"},{\"col1\":\"Inspiration \"}],\"bulletpoints2\":[{\"col1\":\"Singing\"},{\"col1\":\"Excellent Vegetarian Meals\"},{\"col1\":\"Sweeping Views of the Hudson River\"}],\"body\":\"<p>This workshop is for anyone that wants to write a song that counts: for ourselves, for the people (or pets) we love and for the world. Our songs can be funny, heavy, catchy or sappy! We\'ll just be looking for ways to say what we really want to say. <\\/p><ul><\\/ul>\",\"photo1\":[\"47\"],\"photo2\":[\"52\"],\"photo3\":[\"53\"],\"photo4\":[\"54\"],\"quote\":\"\\\"In the end, the retreat was much more than a songwriting retreat.\\\" \",\"quoteCredit\":\"-W. , 2013\"}}},\"24\":\"\",\"37\":{\"56\":{\"type\":\"block\",\"enabled\":\"1\",\"fields\":{\"body\":\"<p>\\r\\n\\tWe\'ll explore everything from the bag of tricks we use in songwriting to discussions of why we need to write in the first place, how we can stay the course in writing, and how we can finish our songs, no matter how discouraging the voices in our heads might be.\\r\\n<\\/p><p>\\r\\n\\tPlease fill in the application, including a note about why you\'d like to attend, and we\'ll let you know ASAP if you\'re in. Space is limited to 32 people.\\r\\n<\\/p><p>\\r\\n\\tYou don\'t have to send a song, but I ask that you have completed one whole song at some point in your life. It\'s important for me to know that you have experienced that spark of excitement about songwriting. A trunkful of half-written songs is fine, too.\\r\\n<\\/p><p>\\r\\n\\tI will be joined by musicians who will be around and available for one on one help tweaking lyrics and coming up with interesting music twists.\\r\\n<\\/p><p>\\r\\n\\t<strong>I\'m looking forward to it. See you soon!<\\/strong> <\\/p><p>\\t<strong>Best, Dar<\\/strong>\\r\\n<\\/p>\",\"pricing\":\"PRICING: Workshop, Meals & Lodging \",\"registrationInfo\":\"Early bird registration: $1500 \\/ Regular registration: $1700\",\"firstRetreatTitle\":\"FIRST RETREAT \\/ JUNE 23\\u201327\",\"firstRetreat\":\"<p>(early bird deadline is April 10)<\\/p><p>If there are still slots open after March 20th, those registrants will sign up at regular pricing. All applications need to be in by May 1.<span><\\/span><br><\\/p>\",\"secondRetreatTitle\":\"SEONCD RETREAT \\/ AUGUST 29\\u2013SEPTEMBER 2\",\"secondRetreat\":\"<p>(early bird deadline is May 10),<\\/p><p>All applications need to be in by July 1. Same pricing is in place for each retreat.<span><\\/span><\\/p>\",\"quote\":\"\",\"photo1\":\"\",\"photo2\":\"\",\"pattern\":[\"55\"],\"lodgingTitle\":\"Lodging is simple:\",\"lodging\":\"<p>Single rooms and shared baths. There are no locks on the doors, but there are places to keep valuables. We do have cell reception.<span><\\/span><\\/p><p>You don\'t have to bring your car if you can get to the MTA\'s Metro North Railroad-Hudson Line. Metro North is the excellent commuter train out of New York City. You can take the train along the Hudson River to Garrison and be driven right to the Institute a mile away<span><\\/span><br><\\/p>\",\"registrationTitle\":\"Registration: \",\"regInfo\":\"<p>First Retreat: Monday, June 23 \\/ 10am\\u20131pm<\\/p><p>Second Retreat: Friday August 29 \\/ 10am\\u20131pm<\\/p><p>We\'ll meet for lunch and get started at 1 pm. Room check out is on Friday, June 27, and Tuesday, September 2, respectively. <\\/p><p>We will end in the late morning.<span><\\/span><\\/p>\"}}}}}', '2015-01-28 05:31:05', '2015-01-28 05:31:05', '4672b48e-f985-48a1-982a-27dc413a0cfd');
INSERT INTO `craft_entryversions` (`id`, `entryId`, `sectionId`, `creatorId`, `locale`, `num`, `notes`, `data`, `dateCreated`, `dateUpdated`, `uid`) VALUES ('49', '2', '1', '1', 'en_us', '19', '', '{\"typeId\":\"1\",\"authorId\":null,\"title\":\"Home\",\"slug\":\"homepage\",\"postDate\":1420773958,\"expiryDate\":null,\"enabled\":1,\"fields\":{\"25\":{\"46\":{\"type\":\"block\",\"enabled\":\"1\",\"fields\":{\"headline\":\"Writing a Song that Matters\",\"date1\":\"Jun 23 to 27, 2015\",\"date2\":\"August 29 to September 2, 2015\",\"location\":\"Garrison, New York\",\"bulletsIntro\":\"Please Join me at the beautiful GARRISON INSTITUTE for five days of:\",\"bulletPoints1\":[{\"col1\":\"Songwriting\"},{\"col1\":\"Morning Yog\"},{\"col1\":\"Inspiration \"}],\"bulletpoints2\":[{\"col1\":\"Singing\"},{\"col1\":\"Excellent Vegetarian Meals\"},{\"col1\":\"Sweeping Views of the Hudson River\"}],\"body\":\"<p>This workshop is for anyone that wants to write a song that counts: for ourselves, for the people (or pets) we love and for the world. Our songs can be funny, heavy, catchy or sappy! We\'ll just be looking for ways to say what we really want to say. <\\/p><ul><\\/ul>\",\"photo1\":[\"47\"],\"photo2\":[\"52\"],\"photo3\":[\"53\"],\"photo4\":[\"54\"],\"quote\":\"\\\"In the end, the retreat was much more than a songwriting retreat.\\\" \",\"quoteCredit\":\"-W. , 2013\"}}},\"24\":\"\",\"37\":{\"56\":{\"type\":\"block\",\"enabled\":\"1\",\"fields\":{\"body\":\"<p>\\r\\n\\tWe\'ll explore everything from the bag of tricks we use in songwriting to discussions of why we need to write in the first place, how we can stay the course in writing, and how we can finish our songs, no matter how discouraging the voices in our heads might be.\\r\\n<\\/p>\\r\\n<p>\\r\\n\\tPlease fill in the application, including a note about why you\'d like to attend, and we\'ll let you know ASAP if you\'re in. Space is limited to 32 people.\\r\\n<\\/p>\\r\\n<p>\\r\\n\\tYou don\'t have to send a song, but I ask that you have completed one whole song at some point in your life. It\'s important for me to know that you have experienced that spark of excitement about songwriting. A trunkful of half-written songs is fine, too.\\r\\n<\\/p>\\r\\n<p>\\r\\n\\tI will be joined by musicians who will be around and available for one on one help tweaking lyrics and coming up with interesting music twists.\\r\\n<\\/p>\\r\\n<h3>\\r\\n\\t<strong>I\'m looking forward to it. See you soon!<\\/strong>\\r\\n<\\/h3>\\r\\n<h3>\\r\\n\\t\\t<strong>Best, Dar<\\/strong>\\r\\n<\\/h3>\",\"pricing\":\"PRICING: Workshop, Meals & Lodging \",\"registrationInfo\":\"Early bird registration: $1500 \\/ Regular registration: $1700\",\"firstRetreatTitle\":\"FIRST RETREAT \\/ JUNE 23\\u201327\",\"firstRetreat\":\"<p>(early bird deadline is April 10)<\\/p><p>If there are still slots open after March 20th, those registrants will sign up at regular pricing. All applications need to be in by May 1.<br><\\/p>\",\"secondRetreatTitle\":\"SEONCD RETREAT \\/ AUGUST 29\\u2013SEPTEMBER 2\",\"secondRetreat\":\"<p>(early bird deadline is May 10),<\\/p><p>All applications need to be in by July 1. Same pricing is in place for each retreat.<\\/p>\",\"quote\":\"\",\"photo1\":\"\",\"photo2\":\"\",\"pattern\":[\"55\"],\"lodgingTitle\":\"Lodging is simple:\",\"lodging\":\"<p>Single rooms and shared baths. There are no locks on the doors, but there are places to keep valuables. We do have cell reception.<\\/p><p>You don\'t have to bring your car if you can get to the MTA\'s Metro North Railroad-Hudson Line. Metro North is the excellent commuter train out of New York City. You can take the train along the Hudson River to Garrison and be driven right to the Institute a mile away<br><\\/p>\",\"registrationTitle\":\"Registration: \",\"regInfo\":\"<p>First Retreat: Monday, June 23 \\/ 10am\\u20131pm<\\/p><p>Second Retreat: Friday August 29 \\/ 10am\\u20131pm<\\/p><p>We\'ll meet for lunch and get started at 1 pm. Room check out is on Friday, June 27, and Tuesday, September 2, respectively. <\\/p><p>We will end in the late morning.<\\/p>\"}}}}}', '2015-01-28 05:42:06', '2015-01-28 05:42:06', 'be33b5b7-fcf7-42f7-ae93-0d4ea1cde724');
INSERT INTO `craft_entryversions` (`id`, `entryId`, `sectionId`, `creatorId`, `locale`, `num`, `notes`, `data`, `dateCreated`, `dateUpdated`, `uid`) VALUES ('50', '2', '1', '1', 'en_us', '20', '', '{\"typeId\":\"1\",\"authorId\":null,\"title\":\"Home\",\"slug\":\"homepage\",\"postDate\":1420773958,\"expiryDate\":null,\"enabled\":1,\"fields\":{\"25\":{\"46\":{\"type\":\"block\",\"enabled\":\"1\",\"fields\":{\"headline\":\"Writing a Song that Matters\",\"date1\":\"Jun 23 to 27, 2015\",\"date2\":\"August 29 to September 2, 2015\",\"location\":\"Garrison, New York\",\"bulletsIntro\":\"Please Join me at the beautiful GARRISON INSTITUTE for five days of:\",\"bulletPoints1\":[{\"col1\":\"Songwriting\"},{\"col1\":\"Morning Yog\"},{\"col1\":\"Inspiration \"}],\"bulletpoints2\":[{\"col1\":\"Singing\"},{\"col1\":\"Excellent Vegetarian Meals\"},{\"col1\":\"Sweeping Views of the Hudson River\"}],\"body\":\"<p>This workshop is for anyone that wants to write a song that counts: for ourselves, for the people (or pets) we love and for the world. Our songs can be funny, heavy, catchy or sappy! We\'ll just be looking for ways to say what we really want to say. <\\/p><ul><\\/ul>\",\"photo1\":[\"47\"],\"photo2\":[\"52\"],\"photo3\":[\"53\"],\"photo4\":[\"54\"],\"quote\":\"\\\"In the end, the retreat was much more than a songwriting retreat.\\\" \",\"quoteCredit\":\"-W. , 2013\"}}},\"24\":\"\",\"37\":{\"56\":{\"type\":\"block\",\"enabled\":\"1\",\"fields\":{\"body\":\"<p>\\r\\n\\tWe\'ll explore everything from the bag of tricks we use in songwriting to discussions of why we need to write in the first place, how we can stay the course in writing, and how we can finish our songs, no matter how discouraging the voices in our heads might be.\\r\\n<\\/p><p>\\r\\n\\tPlease fill in the application, including a note about why you\'d like to attend, and we\'ll let you know ASAP if you\'re in. Space is limited to 32 people.\\r\\n<\\/p><p>\\r\\n\\tYou don\'t have to send a song, but I ask that you have completed one whole song at some point in your life. It\'s important for me to know that you have experienced that spark of excitement about songwriting. A trunkful of half-written songs is fine, too.\\r\\n<\\/p><p>\\r\\n\\tI will be joined by musicians who will be around and available for one on one help tweaking lyrics and coming up with interesting music twists.\\r\\n<\\/p><h6>\\r\\n<strong>I\'m looking forward to it. See you soon!<\\/strong>\\r\\n<\\/h6><h6>\\r\\n<strong>Best, Dar<\\/strong>\\r\\n<\\/h6>\",\"pricing\":\"PRICING: Workshop, Meals & Lodging \",\"registrationInfo\":\"Early bird registration: $1500 \\/ Regular registration: $1700\",\"firstRetreatTitle\":\"FIRST RETREAT \\/ JUNE 23\\u201327\",\"firstRetreat\":\"<p>(early bird deadline is April 10)<\\/p><p>If there are still slots open after March 20th, those registrants will sign up at regular pricing. All applications need to be in by May 1.<br><\\/p>\",\"secondRetreatTitle\":\"SEONCD RETREAT \\/ AUGUST 29\\u2013SEPTEMBER 2\",\"secondRetreat\":\"<p>(early bird deadline is May 10),<\\/p><p>All applications need to be in by July 1. Same pricing is in place for each retreat.<\\/p>\",\"quote\":\"\",\"photo1\":\"\",\"photo2\":\"\",\"pattern\":[\"55\"],\"lodgingTitle\":\"Lodging is simple:\",\"lodging\":\"<p>Single rooms and shared baths. There are no locks on the doors, but there are places to keep valuables. We do have cell reception.<\\/p><p>You don\'t have to bring your car if you can get to the MTA\'s Metro North Railroad-Hudson Line. Metro North is the excellent commuter train out of New York City. You can take the train along the Hudson River to Garrison and be driven right to the Institute a mile away<br><\\/p>\",\"registrationTitle\":\"Registration: \",\"regInfo\":\"<p>First Retreat: Monday, June 23 \\/ 10am\\u20131pm<\\/p><p>Second Retreat: Friday August 29 \\/ 10am\\u20131pm<\\/p><p>We\'ll meet for lunch and get started at 1 pm. Room check out is on Friday, June 27, and Tuesday, September 2, respectively. <\\/p><p>We will end in the late morning.<\\/p>\"}}}}}', '2015-01-28 05:43:01', '2015-01-28 05:43:01', 'ea841984-dae0-4429-8c43-eae49bf23e6a');
INSERT INTO `craft_entryversions` (`id`, `entryId`, `sectionId`, `creatorId`, `locale`, `num`, `notes`, `data`, `dateCreated`, `dateUpdated`, `uid`) VALUES ('51', '2', '1', '1', 'en_us', '21', '', '{\"typeId\":\"1\",\"authorId\":null,\"title\":\"Home\",\"slug\":\"homepage\",\"postDate\":1420773958,\"expiryDate\":null,\"enabled\":1,\"fields\":{\"25\":{\"46\":{\"type\":\"block\",\"enabled\":\"1\",\"fields\":{\"headline\":\"Writing a Song that Matters\",\"date1\":\"Jun 23 to 27, 2015\",\"date2\":\"August 29 to September 2, 2015\",\"location\":\"Garrison, New York\",\"bulletsIntro\":\"Please Join me at the beautiful GARRISON INSTITUTE for five days of:\",\"bulletPoints1\":[{\"col1\":\"Songwriting\"},{\"col1\":\"Morning Yog\"},{\"col1\":\"Inspiration \"}],\"bulletpoints2\":[{\"col1\":\"Singing\"},{\"col1\":\"Excellent Vegetarian Meals\"},{\"col1\":\"Sweeping Views of the Hudson River\"}],\"body\":\"<p>This workshop is for anyone that wants to write a song that counts: for ourselves, for the people (or pets) we love and for the world. Our songs can be funny, heavy, catchy or sappy! We\'ll just be looking for ways to say what we really want to say. <\\/p><ul><\\/ul>\",\"photo1\":[\"47\"],\"photo2\":[\"52\"],\"photo3\":[\"53\"],\"photo4\":[\"54\"],\"quote\":\"\\\"In the end, the retreat was much more than a songwriting retreat.\\\" \",\"quoteCredit\":\"-W. , 2013\"}}},\"24\":\"\",\"37\":{\"56\":{\"type\":\"block\",\"enabled\":\"1\",\"fields\":{\"body\":\"<p>\\r\\n\\tWe\'ll explore everything from the bag of tricks we use in songwriting to discussions of why we need to write in the first place, how we can stay the course in writing, and how we can finish our songs, no matter how discouraging the voices in our heads might be.\\r\\n<\\/p><p>\\r\\n\\tPlease fill in the application, including a note about why you\'d like to attend, and we\'ll let you know ASAP if you\'re in. Space is limited to 32 people.\\r\\n<\\/p><p>\\r\\n\\tYou don\'t have to send a song, but I ask that you have completed one whole song at some point in your life. It\'s important for me to know that you have experienced that spark of excitement about songwriting. A trunkful of half-written songs is fine, too.\\r\\n<\\/p><p>\\r\\n\\tI will be joined by musicians who will be around and available for one on one help tweaking lyrics and coming up with interesting music twists.\\r\\n<\\/p><h6>\\r\\n<strong>I\'m looking forward to it. See you soon!<\\/strong>\\r\\n<\\/h6><h6>\\r\\n<strong>Best, Dar<\\/strong>\\r\\n<\\/h6>\",\"pricing\":\"PRICING: Workshop, Meals & Lodging \",\"registrationInfo\":\"Early bird registration: $1500 \\/ Regular registration: $1700\",\"firstRetreatTitle\":\"FIRST RETREAT \\/ JUNE 23\\u201327\",\"firstRetreat\":\"<p>(early bird deadline is April 10)<\\/p><p>If there are still slots open after March 20th, those registrants will sign up at regular pricing. All applications need to be in by May 1.<br><\\/p>\",\"secondRetreatTitle\":\"SEONCD RETREAT \\/ AUGUST 29\\u2013SEPTEMBER 2\",\"secondRetreat\":\"<p>(early bird deadline is May 10),<\\/p><p>All applications need to be in by July 1. Same pricing is in place for each retreat.<\\/p>\",\"quote\":[\"55\"],\"photo1\":[\"47\"],\"photo2\":[\"48\"],\"pattern\":[\"55\"],\"lodgingTitle\":\"Lodging is simple:\",\"lodging\":\"<p>Single rooms and shared baths. There are no locks on the doors, but there are places to keep valuables. We do have cell reception.<\\/p><p>You don\'t have to bring your car if you can get to the MTA\'s Metro North Railroad-Hudson Line. Metro North is the excellent commuter train out of New York City. You can take the train along the Hudson River to Garrison and be driven right to the Institute a mile away<br><\\/p>\",\"registrationTitle\":\"Registration: \",\"regInfo\":\"<p>First Retreat: Monday, June 23 \\/ 10am\\u20131pm<\\/p><p>Second Retreat: Friday August 29 \\/ 10am\\u20131pm<\\/p><p>We\'ll meet for lunch and get started at 1 pm. Room check out is on Friday, June 27, and Tuesday, September 2, respectively. <\\/p><p>We will end in the late morning.<\\/p>\"}}}}}', '2015-01-28 05:58:58', '2015-01-28 05:58:58', '294a4f7d-7dfa-4dd3-8131-b9172e13df26');
INSERT INTO `craft_entryversions` (`id`, `entryId`, `sectionId`, `creatorId`, `locale`, `num`, `notes`, `data`, `dateCreated`, `dateUpdated`, `uid`) VALUES ('52', '72', '3', '1', 'en_us', '1', '', '{\"typeId\":null,\"authorId\":\"1\",\"title\":\"DO NOT DELETE\",\"slug\":\"do-not-delete\",\"postDate\":null,\"expiryDate\":null,\"enabled\":0,\"fields\":{\"22\":\"\",\"1\":\"\",\"3\":\"\",\"23\":\"\",\"4\":\"\",\"6\":\"June 23 - 27\"}}', '2015-01-28 17:37:11', '2015-01-28 17:37:11', 'f9e8fe22-91cd-4364-9f74-0265bb48df16');
INSERT INTO `craft_entryversions` (`id`, `entryId`, `sectionId`, `creatorId`, `locale`, `num`, `notes`, `data`, `dateCreated`, `dateUpdated`, `uid`) VALUES ('53', '2', '1', '1', 'en_us', '22', '', '{\"typeId\":\"1\",\"authorId\":null,\"title\":\"Home\",\"slug\":\"homepage\",\"postDate\":1420773958,\"expiryDate\":null,\"enabled\":1,\"fields\":{\"25\":{\"46\":{\"type\":\"block\",\"enabled\":\"1\",\"fields\":{\"headline\":\"Writing a Song that Matters\",\"date1\":\"Jun 23 to 27, 2015\",\"date2\":\"August 29 to September 2, 2015\",\"location\":\"Garrison, New York\",\"bulletsIntro\":\"Please Join me at the beautiful GARRISON INSTITUTE for five days of:\",\"bulletPoints1\":[{\"col1\":\"Songwriting\"},{\"col1\":\"Morning Yog\"},{\"col1\":\"Inspiration \"}],\"bulletpoints2\":[{\"col1\":\"Singing\"},{\"col1\":\"Excellent Vegetarian Meals\"},{\"col1\":\"Sweeping Views of the Hudson River\"}],\"body\":\"<p>This workshop is for anyone that wants to write a song that counts: for ourselves, for the people (or pets) we love and for the world. Our songs can be funny, heavy, catchy or sappy! We\'ll just be looking for ways to say what we really want to say. <\\/p><ul><\\/ul>\",\"photo1\":[\"66\"],\"photo2\":[\"63\"],\"photo3\":[\"52\"],\"photo4\":[\"68\"],\"quote\":\"\\\"In the end, the retreat was much more than a songwriting retreat.\\\" \",\"quoteCredit\":\"-W. , 2013\"}}},\"24\":\"\",\"37\":{\"56\":{\"type\":\"block\",\"enabled\":\"1\",\"fields\":{\"body\":\"<p>\\r\\n\\tWe\'ll explore everything from the bag of tricks we use in songwriting to discussions of why we need to write in the first place, how we can stay the course in writing, and how we can finish our songs, no matter how discouraging the voices in our heads might be.\\r\\n<\\/p><p>\\r\\n\\tPlease fill in the application, including a note about why you\'d like to attend, and we\'ll let you know ASAP if you\'re in. Space is limited to 32 people.\\r\\n<\\/p><p>\\r\\n\\tYou don\'t have to send a song, but I ask that you have completed one whole song at some point in your life. It\'s important for me to know that you have experienced that spark of excitement about songwriting. A trunkful of half-written songs is fine, too.\\r\\n<\\/p><p>\\r\\n\\tI will be joined by musicians who will be around and available for one on one help tweaking lyrics and coming up with interesting music twists.\\r\\n<\\/p><h6>\\r\\n<strong>I\'m looking forward to it. See you soon!<\\/strong>\\r\\n<\\/h6><h6>\\r\\n<strong>Best, Dar<\\/strong>\\r\\n<\\/h6>\",\"pricing\":\"PRICING: Workshop, Meals & Lodging \",\"registrationInfo\":\"Early bird registration: $1500 \\/ Regular registration: $1700\",\"firstRetreatTitle\":\"FIRST RETREAT \\/ JUNE 23\\u201327\",\"firstRetreat\":\"<p>(early bird deadline is April 10)<\\/p><p>If there are still slots open after March 20th, those registrants will sign up at regular pricing. All applications need to be in by May 1.<br><\\/p>\",\"secondRetreatTitle\":\"SEONCD RETREAT \\/ AUGUST 29\\u2013SEPTEMBER 2\",\"secondRetreat\":\"<p>(early bird deadline is May 10),<\\/p><p>All applications need to be in by July 1. Same pricing is in place for each retreat.<\\/p>\",\"quote\":[\"55\"],\"photo1\":[\"47\"],\"photo2\":[\"48\"],\"pattern\":[\"55\"],\"lodgingTitle\":\"Lodging is simple:\",\"lodging\":\"<p>Single rooms and shared baths. There are no locks on the doors, but there are places to keep valuables. We do have cell reception.<\\/p><p>You don\'t have to bring your car if you can get to the MTA\'s Metro North Railroad-Hudson Line. Metro North is the excellent commuter train out of New York City. You can take the train along the Hudson River to Garrison and be driven right to the Institute a mile away<br><\\/p>\",\"registrationTitle\":\"Registration: \",\"regInfo\":\"<p>First Retreat: Monday, June 23 \\/ 10am\\u20131pm<\\/p><p>Second Retreat: Friday August 29 \\/ 10am\\u20131pm<\\/p><p>We\'ll meet for lunch and get started at 1 pm. Room check out is on Friday, June 27, and Tuesday, September 2, respectively. <\\/p><p>We will end in the late morning.<\\/p>\"}}}}}', '2015-01-28 17:41:49', '2015-01-28 17:41:49', '8fccdbcc-147c-4766-8a96-8e33505456ab');
INSERT INTO `craft_entryversions` (`id`, `entryId`, `sectionId`, `creatorId`, `locale`, `num`, `notes`, `data`, `dateCreated`, `dateUpdated`, `uid`) VALUES ('54', '2', '1', '1', 'en_us', '23', '', '{\"typeId\":\"1\",\"authorId\":null,\"title\":\"Home\",\"slug\":\"homepage\",\"postDate\":1420773958,\"expiryDate\":null,\"enabled\":1,\"fields\":{\"25\":{\"46\":{\"type\":\"block\",\"enabled\":\"1\",\"fields\":{\"headline\":\"Writing a Song that Matters\",\"date1\":\"Jun 23 to 27, 2015\",\"date2\":\"August 29 to September 2, 2015\",\"location\":\"Garrison, New York\",\"bulletsIntro\":\"Please Join me at the beautiful GARRISON INSTITUTE for five days of:\",\"bulletPoints1\":[{\"col1\":\"Songwriting\"},{\"col1\":\"Morning Yog\"},{\"col1\":\"Inspiration \"}],\"bulletpoints2\":[{\"col1\":\"Singing\"},{\"col1\":\"Excellent Vegetarian Meals\"},{\"col1\":\"Sweeping Views of the Hudson River\"}],\"body\":\"<p>This workshop is for anyone that wants to write a song that counts: for ourselves, for the people (or pets) we love and for the world. Our songs can be funny, heavy, catchy or sappy! We\'ll just be looking for ways to say what we really want to say. <\\/p><ul><\\/ul>\",\"photo1\":\"\",\"photo2\":[\"76\"],\"photo3\":[\"77\"],\"photo4\":[\"78\"],\"quote\":[\"75\"]}}},\"24\":\"\",\"37\":{\"56\":{\"type\":\"block\",\"enabled\":\"1\",\"fields\":{\"body\":\"<p>\\r\\n\\tWe\'ll explore everything from the bag of tricks we use in songwriting to discussions of why we need to write in the first place, how we can stay the course in writing, and how we can finish our songs, no matter how discouraging the voices in our heads might be.\\r\\n<\\/p><p>\\r\\n\\tPlease fill in the application, including a note about why you\'d like to attend, and we\'ll let you know ASAP if you\'re in. Space is limited to 32 people.\\r\\n<\\/p><p>\\r\\n\\tYou don\'t have to send a song, but I ask that you have completed one whole song at some point in your life. It\'s important for me to know that you have experienced that spark of excitement about songwriting. A trunkful of half-written songs is fine, too.\\r\\n<\\/p><p>\\r\\n\\tI will be joined by musicians who will be around and available for one on one help tweaking lyrics and coming up with interesting music twists.\\r\\n<\\/p><h6>\\r\\n<strong>I\'m looking forward to it. See you soon!<\\/strong>\\r\\n<\\/h6><h6>\\r\\n<strong>Best, Dar<\\/strong>\\r\\n<\\/h6>\",\"pricing\":\"PRICING: Workshop, Meals & Lodging \",\"registrationInfo\":\"Early bird registration: $1500 \\/ Regular registration: $1700\",\"firstRetreatTitle\":\"FIRST RETREAT \\/ JUNE 23\\u201327\",\"firstRetreat\":\"<p>(early bird deadline is April 10)<\\/p><p>If there are still slots open after March 20th, those registrants will sign up at regular pricing. All applications need to be in by May 1.<br><\\/p>\",\"secondRetreatTitle\":\"SEONCD RETREAT \\/ AUGUST 29\\u2013SEPTEMBER 2\",\"secondRetreat\":\"<p>(early bird deadline is May 10),<\\/p><p>All applications need to be in by July 1. Same pricing is in place for each retreat.<\\/p>\",\"quote\":\"\",\"photo1\":[\"47\"],\"photo2\":[\"48\"],\"pattern\":[\"55\"],\"lodgingTitle\":\"Lodging is simple:\",\"lodging\":\"<p>Single rooms and shared baths. There are no locks on the doors, but there are places to keep valuables. We do have cell reception.<\\/p><p>You don\'t have to bring your car if you can get to the MTA\'s Metro North Railroad-Hudson Line. Metro North is the excellent commuter train out of New York City. You can take the train along the Hudson River to Garrison and be driven right to the Institute a mile away<br><\\/p>\",\"registrationTitle\":\"Registration: \",\"regInfo\":\"<p>First Retreat: Monday, June 23 \\/ 10am\\u20131pm<\\/p><p>Second Retreat: Friday August 29 \\/ 10am\\u20131pm<\\/p><p>We\'ll meet for lunch and get started at 1 pm. Room check out is on Friday, June 27, and Tuesday, September 2, respectively. <\\/p><p>We will end in the late morning.<\\/p>\"}}}}}', '2015-01-29 22:41:34', '2015-01-29 22:41:34', '2ac701c6-8fd9-4f9c-9048-9ca927cc806d');
INSERT INTO `craft_entryversions` (`id`, `entryId`, `sectionId`, `creatorId`, `locale`, `num`, `notes`, `data`, `dateCreated`, `dateUpdated`, `uid`) VALUES ('55', '2', '1', '1', 'en_us', '24', '', '{\"typeId\":\"1\",\"authorId\":null,\"title\":\"Home\",\"slug\":\"homepage\",\"postDate\":1420773958,\"expiryDate\":null,\"enabled\":1,\"fields\":{\"25\":{\"46\":{\"type\":\"block\",\"enabled\":\"1\",\"fields\":{\"headline\":\"Writing a Song that Matters\",\"date1\":\"Jun 23 to 27, 2015\",\"date2\":\"August 29 to September 2, 2015\",\"location\":\"Garrison, New York\",\"bulletsIntro\":\"Please Join me at the beautiful GARRISON INSTITUTE for five days of:\",\"bulletPoints1\":[{\"col1\":\"Songwriting\"},{\"col1\":\"Morning Yog\"},{\"col1\":\"Inspiration \"}],\"bulletpoints2\":[{\"col1\":\"Singing\"},{\"col1\":\"Excellent Vegetarian Meals\"},{\"col1\":\"Sweeping Views of the Hudson River\"}],\"body\":\"<p>This workshop is for anyone that wants to write a song that counts: for ourselves, for the people (or pets) we love and for the world. Our songs can be funny, heavy, catchy or sappy! We\'ll just be looking for ways to say what we really want to say. <\\/p><ul><\\/ul>\",\"photo1\":[\"79\"],\"photo2\":[\"76\"],\"photo3\":[\"77\"],\"photo4\":[\"78\"],\"quote\":[\"75\"]}}},\"24\":\"\",\"37\":{\"56\":{\"type\":\"block\",\"enabled\":\"1\",\"fields\":{\"body\":\"<p>\\r\\n\\tWe\'ll explore everything from the bag of tricks we use in songwriting to discussions of why we need to write in the first place, how we can stay the course in writing, and how we can finish our songs, no matter how discouraging the voices in our heads might be.\\r\\n<\\/p><p>\\r\\n\\tPlease fill in the application, including a note about why you\'d like to attend, and we\'ll let you know ASAP if you\'re in. Space is limited to 32 people.\\r\\n<\\/p><p>\\r\\n\\tYou don\'t have to send a song, but I ask that you have completed one whole song at some point in your life. It\'s important for me to know that you have experienced that spark of excitement about songwriting. A trunkful of half-written songs is fine, too.\\r\\n<\\/p><p>\\r\\n\\tI will be joined by musicians who will be around and available for one on one help tweaking lyrics and coming up with interesting music twists.\\r\\n<\\/p><h6>\\r\\n<strong>I\'m looking forward to it. See you soon!<\\/strong>\\r\\n<\\/h6><h6>\\r\\n<strong>Best, Dar<\\/strong>\\r\\n<\\/h6>\",\"pricing\":\"PRICING: Workshop, Meals & Lodging \",\"registrationInfo\":\"Early bird registration: $1500 \\/ Regular registration: $1700\",\"firstRetreatTitle\":\"FIRST RETREAT \\/ JUNE 23\\u201327\",\"firstRetreat\":\"<p>(early bird deadline is April 10)<\\/p><p>If there are still slots open after March 20th, those registrants will sign up at regular pricing. All applications need to be in by May 1.<br><\\/p>\",\"secondRetreatTitle\":\"SEONCD RETREAT \\/ AUGUST 29\\u2013SEPTEMBER 2\",\"secondRetreat\":\"<p>(early bird deadline is May 10),<\\/p><p>All applications need to be in by July 1. Same pricing is in place for each retreat.<\\/p>\",\"quote\":\"\",\"photo1\":[\"47\"],\"photo2\":[\"48\"],\"pattern\":[\"55\"],\"lodgingTitle\":\"Lodging is simple:\",\"lodging\":\"<p>Single rooms and shared baths. There are no locks on the doors, but there are places to keep valuables. We do have cell reception.<\\/p><p>You don\'t have to bring your car if you can get to the MTA\'s Metro North Railroad-Hudson Line. Metro North is the excellent commuter train out of New York City. You can take the train along the Hudson River to Garrison and be driven right to the Institute a mile away<br><\\/p>\",\"registrationTitle\":\"Registration: \",\"regInfo\":\"<p>First Retreat: Monday, June 23 \\/ 10am\\u20131pm<\\/p><p>Second Retreat: Friday August 29 \\/ 10am\\u20131pm<\\/p><p>We\'ll meet for lunch and get started at 1 pm. Room check out is on Friday, June 27, and Tuesday, September 2, respectively. <\\/p><p>We will end in the late morning.<\\/p>\"}}}}}', '2015-01-29 22:42:02', '2015-01-29 22:42:02', '272d11d6-8119-418c-ad74-854a2c6eef57');
INSERT INTO `craft_entryversions` (`id`, `entryId`, `sectionId`, `creatorId`, `locale`, `num`, `notes`, `data`, `dateCreated`, `dateUpdated`, `uid`) VALUES ('56', '2', '1', '1', 'en_us', '25', '', '{\"typeId\":\"1\",\"authorId\":null,\"title\":\"Home\",\"slug\":\"homepage\",\"postDate\":1420773958,\"expiryDate\":null,\"enabled\":1,\"fields\":{\"25\":{\"46\":{\"type\":\"block\",\"enabled\":\"1\",\"fields\":{\"headline\":\"Writing a Song that Matters\",\"date1\":\"Jun 23 to 27, 2015\",\"date2\":\"August 29 to September 2, 2015\",\"location\":\"Garrison, New York\",\"bulletsIntro\":\"Please Join me at the beautiful GARRISON INSTITUTE for five days of:\",\"bulletPoints1\":[{\"col1\":\"Songwriting\"},{\"col1\":\"Morning Yog\"},{\"col1\":\"Inspiration \"}],\"bulletpoints2\":[{\"col1\":\"Singing\"},{\"col1\":\"Excellent Vegetarian Meals\"},{\"col1\":\"Sweeping Views of the Hudson River\"}],\"body\":\"<p>This workshop is for anyone that wants to write a song that counts: for ourselves, for the people (or pets) we love and for the world. Our songs can be funny, heavy, catchy or sappy! We\'ll just be looking for ways to say what we really want to say. <\\/p><ul><\\/ul>\",\"photo1\":[\"79\"],\"photo2\":[\"76\"],\"photo3\":[\"77\"],\"photo4\":[\"78\"],\"quote\":[\"75\"]}}},\"24\":\"\",\"37\":{\"56\":{\"type\":\"block\",\"enabled\":\"1\",\"fields\":{\"body\":\"<p>\\r\\n\\tWe\'ll explore everything from the bag of tricks we use in songwriting to discussions of why we need to write in the first place, how we can stay the course in writing, and how we can finish our songs, no matter how discouraging the voices in our heads might be.\\r\\n<\\/p><p>\\r\\n\\tPlease fill in the application, including a note about why you\'d like to attend, and we\'ll let you know ASAP if you\'re in. Space is limited to 32 people.\\r\\n<\\/p><p>\\r\\n\\tYou don\'t have to send a song, but I ask that you have completed one whole song at some point in your life. It\'s important for me to know that you have experienced that spark of excitement about songwriting. A trunkful of half-written songs is fine, too.\\r\\n<\\/p><p>\\r\\n\\tI will be joined by musicians who will be around and available for one on one help tweaking lyrics and coming up with interesting music twists.\\r\\n<\\/p><h6>\\r\\n<strong>I\'m looking forward to it. See you soon!<\\/strong>\\r\\n<\\/h6><h6>\\r\\n<strong>Best, Dar<\\/strong>\\r\\n<\\/h6>\",\"pricing\":\"PRICING: Workshop, Meals & Lodging \",\"registrationInfo\":\"Early bird registration: $1500 \\/ Regular registration: $1700\",\"firstRetreatTitle\":\"FIRST RETREAT \\/ JUNE 23\\u201327\",\"firstRetreat\":\"<p>(early bird deadline is April 10)<\\/p><p>If there are still slots open after March 20th, those registrants will sign up at regular pricing. All applications need to be in by May 1.<br><\\/p>\",\"secondRetreatTitle\":\"SEONCD RETREAT \\/ AUGUST 29\\u2013SEPTEMBER 2\",\"secondRetreat\":\"<p>(early bird deadline is May 10),<\\/p><p>All applications need to be in by July 1. Same pricing is in place for each retreat.<\\/p>\",\"quote\":[\"80\"],\"photo1\":[\"47\"],\"photo2\":[\"48\"],\"pattern\":[\"55\"],\"lodgingTitle\":\"Lodging is simple:\",\"lodging\":\"<p>Single rooms and shared baths. There are no locks on the doors, but there are places to keep valuables. We do have cell reception.<\\/p><p>You don\'t have to bring your car if you can get to the MTA\'s Metro North Railroad-Hudson Line. Metro North is the excellent commuter train out of New York City. You can take the train along the Hudson River to Garrison and be driven right to the Institute a mile away<br><\\/p>\",\"registrationTitle\":\"Registration: \",\"regInfo\":\"<p>First Retreat: Monday, June 23 \\/ 10am\\u20131pm<\\/p><p>Second Retreat: Friday August 29 \\/ 10am\\u20131pm<\\/p><p>We\'ll meet for lunch and get started at 1 pm. Room check out is on Friday, June 27, and Tuesday, September 2, respectively. <\\/p><p>We will end in the late morning.<\\/p>\"}}}}}', '2015-01-29 22:42:58', '2015-01-29 22:42:58', 'ca1a72f1-f5b4-407a-820d-da376c11eece');
INSERT INTO `craft_entryversions` (`id`, `entryId`, `sectionId`, `creatorId`, `locale`, `num`, `notes`, `data`, `dateCreated`, `dateUpdated`, `uid`) VALUES ('57', '2', '1', '1', 'en_us', '26', '', '{\"typeId\":\"1\",\"authorId\":null,\"title\":\"Home\",\"slug\":\"homepage\",\"postDate\":1420773958,\"expiryDate\":null,\"enabled\":1,\"fields\":{\"25\":{\"46\":{\"type\":\"block\",\"enabled\":\"1\",\"fields\":{\"headline\":\"Writing a Song that Matters\",\"date1\":\"Jun 23 to 27, 2015\",\"date2\":\"August 29 to September 2, 2015\",\"location\":\"Garrison, New York\",\"bulletsIntro\":\"Please Join me at the beautiful GARRISON INSTITUTE for five days of:\",\"bulletPoints1\":[{\"col1\":\"Songwriting\"},{\"col1\":\"Morning Yog\"},{\"col1\":\"Inspiration \"}],\"bulletpoints2\":[{\"col1\":\"Singing\"},{\"col1\":\"Excellent Vegetarian Meals\"},{\"col1\":\"Sweeping Views of the Hudson River\"}],\"body\":\"<p>This workshop is for anyone that wants to write a song that counts: for ourselves, for the people (or pets) we love and for the world. Our songs can be funny, heavy, catchy or sappy! We\'ll just be looking for ways to say what we really want to say. <\\/p><ul><\\/ul>\",\"photo1\":[\"79\"],\"photo2\":[\"81\"],\"photo3\":[\"77\"],\"photo4\":[\"78\"],\"quote\":[\"75\"]}}},\"24\":\"\",\"37\":{\"56\":{\"type\":\"block\",\"enabled\":\"1\",\"fields\":{\"body\":\"<p>\\r\\n\\tWe\'ll explore everything from the bag of tricks we use in songwriting to discussions of why we need to write in the first place, how we can stay the course in writing, and how we can finish our songs, no matter how discouraging the voices in our heads might be.\\r\\n<\\/p><p>\\r\\n\\tPlease fill in the application, including a note about why you\'d like to attend, and we\'ll let you know ASAP if you\'re in. Space is limited to 32 people.\\r\\n<\\/p><p>\\r\\n\\tYou don\'t have to send a song, but I ask that you have completed one whole song at some point in your life. It\'s important for me to know that you have experienced that spark of excitement about songwriting. A trunkful of half-written songs is fine, too.\\r\\n<\\/p><p>\\r\\n\\tI will be joined by musicians who will be around and available for one on one help tweaking lyrics and coming up with interesting music twists.\\r\\n<\\/p><h6>\\r\\n<strong>I\'m looking forward to it. See you soon!<\\/strong>\\r\\n<\\/h6><h6>\\r\\n<strong>Best, Dar<\\/strong>\\r\\n<\\/h6>\",\"pricing\":\"PRICING: Workshop, Meals & Lodging \",\"registrationInfo\":\"Early bird registration: $1500 \\/ Regular registration: $1700\",\"firstRetreatTitle\":\"FIRST RETREAT \\/ JUNE 23\\u201327\",\"firstRetreat\":\"<p>(early bird deadline is April 10)<\\/p><p>If there are still slots open after March 20th, those registrants will sign up at regular pricing. All applications need to be in by May 1.<br><\\/p>\",\"secondRetreatTitle\":\"SEONCD RETREAT \\/ AUGUST 29\\u2013SEPTEMBER 2\",\"secondRetreat\":\"<p>(early bird deadline is May 10),<\\/p><p>All applications need to be in by July 1. Same pricing is in place for each retreat.<\\/p>\",\"quote\":[\"80\"],\"photo1\":[\"47\"],\"photo2\":[\"48\"],\"pattern\":[\"55\"],\"lodgingTitle\":\"Lodging is simple:\",\"lodging\":\"<p>Single rooms and shared baths. There are no locks on the doors, but there are places to keep valuables. We do have cell reception.<\\/p><p>You don\'t have to bring your car if you can get to the MTA\'s Metro North Railroad-Hudson Line. Metro North is the excellent commuter train out of New York City. You can take the train along the Hudson River to Garrison and be driven right to the Institute a mile away<br><\\/p>\",\"registrationTitle\":\"Registration: \",\"regInfo\":\"<p>First Retreat: Monday, June 23 \\/ 10am\\u20131pm<\\/p><p>Second Retreat: Friday August 29 \\/ 10am\\u20131pm<\\/p><p>We\'ll meet for lunch and get started at 1 pm. Room check out is on Friday, June 27, and Tuesday, September 2, respectively. <\\/p><p>We will end in the late morning.<\\/p>\"}}}}}', '2015-01-29 23:34:21', '2015-01-29 23:34:21', 'ed261273-20ce-4bd7-b68a-4e4d58b85cd7');
INSERT INTO `craft_entryversions` (`id`, `entryId`, `sectionId`, `creatorId`, `locale`, `num`, `notes`, `data`, `dateCreated`, `dateUpdated`, `uid`) VALUES ('58', '2', '1', '1', 'en_us', '27', '', '{\"typeId\":\"1\",\"authorId\":null,\"title\":\"Home\",\"slug\":\"homepage\",\"postDate\":1420773958,\"expiryDate\":null,\"enabled\":1,\"fields\":{\"25\":{\"46\":{\"type\":\"block\",\"enabled\":\"1\",\"fields\":{\"headline\":\"Writing a Song that Matters\",\"date1\":\"Jun 23 to 27, 2015\",\"date2\":\"August 29 to September 2, 2015\",\"location\":\"Garrison, New York\",\"bulletsIntro\":\"Please Join me at the beautiful GARRISON INSTITUTE for five days of:\",\"bulletPoints1\":[{\"col1\":\"Songwriting\"},{\"col1\":\"Morning Yog\"},{\"col1\":\"Inspiration \"}],\"bulletpoints2\":[{\"col1\":\"Singing\"},{\"col1\":\"Excellent Vegetarian Meals\"},{\"col1\":\"Sweeping Views of the Hudson River\"}],\"body\":\"<p>This workshop is for anyone that wants to write a song that counts: for ourselves, for the people (or pets) we love and for the world. Our songs can be funny, heavy, catchy or sappy! We\'ll just be looking for ways to say what we really want to say. <\\/p><ul><\\/ul>\",\"photo1\":[\"79\"],\"photo2\":[\"81\"],\"photo3\":[\"77\"],\"photo4\":[\"78\"],\"quote\":[\"75\"]}}},\"24\":\"\",\"37\":{\"56\":{\"type\":\"block\",\"enabled\":\"1\",\"fields\":{\"body\":\"<p>\\r\\n\\tWe\'ll explore everything from the bag of tricks we use in songwriting to discussions of why we need to write in the first place, how we can stay the course in writing, and how we can finish our songs, no matter how discouraging the voices in our heads might be.\\r\\n<\\/p><p>\\r\\n\\tPlease fill in the application, including a note about why you\'d like to attend, and we\'ll let you know ASAP if you\'re in. Space is limited to 32 people.\\r\\n<\\/p><p>\\r\\n\\tYou don\'t have to send a song, but I ask that you have completed one whole song at some point in your life. It\'s important for me to know that you have experienced that spark of excitement about songwriting. A trunkful of half-written songs is fine, too.\\r\\n<\\/p><p>\\r\\n\\tI will be joined by musicians who will be around and available for one on one help tweaking lyrics and coming up with interesting music twists.\\r\\n<\\/p><h6>\\r\\n<strong>I\'m looking forward to it. See you soon!<\\/strong>\\r\\n<\\/h6><h6>\\r\\n<strong>Best, Dar<\\/strong>\\r\\n<\\/h6>\",\"pricing\":\"PRICING: Workshop, Meals & Lodging \",\"registrationInfo\":\"Early bird registration: $1500 \\/ Regular registration: $1700\",\"firstRetreatTitle\":\"FIRST RETREAT \\/ JUNE 23\\u201327\",\"firstRetreat\":\"<p>(early bird deadline is April 10)<\\/p><p>If there are still slots open after March 20th, those registrants will sign up at regular pricing. All applications need to be in by May 1.<br><\\/p>\",\"secondRetreatTitle\":\"SEONCD RETREAT \\/ AUGUST 29\\u2013SEPTEMBER 2\",\"secondRetreat\":\"<p>(early bird deadline is May 10),<\\/p><p>All applications need to be in by July 1. Same pricing is in place for each retreat.<\\/p>\",\"quote\":[\"80\"],\"photo1\":[\"47\"],\"photo2\":[\"48\"],\"pattern\":[\"55\"],\"lodgingTitle\":\"Lodging is simple:\",\"lodging\":\"<p>Single rooms and shared baths. There are no locks on the doors, but there are places to keep valuables. We do have cell reception.<\\/p><p>You don\'t have to bring your car if you can get to the MTA\'s Metro North Railroad-Hudson Line. Metro North is the excellent commuter train out of New York City. You can take the train along the Hudson River to Garrison and be driven right to the Institute a mile away<br><\\/p>\",\"registrationTitle\":\"Registration: \",\"regInfo\":\"<p>First Retreat: Monday, June 23 \\/ 10am\\u20131pm<\\/p><p>Second Retreat: Friday August 29 \\/ 10am\\u20131pm<\\/p><p>We\'ll meet for lunch and get started at 1 pm. Room check out is on Friday, June 27, and Tuesday, September 2, respectively. <\\/p><p>We will end in the late morning.<\\/p>\"}}}}}', '2015-01-29 23:36:56', '2015-01-29 23:36:56', 'efb52e4f-c962-416e-bda8-d04d6394511f');
INSERT INTO `craft_entryversions` (`id`, `entryId`, `sectionId`, `creatorId`, `locale`, `num`, `notes`, `data`, `dateCreated`, `dateUpdated`, `uid`) VALUES ('59', '2', '1', '1', 'en_us', '28', '', '{\"typeId\":\"1\",\"authorId\":null,\"title\":\"Home\",\"slug\":\"homepage\",\"postDate\":1420773958,\"expiryDate\":null,\"enabled\":1,\"fields\":{\"25\":{\"46\":{\"type\":\"block\",\"enabled\":\"1\",\"fields\":{\"headline\":\"Writing a Song that Matters\",\"date1\":\"Jun 23 to 27, 2015\",\"date2\":\"August 29 to September 2, 2015\",\"location\":\"Garrison, New York\",\"bulletsIntro\":\"Please Join me at the beautiful GARRISON INSTITUTE for five days of:\",\"bulletPoints1\":[{\"col1\":\"Songwriting\"},{\"col1\":\"Morning Yog\"},{\"col1\":\"Inspiration \"}],\"bulletpoints2\":[{\"col1\":\"Singing\"},{\"col1\":\"Excellent Vegetarian Meals\"},{\"col1\":\"Sweeping Views of the Hudson River\"}],\"body\":\"<p>This workshop is for anyone that wants to write a song that counts: for ourselves, for the people (or pets) we love and for the world. Our songs can be funny, heavy, catchy or sappy! We\'ll just be looking for ways to say what we really want to say. <\\/p><ul><\\/ul>\",\"photo1\":[\"83\"],\"photo2\":[\"81\"],\"photo3\":[\"77\"],\"photo4\":[\"78\"],\"quote\":[\"75\"]}}},\"24\":\"\",\"37\":{\"56\":{\"type\":\"block\",\"enabled\":\"1\",\"fields\":{\"body\":\"<p>\\r\\n\\tWe\'ll explore everything from the bag of tricks we use in songwriting to discussions of why we need to write in the first place, how we can stay the course in writing, and how we can finish our songs, no matter how discouraging the voices in our heads might be.\\r\\n<\\/p><p>\\r\\n\\tPlease fill in the application, including a note about why you\'d like to attend, and we\'ll let you know ASAP if you\'re in. Space is limited to 32 people.\\r\\n<\\/p><p>\\r\\n\\tYou don\'t have to send a song, but I ask that you have completed one whole song at some point in your life. It\'s important for me to know that you have experienced that spark of excitement about songwriting. A trunkful of half-written songs is fine, too.\\r\\n<\\/p><p>\\r\\n\\tI will be joined by musicians who will be around and available for one on one help tweaking lyrics and coming up with interesting music twists.\\r\\n<\\/p><h6>\\r\\n<strong>I\'m looking forward to it. See you soon!<\\/strong>\\r\\n<\\/h6><h6>\\r\\n<strong>Best, Dar<\\/strong>\\r\\n<\\/h6>\",\"pricing\":\"PRICING: Workshop, Meals & Lodging \",\"registrationInfo\":\"Early bird registration: $1500 \\/ Regular registration: $1700\",\"firstRetreatTitle\":\"FIRST RETREAT \\/ JUNE 23\\u201327\",\"firstRetreat\":\"<p>(early bird deadline is April 10)<\\/p><p>If there are still slots open after March 20th, those registrants will sign up at regular pricing. All applications need to be in by May 1.<br><\\/p>\",\"secondRetreatTitle\":\"SEONCD RETREAT \\/ AUGUST 29\\u2013SEPTEMBER 2\",\"secondRetreat\":\"<p>(early bird deadline is May 10),<\\/p><p>All applications need to be in by July 1. Same pricing is in place for each retreat.<\\/p>\",\"quote\":[\"80\"],\"photo1\":[\"47\"],\"photo2\":[\"48\"],\"pattern\":[\"55\"],\"lodgingTitle\":\"Lodging is simple:\",\"lodging\":\"<p>Single rooms and shared baths. There are no locks on the doors, but there are places to keep valuables. We do have cell reception.<\\/p><p>You don\'t have to bring your car if you can get to the MTA\'s Metro North Railroad-Hudson Line. Metro North is the excellent commuter train out of New York City. You can take the train along the Hudson River to Garrison and be driven right to the Institute a mile away<br><\\/p>\",\"registrationTitle\":\"Registration: \",\"regInfo\":\"<p>First Retreat: Monday, June 23 \\/ 10am\\u20131pm<\\/p><p>Second Retreat: Friday August 29 \\/ 10am\\u20131pm<\\/p><p>We\'ll meet for lunch and get started at 1 pm. Room check out is on Friday, June 27, and Tuesday, September 2, respectively. <\\/p><p>We will end in the late morning.<\\/p>\"}}}}}', '2015-01-29 23:42:26', '2015-01-29 23:42:26', '3b7ca479-e0c0-4722-a860-94ca0b958c88');
INSERT INTO `craft_entryversions` (`id`, `entryId`, `sectionId`, `creatorId`, `locale`, `num`, `notes`, `data`, `dateCreated`, `dateUpdated`, `uid`) VALUES ('60', '2', '1', '1', 'en_us', '29', '', '{\"typeId\":\"1\",\"authorId\":null,\"title\":\"Home\",\"slug\":\"homepage\",\"postDate\":1420773958,\"expiryDate\":null,\"enabled\":1,\"fields\":{\"25\":{\"46\":{\"type\":\"block\",\"enabled\":\"1\",\"fields\":{\"headline\":\"Writing a Song that Matters\",\"date1\":\"Jun 23 to 27, 2015\",\"date2\":\"August 29 to September 2, 2015\",\"location\":\"Garrison, New York\",\"bulletsIntro\":\"Please Join me at the beautiful GARRISON INSTITUTE for five days of:\",\"bulletPoints1\":[{\"col1\":\"Songwriting\"},{\"col1\":\"Morning Yog\"},{\"col1\":\"Inspiration \"}],\"bulletpoints2\":[{\"col1\":\"Singing\"},{\"col1\":\"Excellent Vegetarian Meals\"},{\"col1\":\"Sweeping Views of the Hudson River\"}],\"body\":\"<p>This workshop is for anyone that wants to write a song that counts: for ourselves, for the people (or pets) we love and for the world. Our songs can be funny, heavy, catchy or sappy! We\'ll just be looking for ways to say what we really want to say. <\\/p><ul><\\/ul>\",\"photo1\":[\"83\"],\"photo2\":[\"81\"],\"photo3\":[\"77\"],\"photo4\":[\"78\"],\"quote\":[\"84\"]}}},\"24\":\"\",\"37\":{\"56\":{\"type\":\"block\",\"enabled\":\"1\",\"fields\":{\"body\":\"<p>\\r\\n\\tWe\'ll explore everything from the bag of tricks we use in songwriting to discussions of why we need to write in the first place, how we can stay the course in writing, and how we can finish our songs, no matter how discouraging the voices in our heads might be.\\r\\n<\\/p><p>\\r\\n\\tPlease fill in the application, including a note about why you\'d like to attend, and we\'ll let you know ASAP if you\'re in. Space is limited to 32 people.\\r\\n<\\/p><p>\\r\\n\\tYou don\'t have to send a song, but I ask that you have completed one whole song at some point in your life. It\'s important for me to know that you have experienced that spark of excitement about songwriting. A trunkful of half-written songs is fine, too.\\r\\n<\\/p><p>\\r\\n\\tI will be joined by musicians who will be around and available for one on one help tweaking lyrics and coming up with interesting music twists.\\r\\n<\\/p><h6>\\r\\n<strong>I\'m looking forward to it. See you soon!<\\/strong>\\r\\n<\\/h6><h6>\\r\\n<strong>Best, Dar<\\/strong>\\r\\n<\\/h6>\",\"pricing\":\"PRICING: Workshop, Meals & Lodging \",\"registrationInfo\":\"Early bird registration: $1500 \\/ Regular registration: $1700\",\"firstRetreatTitle\":\"FIRST RETREAT \\/ JUNE 23\\u201327\",\"firstRetreat\":\"<p>(early bird deadline is April 10)<\\/p><p>If there are still slots open after March 20th, those registrants will sign up at regular pricing. All applications need to be in by May 1.<br><\\/p>\",\"secondRetreatTitle\":\"SEONCD RETREAT \\/ AUGUST 29\\u2013SEPTEMBER 2\",\"secondRetreat\":\"<p>(early bird deadline is May 10),<\\/p><p>All applications need to be in by July 1. Same pricing is in place for each retreat.<\\/p>\",\"quote\":[\"80\"],\"photo1\":[\"47\"],\"photo2\":[\"48\"],\"pattern\":[\"55\"],\"lodgingTitle\":\"Lodging is simple:\",\"lodging\":\"<p>Single rooms and shared baths. There are no locks on the doors, but there are places to keep valuables. We do have cell reception.<\\/p><p>You don\'t have to bring your car if you can get to the MTA\'s Metro North Railroad-Hudson Line. Metro North is the excellent commuter train out of New York City. You can take the train along the Hudson River to Garrison and be driven right to the Institute a mile away<br><\\/p>\",\"registrationTitle\":\"Registration: \",\"regInfo\":\"<p>First Retreat: Monday, June 23 \\/ 10am\\u20131pm<\\/p><p>Second Retreat: Friday August 29 \\/ 10am\\u20131pm<\\/p><p>We\'ll meet for lunch and get started at 1 pm. Room check out is on Friday, June 27, and Tuesday, September 2, respectively. <\\/p><p>We will end in the late morning.<\\/p>\"}}}}}', '2015-01-29 23:43:33', '2015-01-29 23:43:33', 'e718a806-24ea-49d4-bcbc-3d3566bc06d9');
INSERT INTO `craft_entryversions` (`id`, `entryId`, `sectionId`, `creatorId`, `locale`, `num`, `notes`, `data`, `dateCreated`, `dateUpdated`, `uid`) VALUES ('61', '2', '1', '1', 'en_us', '30', '', '{\"typeId\":\"1\",\"authorId\":null,\"title\":\"Home\",\"slug\":\"homepage\",\"postDate\":1420773958,\"expiryDate\":null,\"enabled\":1,\"fields\":{\"25\":{\"46\":{\"type\":\"block\",\"enabled\":\"1\",\"fields\":{\"headline\":\"Writing a Song that Matters\",\"date1\":\"Jun 23 to 27, 2015\",\"date2\":\"August 29 to September 2, 2015\",\"location\":\"Garrison, New York\",\"bulletsIntro\":\"Please Join me at the beautiful GARRISON INSTITUTE for five days of:\",\"bulletPoints1\":[{\"col1\":\"Songwriting\"},{\"col1\":\"Morning Yog\"},{\"col1\":\"Inspiration \"}],\"bulletpoints2\":[{\"col1\":\"Singing\"},{\"col1\":\"Excellent Vegetarian Meals\"},{\"col1\":\"Sweeping Views of the Hudson River\"}],\"body\":\"<p>This workshop is for anyone that wants to write a song that counts: for ourselves, for the people (or pets) we love and for the world. Our songs can be funny, heavy, catchy or sappy! We\'ll just be looking for ways to say what we really want to say. <\\/p><ul><\\/ul>\",\"photo1\":[\"83\"],\"photo2\":[\"81\"],\"photo3\":[\"85\"],\"photo4\":[\"86\"],\"quote\":[\"84\"]}}},\"24\":\"\",\"37\":{\"56\":{\"type\":\"block\",\"enabled\":\"1\",\"fields\":{\"body\":\"<p>\\r\\n\\tWe\'ll explore everything from the bag of tricks we use in songwriting to discussions of why we need to write in the first place, how we can stay the course in writing, and how we can finish our songs, no matter how discouraging the voices in our heads might be.\\r\\n<\\/p><p>\\r\\n\\tPlease fill in the application, including a note about why you\'d like to attend, and we\'ll let you know ASAP if you\'re in. Space is limited to 32 people.\\r\\n<\\/p><p>\\r\\n\\tYou don\'t have to send a song, but I ask that you have completed one whole song at some point in your life. It\'s important for me to know that you have experienced that spark of excitement about songwriting. A trunkful of half-written songs is fine, too.\\r\\n<\\/p><p>\\r\\n\\tI will be joined by musicians who will be around and available for one on one help tweaking lyrics and coming up with interesting music twists.\\r\\n<\\/p><h6>\\r\\n<strong>I\'m looking forward to it. See you soon!<\\/strong>\\r\\n<\\/h6><h6>\\r\\n<strong>Best, Dar<\\/strong>\\r\\n<\\/h6>\",\"pricing\":\"PRICING: Workshop, Meals & Lodging \",\"registrationInfo\":\"Early bird registration: $1500 \\/ Regular registration: $1700\",\"firstRetreatTitle\":\"FIRST RETREAT \\/ JUNE 23\\u201327\",\"firstRetreat\":\"<p>(early bird deadline is April 10)<\\/p><p>If there are still slots open after March 20th, those registrants will sign up at regular pricing. All applications need to be in by May 1.<br><\\/p>\",\"secondRetreatTitle\":\"SEONCD RETREAT \\/ AUGUST 29\\u2013SEPTEMBER 2\",\"secondRetreat\":\"<p>(early bird deadline is May 10),<\\/p><p>All applications need to be in by July 1. Same pricing is in place for each retreat.<\\/p>\",\"quote\":[\"80\"],\"photo1\":[\"47\"],\"photo2\":[\"48\"],\"pattern\":[\"55\"],\"lodgingTitle\":\"Lodging is simple:\",\"lodging\":\"<p>Single rooms and shared baths. There are no locks on the doors, but there are places to keep valuables. We do have cell reception.<\\/p><p>You don\'t have to bring your car if you can get to the MTA\'s Metro North Railroad-Hudson Line. Metro North is the excellent commuter train out of New York City. You can take the train along the Hudson River to Garrison and be driven right to the Institute a mile away<br><\\/p>\",\"registrationTitle\":\"Registration: \",\"regInfo\":\"<p>First Retreat: Monday, June 23 \\/ 10am\\u20131pm<\\/p><p>Second Retreat: Friday August 29 \\/ 10am\\u20131pm<\\/p><p>We\'ll meet for lunch and get started at 1 pm. Room check out is on Friday, June 27, and Tuesday, September 2, respectively. <\\/p><p>We will end in the late morning.<\\/p>\"}}}}}', '2015-01-29 23:47:16', '2015-01-29 23:47:16', '5872c453-4866-4ab9-b8c0-c73553c7fae2');
INSERT INTO `craft_entryversions` (`id`, `entryId`, `sectionId`, `creatorId`, `locale`, `num`, `notes`, `data`, `dateCreated`, `dateUpdated`, `uid`) VALUES ('62', '2', '1', '1', 'en_us', '31', '', '{\"typeId\":\"1\",\"authorId\":null,\"title\":\"Home\",\"slug\":\"homepage\",\"postDate\":1420773958,\"expiryDate\":null,\"enabled\":1,\"fields\":{\"25\":{\"46\":{\"type\":\"block\",\"enabled\":\"1\",\"fields\":{\"headline\":\"Writing a Song that Matters\",\"date1\":\"Jun 23 to 27, 2015\",\"date2\":\"August 29 to September 2, 2015\",\"location\":\"Garrison, New York\",\"bulletsIntro\":\"Please Join me at the beautiful GARRISON INSTITUTE for five days of:\",\"bulletPoints1\":[{\"col1\":\"Songwriting\"},{\"col1\":\"Morning Yog\"},{\"col1\":\"Inspiration \"}],\"bulletpoints2\":[{\"col1\":\"Singing\"},{\"col1\":\"Excellent Vegetarian Meals\"},{\"col1\":\"Sweeping Views of the Hudson River\"}],\"body\":\"<p>This workshop is for anyone that wants to write a song that counts: for ourselves, for the people (or pets) we love and for the world. Our songs can be funny, heavy, catchy or sappy! We\'ll just be looking for ways to say what we really want to say. <\\/p><ul><\\/ul>\",\"photo1\":[\"83\"],\"photo2\":[\"81\"],\"photo3\":[\"85\"],\"photo4\":[\"86\"],\"quote\":[\"84\"]}}},\"24\":\"\",\"37\":{\"56\":{\"type\":\"block\",\"enabled\":\"1\",\"fields\":{\"body\":\"<p>\\r\\n\\tWe\'ll explore everything from the bag of tricks we use in songwriting to discussions of why we need to write in the first place, how we can stay the course in writing, and how we can finish our songs, no matter how discouraging the voices in our heads might be.\\r\\n<\\/p><p>\\r\\n\\tPlease fill in the application, including a note about why you\'d like to attend, and we\'ll let you know ASAP if you\'re in. Space is limited to 32 people.\\r\\n<\\/p><p>\\r\\n\\tYou don\'t have to send a song, but I ask that you have completed one whole song at some point in your life. It\'s important for me to know that you have experienced that spark of excitement about songwriting. A trunkful of half-written songs is fine, too.\\r\\n<\\/p><p>\\r\\n\\tI will be joined by musicians who will be around and available for one on one help tweaking lyrics and coming up with interesting music twists.\\r\\n<\\/p><h6>\\r\\n<strong>I\'m looking forward to it. See you soon!<\\/strong>\\r\\n<\\/h6><h6>\\r\\n<strong>Best, Dar<\\/strong>\\r\\n<\\/h6>\",\"pricing\":\"PRICING: Workshop, Meals & Lodging \",\"registrationInfo\":\"Early bird registration: $1500 \\/ Regular registration: $1700\",\"firstRetreatTitle\":\"FIRST RETREAT \\/ JUNE 23\\u201327\",\"firstRetreat\":\"<p>(early bird deadline is April 10)<\\/p><p>If there are still slots open after March 20th, those registrants will sign up at regular pricing. All applications need to be in by May 1.<br><\\/p>\",\"secondRetreatTitle\":\"SEONCD RETREAT \\/ AUGUST 29\\u2013SEPTEMBER 2\",\"secondRetreat\":\"<p>(early bird deadline is May 10),<\\/p><p>All applications need to be in by July 1. Same pricing is in place for each retreat.<\\/p>\",\"quote\":[\"80\"],\"photo1\":[\"47\"],\"photo2\":[\"48\"],\"pattern\":[\"55\"],\"lodgingTitle\":\"Lodging is simple:\",\"lodging\":\"<p>Single rooms and shared baths. There are no locks on the doors, but there are places to keep valuables. We do have cell reception.<\\/p><p>You don\'t have to bring your car if you can get to the MTA\'s Metro North Railroad-Hudson Line. Metro North is the excellent commuter train out of New York City. You can take the train along the Hudson River to Garrison and be driven right to the Institute a mile away<br><\\/p>\",\"registrationTitle\":\"Registration: \",\"regInfo\":\"<p>First Retreat: Monday, June 23 \\/ 10am\\u20131pm<\\/p><p>Second Retreat: Friday August 29 \\/ 10am\\u20131pm<\\/p><p>We\'ll meet for lunch and get started at 1 pm. Room check out is on Friday, June 27, and Tuesday, September 2, respectively. <\\/p><p>We will end in the late morning.<\\/p>\"}}}}}', '2015-01-29 23:49:00', '2015-01-29 23:49:00', 'c89f9fe8-86eb-4b6e-a5c3-929db83b0776');
INSERT INTO `craft_entryversions` (`id`, `entryId`, `sectionId`, `creatorId`, `locale`, `num`, `notes`, `data`, `dateCreated`, `dateUpdated`, `uid`) VALUES ('63', '2', '1', '1', 'en_us', '32', '', '{\"typeId\":\"1\",\"authorId\":null,\"title\":\"Home\",\"slug\":\"homepage\",\"postDate\":1420773958,\"expiryDate\":null,\"enabled\":1,\"fields\":{\"25\":{\"46\":{\"type\":\"block\",\"enabled\":\"1\",\"fields\":{\"headline\":\"Writing a Song that Matters\",\"date1\":\"Jun 23 to 27, 2015\",\"date2\":\"August 29 to September 2, 2015\",\"location\":\"Garrison, New York\",\"bulletsIntro\":\"Please Join me at the beautiful GARRISON INSTITUTE for five days of:\",\"bulletPoints1\":[{\"col1\":\"Songwriting\"},{\"col1\":\"Morning Yog\"},{\"col1\":\"Inspiration \"}],\"bulletpoints2\":[{\"col1\":\"Singing\"},{\"col1\":\"Excellent Vegetarian Meals\"},{\"col1\":\"Sweeping Views of the Hudson River\"}],\"body\":\"<p>This workshop is for anyone that wants to write a song that counts: for ourselves, for the people (or pets) we love and for the world. Our songs can be funny, heavy, catchy or sappy! We\'ll just be looking for ways to say what we really want to say. <\\/p><ul><\\/ul>\",\"photo1\":[\"83\"],\"photo2\":[\"81\"],\"photo3\":[\"85\"],\"photo4\":[\"86\"],\"quote\":[\"84\"]}}},\"24\":\"\",\"37\":{\"56\":{\"type\":\"block\",\"enabled\":\"1\",\"fields\":{\"body\":\"<p>\\r\\n\\tWe\'ll explore everything from the bag of tricks we use in songwriting to discussions of why we need to write in the first place, how we can stay the course in writing, and how we can finish our songs, no matter how discouraging the voices in our heads might be.\\r\\n<\\/p><p>\\r\\n\\tPlease fill in the application, including a note about why you\'d like to attend, and we\'ll let you know ASAP if you\'re in. Space is limited to 32 people.\\r\\n<\\/p><p>\\r\\n\\tYou don\'t have to send a song, but I ask that you have completed one whole song at some point in your life. It\'s important for me to know that you have experienced that spark of excitement about songwriting. A trunkful of half-written songs is fine, too.\\r\\n<\\/p><p>\\r\\n\\tI will be joined by musicians who will be around and available for one on one help tweaking lyrics and coming up with interesting music twists.\\r\\n<\\/p><h6>\\r\\n<strong>I\'m looking forward to it. See you soon!<\\/strong>\\r\\n<\\/h6><h6>\\r\\n<strong>Best, Dar<\\/strong>\\r\\n<\\/h6>\",\"pricing\":\"PRICING: Workshop, Meals & Lodging \",\"registrationInfo\":\"Early bird registration: $1500 \\/ Regular registration: $1700\",\"firstRetreatTitle\":\"FIRST RETREAT \\/ JUNE 23\\u201327\",\"firstRetreat\":\"<p>(early bird deadline is April 10)<\\/p><p>If there are still slots open after March 20th, those registrants will sign up at regular pricing. All applications need to be in by May 1.<br><\\/p>\",\"secondRetreatTitle\":\"SEONCD RETREAT \\/ AUGUST 29\\u2013SEPTEMBER 2\",\"secondRetreat\":\"<p>(early bird deadline is May 10),<\\/p><p>All applications need to be in by July 1. Same pricing is in place for each retreat.<\\/p>\",\"quote\":[\"88\"],\"photo1\":[\"47\"],\"photo2\":[\"48\"],\"pattern\":[\"55\"],\"lodgingTitle\":\"Lodging is simple:\",\"lodging\":\"<p>Single rooms and shared baths. There are no locks on the doors, but there are places to keep valuables. We do have cell reception.<\\/p><p>You don\'t have to bring your car if you can get to the MTA\'s Metro North Railroad-Hudson Line. Metro North is the excellent commuter train out of New York City. You can take the train along the Hudson River to Garrison and be driven right to the Institute a mile away<br><\\/p>\",\"registrationTitle\":\"Registration: \",\"regInfo\":\"<p>First Retreat: Monday, June 23 \\/ 10am\\u20131pm<\\/p><p>Second Retreat: Friday August 29 \\/ 10am\\u20131pm<\\/p><p>We\'ll meet for lunch and get started at 1 pm. Room check out is on Friday, June 27, and Tuesday, September 2, respectively. <\\/p><p>We will end in the late morning.<\\/p>\"}}}}}', '2015-01-29 23:51:36', '2015-01-29 23:51:36', 'ecbc4734-42d1-4a66-bc6e-9f9bb3230796');
INSERT INTO `craft_entryversions` (`id`, `entryId`, `sectionId`, `creatorId`, `locale`, `num`, `notes`, `data`, `dateCreated`, `dateUpdated`, `uid`) VALUES ('64', '2', '1', '1', 'en_us', '33', '', '{\"typeId\":\"1\",\"authorId\":null,\"title\":\"Home\",\"slug\":\"homepage\",\"postDate\":1420773958,\"expiryDate\":null,\"enabled\":1,\"fields\":{\"25\":{\"46\":{\"type\":\"block\",\"enabled\":\"1\",\"fields\":{\"headline\":\"Writing a Song that Matters\",\"date1\":\"Jun 23 to 27, 2015\",\"date2\":\"August 29 to September 2, 2015\",\"location\":\"Garrison, New York\",\"bulletsIntro\":\"Please Join me at the beautiful GARRISON INSTITUTE for five days of:\",\"bulletPoints1\":[{\"col1\":\"Songwriting\"},{\"col1\":\"Morning Yog\"},{\"col1\":\"Inspiration \"}],\"bulletpoints2\":[{\"col1\":\"Singing\"},{\"col1\":\"Excellent Vegetarian Meals\"},{\"col1\":\"Sweeping Views of the Hudson River\"}],\"body\":\"<p>This workshop is for anyone that wants to write a song that counts: for ourselves, for the people (or pets) we love and for the world. Our songs can be funny, heavy, catchy or sappy! We\'ll just be looking for ways to say what we really want to say. <\\/p><ul><\\/ul>\",\"photo1\":[\"83\"],\"photo2\":[\"81\"],\"photo3\":[\"85\"],\"photo4\":[\"86\"],\"quote\":[\"84\"]}}},\"24\":\"\",\"37\":{\"56\":{\"type\":\"block\",\"enabled\":\"1\",\"fields\":{\"body\":\"<p>\\r\\n\\tWe\'ll explore everything from the bag of tricks we use in songwriting to discussions of why we need to write in the first place, how we can stay the course in writing, and how we can finish our songs, no matter how discouraging the voices in our heads might be.\\r\\n<\\/p><p>\\r\\n\\tPlease fill in the application, including a note about why you\'d like to attend, and we\'ll let you know ASAP if you\'re in. Space is limited to 32 people.\\r\\n<\\/p><p>\\r\\n\\tYou don\'t have to send a song, but I ask that you have completed one whole song at some point in your life. It\'s important for me to know that you have experienced that spark of excitement about songwriting. A trunkful of half-written songs is fine, too.\\r\\n<\\/p><p>\\r\\n\\tI will be joined by musicians who will be around and available for one on one help tweaking lyrics and coming up with interesting music twists.\\r\\n<\\/p><h6>\\r\\n<strong>I\'m looking forward to it. See you soon!<\\/strong>\\r\\n<\\/h6><h6>\\r\\n<strong>Best, Dar<\\/strong>\\r\\n<\\/h6>\",\"pricing\":\"PRICING: Workshop, Meals & Lodging \",\"registrationInfo\":\"Early bird registration: $1500 \\/ Regular registration: $1700\",\"firstRetreatTitle\":\"FIRST RETREAT \\/ JUNE 23\\u201327\",\"firstRetreat\":\"<p>(early bird deadline is April 10)<\\/p><p>If there are still slots open after March 20th, those registrants will sign up at regular pricing. All applications need to be in by May 1.<br><\\/p>\",\"secondRetreatTitle\":\"SEONCD RETREAT \\/ AUGUST 29\\u2013SEPTEMBER 2\",\"secondRetreat\":\"<p>(early bird deadline is May 10),<\\/p><p>All applications need to be in by July 1. Same pricing is in place for each retreat.<\\/p>\",\"quote\":[\"88\"],\"photo1\":[\"47\"],\"photo2\":[\"48\"],\"pattern\":[\"55\"],\"lodgingTitle\":\"Lodging is simple:\",\"lodging\":\"<p>Single rooms and shared baths. There are no locks on the doors, but there are places to keep valuables. We do have cell reception.<\\/p><p>You don\'t have to bring your car if you can get to the MTA\'s Metro North Railroad-Hudson Line. Metro North is the excellent commuter train out of New York City. You can take the train along the Hudson River to Garrison and be driven right to the Institute a mile away<br><\\/p>\",\"registrationTitle\":\"Registration: \",\"regInfo\":\"<p>First Retreat: Monday, June 23 \\/ 10am\\u20131pm<\\/p><p>Second Retreat: Friday August 29 \\/ 10am\\u20131pm<\\/p><p>We\'ll meet for lunch and get started at 1 pm. Room check out is on Friday, June 27, and Tuesday, September 2, respectively. <\\/p><p>We will end in the late morning.<\\/p>\"}}}}}', '2015-01-29 23:57:17', '2015-01-29 23:57:17', '91cd516b-5a19-4a02-8f52-54fb5cf67e8c');
INSERT INTO `craft_entryversions` (`id`, `entryId`, `sectionId`, `creatorId`, `locale`, `num`, `notes`, `data`, `dateCreated`, `dateUpdated`, `uid`) VALUES ('65', '2', '1', '1', 'en_us', '34', '', '{\"typeId\":\"1\",\"authorId\":null,\"title\":\"Home\",\"slug\":\"homepage\",\"postDate\":1420773958,\"expiryDate\":null,\"enabled\":1,\"fields\":{\"25\":{\"46\":{\"type\":\"block\",\"enabled\":\"1\",\"fields\":{\"headline\":\"Writing a Song that Matters\",\"date1\":\"Jun 23 to 27, 2015\",\"date2\":\"August 29 to September 2, 2015\",\"location\":\"Garrison, New York\",\"bulletsIntro\":\"Please Join me at the beautiful GARRISON INSTITUTE for five days of:\",\"bulletPoints1\":[{\"col1\":\"Songwriting\"},{\"col1\":\"Morning Yog\"},{\"col1\":\"Inspiration \"}],\"bulletpoints2\":[{\"col1\":\"Singing\"},{\"col1\":\"Excellent Vegetarian Meals\"},{\"col1\":\"Sweeping Views of the Hudson River\"}],\"body\":\"<p>This workshop is for anyone that wants to write a song that counts: for ourselves, for the people (or pets) we love and for the world. Our songs can be funny, heavy, catchy or sappy! We\'ll just be looking for ways to say what we really want to say. <\\/p><ul><\\/ul>\",\"photo1\":[\"83\"],\"photo2\":[\"81\"],\"photo3\":[\"85\"],\"photo4\":[\"86\"],\"quote\":[\"84\"]}}},\"24\":\"\",\"37\":{\"56\":{\"type\":\"block\",\"enabled\":\"1\",\"fields\":{\"body\":\"<p>\\r\\n\\tWe\'ll explore everything from the bag of tricks we use in songwriting to discussions of why we need to write in the first place, how we can stay the course in writing, and how we can finish our songs, no matter how discouraging the voices in our heads might be.\\r\\n<\\/p><p>\\r\\n\\tPlease fill in the application, including a note about why you\'d like to attend, and we\'ll let you know ASAP if you\'re in. Space is limited to 32 people.\\r\\n<\\/p><p>\\r\\n\\tYou don\'t have to send a song, but I ask that you have completed one whole song at some point in your life. It\'s important for me to know that you have experienced that spark of excitement about songwriting. A trunkful of half-written songs is fine, too.\\r\\n<\\/p><p>\\r\\n\\tI will be joined by musicians who will be around and available for one on one help tweaking lyrics and coming up with interesting music twists.\\r\\n<\\/p><h6>\\r\\n<strong>I\'m looking forward to it. See you soon!<\\/strong>\\r\\n<\\/h6><h6>\\r\\n<strong>Best, Dar<\\/strong>\\r\\n<\\/h6>\",\"pricing\":\"PRICING: Workshop, Meals & Lodging \",\"registrationInfo\":\"Early bird registration: $1500 \\/ Regular registration: $1700\",\"firstRetreatTitle\":\"FIRST RETREAT \\/ JUNE 23\\u201327\",\"firstRetreat\":\"<p>(early bird deadline is April 10)<\\/p><p>If there are still slots open after March 20th, those registrants will sign up at regular pricing. All applications need to be in by May 1.<br><\\/p>\",\"secondRetreatTitle\":\"SEONCD RETREAT \\/ AUGUST 29\\u2013SEPTEMBER 2\",\"secondRetreat\":\"<p>(early bird deadline is May 10),<\\/p><p>All applications need to be in by July 1. Same pricing is in place for each retreat.<\\/p>\",\"quote\":[\"88\"],\"photo1\":[\"47\"],\"photo2\":[\"48\"],\"pattern\":[\"89\"],\"lodgingTitle\":\"Lodging is simple:\",\"lodging\":\"<p>Single rooms and shared baths. There are no locks on the doors, but there are places to keep valuables. We do have cell reception.<\\/p><p>You don\'t have to bring your car if you can get to the MTA\'s Metro North Railroad-Hudson Line. Metro North is the excellent commuter train out of New York City. You can take the train along the Hudson River to Garrison and be driven right to the Institute a mile away<br><\\/p>\",\"registrationTitle\":\"Registration: \",\"regInfo\":\"<p>First Retreat: Monday, June 23 \\/ 10am\\u20131pm<\\/p><p>Second Retreat: Friday August 29 \\/ 10am\\u20131pm<\\/p><p>We\'ll meet for lunch and get started at 1 pm. Room check out is on Friday, June 27, and Tuesday, September 2, respectively. <\\/p><p>We will end in the late morning.<\\/p>\"}}}}}', '2015-01-30 03:46:05', '2015-01-30 03:46:05', '1223adbb-6cdd-41ad-8a17-cda11e2356c2');
INSERT INTO `craft_entryversions` (`id`, `entryId`, `sectionId`, `creatorId`, `locale`, `num`, `notes`, `data`, `dateCreated`, `dateUpdated`, `uid`) VALUES ('66', '2', '1', '1', 'en_us', '35', '', '{\"typeId\":\"1\",\"authorId\":null,\"title\":\"Home\",\"slug\":\"homepage\",\"postDate\":1420773958,\"expiryDate\":null,\"enabled\":1,\"fields\":{\"25\":{\"46\":{\"type\":\"block\",\"enabled\":\"1\",\"fields\":{\"headline\":\"Writing a Song that Matters\",\"date1\":\"Jun 23 to 27, 2015\",\"date2\":\"August 29 to September 2, 2015\",\"location\":\"Garrison, New York\",\"bulletsIntro\":\"Please Join me at the beautiful GARRISON INSTITUTE for five days of:\",\"bulletPoints1\":[{\"col1\":\"Songwriting\"},{\"col1\":\"Morning Yog\"},{\"col1\":\"Inspiration \"}],\"bulletpoints2\":[{\"col1\":\"Singing\"},{\"col1\":\"Excellent Vegetarian Meals\"},{\"col1\":\"Sweeping Views of the Hudson River\"}],\"body\":\"<p>This workshop is for anyone that wants to write a song that counts: for ourselves, for the people (or pets) we love and for the world. Our songs can be funny, heavy, catchy or sappy! We\'ll just be looking for ways to say what we really want to say. <\\/p><ul><\\/ul>\",\"photo1\":[\"83\"],\"photo2\":[\"81\"],\"photo3\":[\"85\"],\"photo4\":[\"86\"],\"quote\":[\"84\"]}}},\"24\":\"\",\"37\":{\"56\":{\"type\":\"block\",\"enabled\":\"1\",\"fields\":{\"body\":\"<p>\\r\\n\\tWe\'ll explore everything from the bag of tricks we use in songwriting to discussions of why we need to write in the first place, how we can stay the course in writing, and how we can finish our songs, no matter how discouraging the voices in our heads might be.\\r\\n<\\/p><p>\\r\\n\\tPlease fill in the application, including a note about why you\'d like to attend, and we\'ll let you know ASAP if you\'re in. Space is limited to 32 people.\\r\\n<\\/p><p>\\r\\n\\tYou don\'t have to send a song, but I ask that you have completed one whole song at some point in your life. It\'s important for me to know that you have experienced that spark of excitement about songwriting. A trunkful of half-written songs is fine, too.\\r\\n<\\/p><p>\\r\\n\\tI will be joined by musicians who will be around and available for one on one help tweaking lyrics and coming up with interesting music twists.\\r\\n<\\/p><h6>\\r\\n<strong>I\'m looking forward to it. See you soon!<\\/strong>\\r\\n<\\/h6><h6>\\r\\n<strong>Best, Dar<\\/strong>\\r\\n<\\/h6>\",\"pricing\":\"PRICING: Workshop, Meals & Lodging \",\"registrationInfo\":\"Early bird registration: $1500 \\/ Regular registration: $1700\",\"firstRetreatTitle\":\"FIRST RETREAT \\/ JUNE 23\\u201327\",\"firstRetreat\":\"<p>(early bird deadline is April 10)<\\/p><p>If there are still slots open after March 20th, those registrants will sign up at regular pricing. All applications need to be in by May 1.<br><\\/p>\",\"secondRetreatTitle\":\"SEONCD RETREAT \\/ AUGUST 29\\u2013SEPTEMBER 2\",\"secondRetreat\":\"<p>(early bird deadline is May 10),<\\/p><p>All applications need to be in by July 1. Same pricing is in place for each retreat.<\\/p>\",\"quote\":[\"88\"],\"photo1\":[\"92\"],\"photo2\":[\"93\"],\"pattern\":[\"89\"],\"lodgingTitle\":\"Lodging is simple:\",\"lodging\":\"<p>Single rooms and shared baths. There are no locks on the doors, but there are places to keep valuables. We do have cell reception.<\\/p><p>You don\'t have to bring your car if you can get to the MTA\'s Metro North Railroad-Hudson Line. Metro North is the excellent commuter train out of New York City. You can take the train along the Hudson River to Garrison and be driven right to the Institute a mile away<br><\\/p>\",\"registrationTitle\":\"Registration: \",\"regInfo\":\"<p>First Retreat: Monday, June 23 \\/ 10am\\u20131pm<\\/p><p>Second Retreat: Friday August 29 \\/ 10am\\u20131pm<\\/p><p>We\'ll meet for lunch and get started at 1 pm. Room check out is on Friday, June 27, and Tuesday, September 2, respectively. <\\/p><p>We will end in the late morning.<\\/p>\"}}}}}', '2015-01-30 04:06:39', '2015-01-30 04:06:39', '6bd2051a-04cc-49cb-aa28-0d8a671c7dba');
INSERT INTO `craft_entryversions` (`id`, `entryId`, `sectionId`, `creatorId`, `locale`, `num`, `notes`, `data`, `dateCreated`, `dateUpdated`, `uid`) VALUES ('67', '2', '1', '1', 'en_us', '36', '', '{\"typeId\":\"1\",\"authorId\":null,\"title\":\"Home\",\"slug\":\"homepage\",\"postDate\":1420773958,\"expiryDate\":null,\"enabled\":1,\"fields\":{\"25\":{\"46\":{\"type\":\"block\",\"enabled\":\"1\",\"fields\":{\"headline\":\"Writing a Song that Matters\",\"date1\":\"Jun 23 to 27, 2015\",\"date2\":\"August 29 to September 2, 2015\",\"location\":\"Garrison, New York\",\"bulletsIntro\":\"Please Join me at the beautiful GARRISON INSTITUTE for five days of:\",\"bulletPoints1\":[{\"col1\":\"Songwriting\"},{\"col1\":\"Morning Yog\"},{\"col1\":\"Inspiration \"}],\"bulletpoints2\":[{\"col1\":\"Singing\"},{\"col1\":\"Excellent Vegetarian Meals\"},{\"col1\":\"Sweeping Views of the Hudson River\"}],\"body\":\"<p>This workshop is for anyone that wants to write a song that counts: for ourselves, for the people (or pets) we love and for the world. Our songs can be funny, heavy, catchy or sappy! We\'ll just be looking for ways to say what we really want to say. <\\/p><ul><\\/ul>\",\"photo1\":[\"83\"],\"photo2\":[\"94\"],\"photo3\":[\"85\"],\"photo4\":[\"86\"],\"quote\":[\"84\"]}}},\"24\":\"\",\"37\":{\"56\":{\"type\":\"block\",\"enabled\":\"1\",\"fields\":{\"body\":\"<p>\\r\\n\\tWe\'ll explore everything from the bag of tricks we use in songwriting to discussions of why we need to write in the first place, how we can stay the course in writing, and how we can finish our songs, no matter how discouraging the voices in our heads might be.\\r\\n<\\/p><p>\\r\\n\\tPlease fill in the application, including a note about why you\'d like to attend, and we\'ll let you know ASAP if you\'re in. Space is limited to 32 people.\\r\\n<\\/p><p>\\r\\n\\tYou don\'t have to send a song, but I ask that you have completed one whole song at some point in your life. It\'s important for me to know that you have experienced that spark of excitement about songwriting. A trunkful of half-written songs is fine, too.\\r\\n<\\/p><p>\\r\\n\\tI will be joined by musicians who will be around and available for one on one help tweaking lyrics and coming up with interesting music twists.\\r\\n<\\/p><h6>\\r\\n<strong>I\'m looking forward to it. See you soon!<\\/strong>\\r\\n<\\/h6><h6>\\r\\n<strong>Best, Dar<\\/strong>\\r\\n<\\/h6>\",\"pricing\":\"PRICING: Workshop, Meals & Lodging \",\"registrationInfo\":\"Early bird registration: $1500 \\/ Regular registration: $1700\",\"firstRetreatTitle\":\"FIRST RETREAT \\/ JUNE 23\\u201327\",\"firstRetreat\":\"<p>(early bird deadline is April 10)<\\/p><p>If there are still slots open after March 20th, those registrants will sign up at regular pricing. All applications need to be in by May 1.<br><\\/p>\",\"secondRetreatTitle\":\"SEONCD RETREAT \\/ AUGUST 29\\u2013SEPTEMBER 2\",\"secondRetreat\":\"<p>(early bird deadline is May 10),<\\/p><p>All applications need to be in by July 1. Same pricing is in place for each retreat.<\\/p>\",\"quote\":[\"88\"],\"photo1\":[\"92\"],\"photo2\":[\"93\"],\"pattern\":[\"89\"],\"lodgingTitle\":\"Lodging is simple:\",\"lodging\":\"<p>Single rooms and shared baths. There are no locks on the doors, but there are places to keep valuables. We do have cell reception.<\\/p><p>You don\'t have to bring your car if you can get to the MTA\'s Metro North Railroad-Hudson Line. Metro North is the excellent commuter train out of New York City. You can take the train along the Hudson River to Garrison and be driven right to the Institute a mile away<br><\\/p>\",\"registrationTitle\":\"Registration: \",\"regInfo\":\"<p>First Retreat: Monday, June 23 \\/ 10am\\u20131pm<\\/p><p>Second Retreat: Friday August 29 \\/ 10am\\u20131pm<\\/p><p>We\'ll meet for lunch and get started at 1 pm. Room check out is on Friday, June 27, and Tuesday, September 2, respectively. <\\/p><p>We will end in the late morning.<\\/p>\"}}}}}', '2015-01-30 04:10:12', '2015-01-30 04:10:12', '9df5bbb1-3718-4a0c-85f6-992250ad924b');
INSERT INTO `craft_entryversions` (`id`, `entryId`, `sectionId`, `creatorId`, `locale`, `num`, `notes`, `data`, `dateCreated`, `dateUpdated`, `uid`) VALUES ('68', '2', '1', '1', 'en_us', '37', '', '{\"typeId\":\"1\",\"authorId\":null,\"title\":\"Home\",\"slug\":\"homepage\",\"postDate\":1420773958,\"expiryDate\":null,\"enabled\":1,\"fields\":{\"25\":{\"46\":{\"type\":\"block\",\"enabled\":\"1\",\"fields\":{\"headline\":\"Writing a Song that Matters\",\"date1\":\"Jun 23 to 27, 2015\",\"date2\":\"August 29 to September 2, 2015\",\"location\":\"Garrison, New York\",\"bulletsIntro\":\"Please Join me at the beautiful GARRISON INSTITUTE for five days of:\",\"bulletPoints1\":[{\"col1\":\"Songwriting\"},{\"col1\":\"Morning Yog\"},{\"col1\":\"Inspiration \"}],\"bulletpoints2\":[{\"col1\":\"Singing\"},{\"col1\":\"Excellent Vegetarian Meals\"},{\"col1\":\"Sweeping Views of the Hudson River\"}],\"body\":\"<p>This workshop is for anyone that wants to write a song that counts: for ourselves, for the people (or pets) we love and for the world. Our songs can be funny, heavy, catchy or sappy! We\'ll just be looking for ways to say what we really want to say. <\\/p><ul><\\/ul>\",\"photo1\":[\"83\"],\"photo2\":[\"95\"],\"photo3\":[\"85\"],\"photo4\":[\"86\"],\"quote\":[\"84\"]}}},\"24\":\"\",\"37\":{\"56\":{\"type\":\"block\",\"enabled\":\"1\",\"fields\":{\"body\":\"<p>\\r\\n\\tWe\'ll explore everything from the bag of tricks we use in songwriting to discussions of why we need to write in the first place, how we can stay the course in writing, and how we can finish our songs, no matter how discouraging the voices in our heads might be.\\r\\n<\\/p><p>\\r\\n\\tPlease fill in the application, including a note about why you\'d like to attend, and we\'ll let you know ASAP if you\'re in. Space is limited to 32 people.\\r\\n<\\/p><p>\\r\\n\\tYou don\'t have to send a song, but I ask that you have completed one whole song at some point in your life. It\'s important for me to know that you have experienced that spark of excitement about songwriting. A trunkful of half-written songs is fine, too.\\r\\n<\\/p><p>\\r\\n\\tI will be joined by musicians who will be around and available for one on one help tweaking lyrics and coming up with interesting music twists.\\r\\n<\\/p><h6>\\r\\n<strong>I\'m looking forward to it. See you soon!<\\/strong>\\r\\n<\\/h6><h6>\\r\\n<strong>Best, Dar<\\/strong>\\r\\n<\\/h6>\",\"pricing\":\"PRICING: Workshop, Meals & Lodging \",\"registrationInfo\":\"Early bird registration: $1500 \\/ Regular registration: $1700\",\"firstRetreatTitle\":\"FIRST RETREAT \\/ JUNE 23\\u201327\",\"firstRetreat\":\"<p>(early bird deadline is April 10)<\\/p><p>If there are still slots open after March 20th, those registrants will sign up at regular pricing. All applications need to be in by May 1.<br><\\/p>\",\"secondRetreatTitle\":\"SEONCD RETREAT \\/ AUGUST 29\\u2013SEPTEMBER 2\",\"secondRetreat\":\"<p>(early bird deadline is May 10),<\\/p><p>All applications need to be in by July 1. Same pricing is in place for each retreat.<\\/p>\",\"quote\":[\"88\"],\"photo1\":[\"96\"],\"photo2\":[\"93\"],\"pattern\":[\"89\"],\"lodgingTitle\":\"Lodging is simple:\",\"lodging\":\"<p>Single rooms and shared baths. There are no locks on the doors, but there are places to keep valuables. We do have cell reception.<\\/p><p>You don\'t have to bring your car if you can get to the MTA\'s Metro North Railroad-Hudson Line. Metro North is the excellent commuter train out of New York City. You can take the train along the Hudson River to Garrison and be driven right to the Institute a mile away<br><\\/p>\",\"registrationTitle\":\"Registration: \",\"regInfo\":\"<p>First Retreat: Monday, June 23 \\/ 10am\\u20131pm<\\/p><p>Second Retreat: Friday August 29 \\/ 10am\\u20131pm<\\/p><p>We\'ll meet for lunch and get started at 1 pm. Room check out is on Friday, June 27, and Tuesday, September 2, respectively. <\\/p><p>We will end in the late morning.<\\/p>\"}}}}}', '2015-01-30 04:13:43', '2015-01-30 04:13:43', '8cee7037-3869-4d9c-ae6e-05f15f612c79');
INSERT INTO `craft_entryversions` (`id`, `entryId`, `sectionId`, `creatorId`, `locale`, `num`, `notes`, `data`, `dateCreated`, `dateUpdated`, `uid`) VALUES ('69', '2', '1', '1', 'en_us', '38', '', '{\"typeId\":\"1\",\"authorId\":null,\"title\":\"Home\",\"slug\":\"homepage\",\"postDate\":1420773958,\"expiryDate\":null,\"enabled\":1,\"fields\":{\"25\":{\"46\":{\"type\":\"block\",\"enabled\":\"1\",\"fields\":{\"headline\":\"Writing a Song that Matters\",\"date1\":\"Jun 23 to 27, 2015\",\"date2\":\"August 29 to September 2, 2015\",\"location\":\"Garrison, New York\",\"bulletsIntro\":\"Please Join me at the beautiful GARRISON INSTITUTE for five days of:\",\"bulletPoints1\":[{\"col1\":\"Songwriting\"},{\"col1\":\"Morning Yog\"},{\"col1\":\"Inspiration \"}],\"bulletpoints2\":[{\"col1\":\"Singing\"},{\"col1\":\"Excellent Vegetarian Meals\"},{\"col1\":\"Sweeping Views of the Hudson River\"}],\"body\":\"<p>This workshop is for anyone that wants to write a song that counts: for ourselves, for the people (or pets) we love and for the world. Our songs can be funny, heavy, catchy or sappy! We\'ll just be looking for ways to say what we really want to say. <\\/p><ul><\\/ul>\",\"photo1\":[\"83\"],\"photo2\":[\"95\"],\"photo3\":[\"85\"],\"photo4\":[\"86\"],\"quote\":[\"84\"]}}},\"24\":\"\",\"37\":{\"56\":{\"type\":\"block\",\"enabled\":\"1\",\"fields\":{\"body\":\"<p>\\r\\n\\tWe\'ll explore everything from the bag of tricks we use in songwriting to discussions of why we need to write in the first place, how we can stay the course in writing, and how we can finish our songs, no matter how discouraging the voices in our heads might be.\\r\\n<\\/p><p>\\r\\n\\tPlease fill in the application, including a note about why you\'d like to attend, and we\'ll let you know ASAP if you\'re in. Space is limited to 32 people.\\r\\n<\\/p><p>\\r\\n\\tYou don\'t have to send a song, but I ask that you have completed one whole song at some point in your life. It\'s important for me to know that you have experienced that spark of excitement about songwriting. A trunkful of half-written songs is fine, too.\\r\\n<\\/p><p>\\r\\n\\tI will be joined by musicians who will be around and available for one on one help tweaking lyrics and coming up with interesting music twists.\\r\\n<\\/p><h6>\\r\\n<strong>I\'m looking forward to it. See you soon!<\\/strong>\\r\\n<\\/h6><h6>\\r\\n<strong>Best, Dar<\\/strong>\\r\\n<\\/h6>\",\"pricing\":\"PRICING: Workshop, Meals & Lodging \",\"registrationInfo\":\"Early bird registration: $1500 \\/ Regular registration: $1700\",\"firstRetreatTitle\":\"FIRST RETREAT \\/ JUNE 23\\u201327\",\"firstRetreat\":\"<p>(early bird deadline is April 10)<\\/p><p>If there are still slots open after March 20th, those registrants will sign up at regular pricing. All applications need to be in by May 1.<br><\\/p>\",\"secondRetreatTitle\":\"SEONCD RETREAT \\/ AUGUST 29\\u2013SEPTEMBER 2\",\"secondRetreat\":\"<p>(early bird deadline is May 10),<\\/p><p>All applications need to be in by July 1. Same pricing is in place for each retreat.<\\/p>\",\"quote\":[\"88\"],\"photo1\":[\"96\"],\"photo2\":[\"97\"],\"pattern\":[\"89\"],\"lodgingTitle\":\"Lodging is simple:\",\"lodging\":\"<p>Single rooms and shared baths. There are no locks on the doors, but there are places to keep valuables. We do have cell reception.<\\/p><p>You don\'t have to bring your car if you can get to the MTA\'s Metro North Railroad-Hudson Line. Metro North is the excellent commuter train out of New York City. You can take the train along the Hudson River to Garrison and be driven right to the Institute a mile away<br><\\/p>\",\"registrationTitle\":\"Registration: \",\"regInfo\":\"<p>First Retreat: Monday, June 23 \\/ 10am\\u20131pm<\\/p><p>Second Retreat: Friday August 29 \\/ 10am\\u20131pm<\\/p><p>We\'ll meet for lunch and get started at 1 pm. Room check out is on Friday, June 27, and Tuesday, September 2, respectively. <\\/p><p>We will end in the late morning.<\\/p>\"}}}}}', '2015-01-30 04:15:30', '2015-01-30 04:15:30', '93893341-3b0f-4626-bee4-69e62848399c');
INSERT INTO `craft_entryversions` (`id`, `entryId`, `sectionId`, `creatorId`, `locale`, `num`, `notes`, `data`, `dateCreated`, `dateUpdated`, `uid`) VALUES ('70', '72', '3', '1', 'en_us', '2', '', '{\"typeId\":\"3\",\"authorId\":\"1\",\"title\":\"DO NOT DELETE\",\"slug\":\"do-not-delete\",\"postDate\":1422591512,\"expiryDate\":null,\"enabled\":1,\"fields\":{\"22\":\"\",\"1\":\"\",\"3\":\"\",\"23\":\"\",\"4\":\"\",\"6\":\"June 23 - 27\"}}', '2015-01-30 04:18:32', '2015-01-30 04:18:32', 'b47528aa-6932-4262-990e-290a4200d2b4');
INSERT INTO `craft_entryversions` (`id`, `entryId`, `sectionId`, `creatorId`, `locale`, `num`, `notes`, `data`, `dateCreated`, `dateUpdated`, `uid`) VALUES ('71', '102', '3', '1', 'en_us', '1', NULL, '{\"typeId\":null,\"authorId\":\"1\",\"title\":\"Shayfer James\",\"slug\":\"shayfer-james\",\"postDate\":1422592536,\"expiryDate\":null,\"enabled\":1,\"fields\":{\"1\":\"I am dumb and I liek songs. be my friends. I hate that show. \",\"3\":\"sdajlskdjs@alksjdlsakdj\",\"4\":\"2345678\",\"6\":\"June 23 - 27\"}}', '2015-01-30 04:35:37', '2015-01-30 04:35:37', '644befca-d146-4d3c-93bc-96fa8f91db79');
INSERT INTO `craft_entryversions` (`id`, `entryId`, `sectionId`, `creatorId`, `locale`, `num`, `notes`, `data`, `dateCreated`, `dateUpdated`, `uid`) VALUES ('72', '105', '3', '1', 'en_us', '1', NULL, '{\"typeId\":null,\"authorId\":\"1\",\"title\":\"Charles Darwin\",\"slug\":\"charles-darwin\",\"postDate\":1422592620,\"expiryDate\":null,\"enabled\":1,\"fields\":{\"1\":\"I know lots of stuff about finches. Don\'t worry, its not weird. \",\"3\":\"kissyourfinch@hey.com\",\"4\":\"9879871982\",\"6\":\"June 23 - 27\"}}', '2015-01-30 04:37:01', '2015-01-30 04:37:01', '802f8764-09f3-4142-be0c-51079e186e7d');



DROP TABLE IF EXISTS `craft_fieldgroups`;


--
-- Schema for table `craft_fieldgroups`
--
CREATE TABLE `craft_fieldgroups` (
  `id` int(11) NOT NULL AUTO_INCREMENT,
  `name` varchar(255) COLLATE utf8_unicode_ci NOT NULL,
  `dateCreated` datetime NOT NULL,
  `dateUpdated` datetime NOT NULL,
  `uid` char(36) COLLATE utf8_unicode_ci NOT NULL DEFAULT '0',
  PRIMARY KEY (`id`),
  UNIQUE KEY `craft_fieldgroups_name_unq_idx` (`name`)
) ENGINE=InnoDB AUTO_INCREMENT=2 DEFAULT CHARSET=utf8 COLLATE=utf8_unicode_ci;

--
-- Data for table `craft_fieldgroups`
--

INSERT INTO `craft_fieldgroups` (`id`, `name`, `dateCreated`, `dateUpdated`, `uid`) VALUES ('1', 'Default', '2015-01-09 03:25:58', '2015-01-09 03:25:58', 'b7378749-e2ff-430e-ac95-c723ae91747c');



DROP TABLE IF EXISTS `craft_fieldlayoutfields`;


--
-- Schema for table `craft_fieldlayoutfields`
--
CREATE TABLE `craft_fieldlayoutfields` (
  `id` int(11) NOT NULL AUTO_INCREMENT,
  `layoutId` int(11) NOT NULL,
  `tabId` int(11) NOT NULL,
  `fieldId` int(11) NOT NULL,
  `required` tinyint(1) unsigned NOT NULL DEFAULT '0',
  `sortOrder` tinyint(4) DEFAULT NULL,
  `dateCreated` datetime NOT NULL,
  `dateUpdated` datetime NOT NULL,
  `uid` char(36) COLLATE utf8_unicode_ci NOT NULL DEFAULT '0',
  PRIMARY KEY (`id`),
  UNIQUE KEY `craft_fieldlayoutfields_layoutId_fieldId_unq_idx` (`layoutId`,`fieldId`),
  KEY `craft_fieldlayoutfields_sortOrder_idx` (`sortOrder`),
  KEY `craft_fieldlayoutfields_tabId_fk` (`tabId`),
  KEY `craft_fieldlayoutfields_fieldId_fk` (`fieldId`)
) ENGINE=InnoDB AUTO_INCREMENT=171 DEFAULT CHARSET=utf8 COLLATE=utf8_unicode_ci;

--
-- Data for table `craft_fieldlayoutfields`
--

INSERT INTO `craft_fieldlayoutfields` (`id`, `layoutId`, `tabId`, `fieldId`, `required`, `sortOrder`, `dateCreated`, `dateUpdated`, `uid`) VALUES ('19', '12', '6', '7', '0', '1', '2015-01-14 17:08:43', '2015-01-14 17:08:43', '03190aea-82e9-48dc-8328-8a5b3b65df7f');
INSERT INTO `craft_fieldlayoutfields` (`id`, `layoutId`, `tabId`, `fieldId`, `required`, `sortOrder`, `dateCreated`, `dateUpdated`, `uid`) VALUES ('24', '15', '8', '7', '0', '1', '2015-01-17 20:46:31', '2015-01-17 20:46:31', '9eabb715-f3a3-4bae-8e1e-6e3d8198cff8');
INSERT INTO `craft_fieldlayoutfields` (`id`, `layoutId`, `tabId`, `fieldId`, `required`, `sortOrder`, `dateCreated`, `dateUpdated`, `uid`) VALUES ('25', '15', '8', '6', '0', '2', '2015-01-17 20:46:31', '2015-01-17 20:46:31', '039c2034-10d1-498b-bf9b-1926b7148ee5');
INSERT INTO `craft_fieldlayoutfields` (`id`, `layoutId`, `tabId`, `fieldId`, `required`, `sortOrder`, `dateCreated`, `dateUpdated`, `uid`) VALUES ('26', '15', '8', '3', '0', '3', '2015-01-17 20:46:31', '2015-01-17 20:46:31', 'dfcf0973-466c-46c9-8835-df1daad60d2b');
INSERT INTO `craft_fieldlayoutfields` (`id`, `layoutId`, `tabId`, `fieldId`, `required`, `sortOrder`, `dateCreated`, `dateUpdated`, `uid`) VALUES ('27', '15', '8', '12', '0', '4', '2015-01-17 20:46:31', '2015-01-17 20:46:31', 'e65f3b9a-667f-4832-9642-4d7b5057f687');
INSERT INTO `craft_fieldlayoutfields` (`id`, `layoutId`, `tabId`, `fieldId`, `required`, `sortOrder`, `dateCreated`, `dateUpdated`, `uid`) VALUES ('28', '15', '8', '16', '0', '5', '2015-01-17 20:46:31', '2015-01-17 20:46:31', '64b4a1c7-45d9-480a-928c-f43fc4a8c2e6');
INSERT INTO `craft_fieldlayoutfields` (`id`, `layoutId`, `tabId`, `fieldId`, `required`, `sortOrder`, `dateCreated`, `dateUpdated`, `uid`) VALUES ('29', '15', '8', '15', '0', '6', '2015-01-17 20:46:31', '2015-01-17 20:46:31', '1a9c0fba-dd1d-43b6-af41-756547758bab');
INSERT INTO `craft_fieldlayoutfields` (`id`, `layoutId`, `tabId`, `fieldId`, `required`, `sortOrder`, `dateCreated`, `dateUpdated`, `uid`) VALUES ('30', '15', '8', '18', '0', '7', '2015-01-17 20:46:31', '2015-01-17 20:46:31', 'e0918938-14e5-450a-a2e0-ba7d5413efea');
INSERT INTO `craft_fieldlayoutfields` (`id`, `layoutId`, `tabId`, `fieldId`, `required`, `sortOrder`, `dateCreated`, `dateUpdated`, `uid`) VALUES ('31', '15', '8', '4', '0', '8', '2015-01-17 20:46:31', '2015-01-17 20:46:31', 'b0b856c7-8917-4677-baea-8a5e78bf1e9d');
INSERT INTO `craft_fieldlayoutfields` (`id`, `layoutId`, `tabId`, `fieldId`, `required`, `sortOrder`, `dateCreated`, `dateUpdated`, `uid`) VALUES ('32', '15', '8', '8', '0', '9', '2015-01-17 20:46:31', '2015-01-17 20:46:31', '9f49d6c9-e3ba-41aa-ba6c-927bfe80812e');
INSERT INTO `craft_fieldlayoutfields` (`id`, `layoutId`, `tabId`, `fieldId`, `required`, `sortOrder`, `dateCreated`, `dateUpdated`, `uid`) VALUES ('33', '15', '8', '17', '0', '10', '2015-01-17 20:46:31', '2015-01-17 20:46:31', 'df011d17-c899-40ac-b611-1b947be856e0');
INSERT INTO `craft_fieldlayoutfields` (`id`, `layoutId`, `tabId`, `fieldId`, `required`, `sortOrder`, `dateCreated`, `dateUpdated`, `uid`) VALUES ('34', '15', '8', '9', '0', '11', '2015-01-17 20:46:31', '2015-01-17 20:46:31', '23ff6bf3-9a12-4a65-aa00-2cf38972d632');
INSERT INTO `craft_fieldlayoutfields` (`id`, `layoutId`, `tabId`, `fieldId`, `required`, `sortOrder`, `dateCreated`, `dateUpdated`, `uid`) VALUES ('35', '15', '8', '20', '0', '12', '2015-01-17 20:46:31', '2015-01-17 20:46:31', '555c5f7c-529f-41af-9ac2-460552e3e43a');
INSERT INTO `craft_fieldlayoutfields` (`id`, `layoutId`, `tabId`, `fieldId`, `required`, `sortOrder`, `dateCreated`, `dateUpdated`, `uid`) VALUES ('36', '15', '8', '21', '0', '13', '2015-01-17 20:46:31', '2015-01-17 20:46:31', 'aeb74e2b-062a-4981-994a-47e8d430138a');
INSERT INTO `craft_fieldlayoutfields` (`id`, `layoutId`, `tabId`, `fieldId`, `required`, `sortOrder`, `dateCreated`, `dateUpdated`, `uid`) VALUES ('37', '15', '8', '13', '0', '14', '2015-01-17 20:46:31', '2015-01-17 20:46:31', '73b645dc-44eb-476b-ac9d-8abdc5b643ed');
INSERT INTO `craft_fieldlayoutfields` (`id`, `layoutId`, `tabId`, `fieldId`, `required`, `sortOrder`, `dateCreated`, `dateUpdated`, `uid`) VALUES ('38', '15', '8', '5', '0', '15', '2015-01-17 20:46:31', '2015-01-17 20:46:31', '9b56fa93-a046-4d57-ac6b-c89cffbcb891');
INSERT INTO `craft_fieldlayoutfields` (`id`, `layoutId`, `tabId`, `fieldId`, `required`, `sortOrder`, `dateCreated`, `dateUpdated`, `uid`) VALUES ('39', '15', '8', '14', '0', '16', '2015-01-17 20:46:31', '2015-01-17 20:46:31', 'd89ef8bd-c67a-49d7-b48f-bf895d8e1ebf');
INSERT INTO `craft_fieldlayoutfields` (`id`, `layoutId`, `tabId`, `fieldId`, `required`, `sortOrder`, `dateCreated`, `dateUpdated`, `uid`) VALUES ('40', '15', '8', '19', '0', '17', '2015-01-17 20:46:31', '2015-01-17 20:46:31', '58a05506-53c5-4789-8e76-d00b42641335');
INSERT INTO `craft_fieldlayoutfields` (`id`, `layoutId`, `tabId`, `fieldId`, `required`, `sortOrder`, `dateCreated`, `dateUpdated`, `uid`) VALUES ('41', '15', '8', '11', '0', '18', '2015-01-17 20:46:31', '2015-01-17 20:46:31', 'c9bebb74-9918-459c-9fdf-ec3b22258f9e');
INSERT INTO `craft_fieldlayoutfields` (`id`, `layoutId`, `tabId`, `fieldId`, `required`, `sortOrder`, `dateCreated`, `dateUpdated`, `uid`) VALUES ('42', '15', '8', '10', '0', '19', '2015-01-17 20:46:31', '2015-01-17 20:46:31', '36dd440f-a484-4335-9f37-5a4d172acb01');
INSERT INTO `craft_fieldlayoutfields` (`id`, `layoutId`, `tabId`, `fieldId`, `required`, `sortOrder`, `dateCreated`, `dateUpdated`, `uid`) VALUES ('50', '17', '10', '1', '0', '1', '2015-01-17 21:52:05', '2015-01-17 21:52:05', 'efc8e6a4-951f-462e-9a8a-550ed161dfb7');
INSERT INTO `craft_fieldlayoutfields` (`id`, `layoutId`, `tabId`, `fieldId`, `required`, `sortOrder`, `dateCreated`, `dateUpdated`, `uid`) VALUES ('51', '17', '10', '15', '0', '2', '2015-01-17 21:52:05', '2015-01-17 21:52:05', '40abb0c0-ff3a-4e5a-bd74-038d4811bc0d');
INSERT INTO `craft_fieldlayoutfields` (`id`, `layoutId`, `tabId`, `fieldId`, `required`, `sortOrder`, `dateCreated`, `dateUpdated`, `uid`) VALUES ('52', '17', '10', '22', '0', '3', '2015-01-17 21:52:05', '2015-01-17 21:52:05', '5d53caf4-4e9b-4fdf-9d1c-99e95addf5dd');
INSERT INTO `craft_fieldlayoutfields` (`id`, `layoutId`, `tabId`, `fieldId`, `required`, `sortOrder`, `dateCreated`, `dateUpdated`, `uid`) VALUES ('53', '17', '10', '23', '0', '4', '2015-01-17 21:52:05', '2015-01-17 21:52:05', 'e6a2e768-158b-4a10-88f0-82992e7ea841');
INSERT INTO `craft_fieldlayoutfields` (`id`, `layoutId`, `tabId`, `fieldId`, `required`, `sortOrder`, `dateCreated`, `dateUpdated`, `uid`) VALUES ('54', '17', '10', '3', '0', '5', '2015-01-17 21:52:05', '2015-01-17 21:52:05', '573a2353-64dc-4774-8b24-83e3df414ffa');
INSERT INTO `craft_fieldlayoutfields` (`id`, `layoutId`, `tabId`, `fieldId`, `required`, `sortOrder`, `dateCreated`, `dateUpdated`, `uid`) VALUES ('55', '18', '11', '22', '0', '1', '2015-01-17 22:02:29', '2015-01-17 22:02:29', 'a926280d-c220-4a06-abce-efabba54afdd');
INSERT INTO `craft_fieldlayoutfields` (`id`, `layoutId`, `tabId`, `fieldId`, `required`, `sortOrder`, `dateCreated`, `dateUpdated`, `uid`) VALUES ('56', '20', '12', '1', '0', '1', '2015-01-23 00:12:35', '2015-01-23 00:12:35', 'f70c6780-dbfa-4e33-bcd7-7fa229351515');
INSERT INTO `craft_fieldlayoutfields` (`id`, `layoutId`, `tabId`, `fieldId`, `required`, `sortOrder`, `dateCreated`, `dateUpdated`, `uid`) VALUES ('57', '21', '13', '3', '0', '1', '2015-01-23 00:12:46', '2015-01-23 00:12:46', 'd2b65a78-76a3-4217-b5af-2c09b1a88605');
INSERT INTO `craft_fieldlayoutfields` (`id`, `layoutId`, `tabId`, `fieldId`, `required`, `sortOrder`, `dateCreated`, `dateUpdated`, `uid`) VALUES ('58', '21', '13', '4', '0', '2', '2015-01-23 00:12:46', '2015-01-23 00:12:46', '0895c7f6-ee79-456f-8b59-951b2ce5882b');
INSERT INTO `craft_fieldlayoutfields` (`id`, `layoutId`, `tabId`, `fieldId`, `required`, `sortOrder`, `dateCreated`, `dateUpdated`, `uid`) VALUES ('59', '21', '13', '6', '0', '3', '2015-01-23 00:12:46', '2015-01-23 00:12:46', 'b11a609b-22f6-4b13-8880-984515859f88');
INSERT INTO `craft_fieldlayoutfields` (`id`, `layoutId`, `tabId`, `fieldId`, `required`, `sortOrder`, `dateCreated`, `dateUpdated`, `uid`) VALUES ('60', '21', '13', '1', '0', '4', '2015-01-23 00:12:46', '2015-01-23 00:12:46', 'a7323d67-d97d-4a9a-8092-1efd2e99fd1e');
INSERT INTO `craft_fieldlayoutfields` (`id`, `layoutId`, `tabId`, `fieldId`, `required`, `sortOrder`, `dateCreated`, `dateUpdated`, `uid`) VALUES ('61', '21', '13', '22', '0', '5', '2015-01-23 00:12:46', '2015-01-23 00:12:46', '4321d188-99fe-44d3-9b69-444642a725a8');
INSERT INTO `craft_fieldlayoutfields` (`id`, `layoutId`, `tabId`, `fieldId`, `required`, `sortOrder`, `dateCreated`, `dateUpdated`, `uid`) VALUES ('62', '21', '13', '23', '0', '6', '2015-01-23 00:12:46', '2015-01-23 00:12:46', 'aa674752-c1d7-475b-9d2b-361b731ef78c');
INSERT INTO `craft_fieldlayoutfields` (`id`, `layoutId`, `tabId`, `fieldId`, `required`, `sortOrder`, `dateCreated`, `dateUpdated`, `uid`) VALUES ('86', '30', '18', '24', '0', '1', '2015-01-23 01:49:25', '2015-01-23 01:49:25', 'c1d6c4e7-c598-41d2-ab54-f3b828842323');
INSERT INTO `craft_fieldlayoutfields` (`id`, `layoutId`, `tabId`, `fieldId`, `required`, `sortOrder`, `dateCreated`, `dateUpdated`, `uid`) VALUES ('87', '31', '19', '25', '0', '1', '2015-01-23 02:04:14', '2015-01-23 02:04:14', '810ba918-c6d8-44b0-816c-63a2ef452ded');
INSERT INTO `craft_fieldlayoutfields` (`id`, `layoutId`, `tabId`, `fieldId`, `required`, `sortOrder`, `dateCreated`, `dateUpdated`, `uid`) VALUES ('129', '36', '24', '24', '0', '1', '2015-01-28 05:05:18', '2015-01-28 05:05:18', '78440621-b40f-41f1-be84-0d73163ddca4');
INSERT INTO `craft_fieldlayoutfields` (`id`, `layoutId`, `tabId`, `fieldId`, `required`, `sortOrder`, `dateCreated`, `dateUpdated`, `uid`) VALUES ('130', '36', '24', '25', '0', '2', '2015-01-28 05:05:18', '2015-01-28 05:05:18', 'a7f0c24e-712c-4d02-b7dc-a275c3026bdc');
INSERT INTO `craft_fieldlayoutfields` (`id`, `layoutId`, `tabId`, `fieldId`, `required`, `sortOrder`, `dateCreated`, `dateUpdated`, `uid`) VALUES ('131', '36', '24', '37', '0', '3', '2015-01-28 05:05:18', '2015-01-28 05:05:18', '2c5ec6a0-a952-428c-8a72-f8766df5a090');
INSERT INTO `craft_fieldlayoutfields` (`id`, `layoutId`, `tabId`, `fieldId`, `required`, `sortOrder`, `dateCreated`, `dateUpdated`, `uid`) VALUES ('143', '38', '26', '41', '0', '1', '2015-01-28 05:21:31', '2015-01-28 05:21:31', 'e1da1683-c004-4dc6-b1e5-4e7a05aa119e');
INSERT INTO `craft_fieldlayoutfields` (`id`, `layoutId`, `tabId`, `fieldId`, `required`, `sortOrder`, `dateCreated`, `dateUpdated`, `uid`) VALUES ('144', '38', '26', '42', '0', '2', '2015-01-28 05:21:31', '2015-01-28 05:21:31', 'cf3bb43b-46e7-458e-959f-6fc6891d68e2');
INSERT INTO `craft_fieldlayoutfields` (`id`, `layoutId`, `tabId`, `fieldId`, `required`, `sortOrder`, `dateCreated`, `dateUpdated`, `uid`) VALUES ('145', '38', '26', '52', '0', '3', '2015-01-28 05:21:31', '2015-01-28 05:21:31', '07ca9923-dd5d-40c6-8e56-2a58a6e67cc5');
INSERT INTO `craft_fieldlayoutfields` (`id`, `layoutId`, `tabId`, `fieldId`, `required`, `sortOrder`, `dateCreated`, `dateUpdated`, `uid`) VALUES ('146', '38', '26', '53', '0', '4', '2015-01-28 05:21:31', '2015-01-28 05:21:31', '82f7774b-40e3-4928-ab33-e32360afe966');
INSERT INTO `craft_fieldlayoutfields` (`id`, `layoutId`, `tabId`, `fieldId`, `required`, `sortOrder`, `dateCreated`, `dateUpdated`, `uid`) VALUES ('147', '38', '26', '43', '0', '5', '2015-01-28 05:21:31', '2015-01-28 05:21:31', '3cf451dd-bf6f-488f-832b-0f125cdbfc2b');
INSERT INTO `craft_fieldlayoutfields` (`id`, `layoutId`, `tabId`, `fieldId`, `required`, `sortOrder`, `dateCreated`, `dateUpdated`, `uid`) VALUES ('148', '38', '26', '54', '0', '6', '2015-01-28 05:21:31', '2015-01-28 05:21:31', 'a006c6af-2df8-4ed6-90aa-3d00aa873c09');
INSERT INTO `craft_fieldlayoutfields` (`id`, `layoutId`, `tabId`, `fieldId`, `required`, `sortOrder`, `dateCreated`, `dateUpdated`, `uid`) VALUES ('149', '38', '26', '44', '0', '7', '2015-01-28 05:21:31', '2015-01-28 05:21:31', 'e8e68a2f-ba9e-42dc-bf5d-f850b3a233e3');
INSERT INTO `craft_fieldlayoutfields` (`id`, `layoutId`, `tabId`, `fieldId`, `required`, `sortOrder`, `dateCreated`, `dateUpdated`, `uid`) VALUES ('150', '38', '26', '48', '0', '8', '2015-01-28 05:21:31', '2015-01-28 05:21:31', 'dffe85e8-3606-458b-b359-f88bb4909a07');
INSERT INTO `craft_fieldlayoutfields` (`id`, `layoutId`, `tabId`, `fieldId`, `required`, `sortOrder`, `dateCreated`, `dateUpdated`, `uid`) VALUES ('151', '38', '26', '50', '0', '9', '2015-01-28 05:21:31', '2015-01-28 05:21:31', 'a932b870-9147-4294-b902-4bc69b9af7aa');
INSERT INTO `craft_fieldlayoutfields` (`id`, `layoutId`, `tabId`, `fieldId`, `required`, `sortOrder`, `dateCreated`, `dateUpdated`, `uid`) VALUES ('152', '38', '26', '51', '0', '10', '2015-01-28 05:21:31', '2015-01-28 05:21:31', 'e2add4a6-7e3b-47b3-9f39-f3b2cde94180');
INSERT INTO `craft_fieldlayoutfields` (`id`, `layoutId`, `tabId`, `fieldId`, `required`, `sortOrder`, `dateCreated`, `dateUpdated`, `uid`) VALUES ('153', '38', '26', '40', '0', '11', '2015-01-28 05:21:31', '2015-01-28 05:21:31', '77cd1b8a-d7b6-4138-beab-f61765801cac');
INSERT INTO `craft_fieldlayoutfields` (`id`, `layoutId`, `tabId`, `fieldId`, `required`, `sortOrder`, `dateCreated`, `dateUpdated`, `uid`) VALUES ('154', '38', '26', '55', '0', '12', '2015-01-28 05:21:31', '2015-01-28 05:21:31', 'cd751ec4-d76d-4874-a1f1-a7d9101b0380');
INSERT INTO `craft_fieldlayoutfields` (`id`, `layoutId`, `tabId`, `fieldId`, `required`, `sortOrder`, `dateCreated`, `dateUpdated`, `uid`) VALUES ('155', '38', '26', '56', '0', '13', '2015-01-28 05:21:31', '2015-01-28 05:21:31', 'd7a57010-3634-4f84-9bec-36c8a51a37f1');
INSERT INTO `craft_fieldlayoutfields` (`id`, `layoutId`, `tabId`, `fieldId`, `required`, `sortOrder`, `dateCreated`, `dateUpdated`, `uid`) VALUES ('156', '38', '26', '57', '0', '14', '2015-01-28 05:21:31', '2015-01-28 05:21:31', '54f423bc-b9c7-48b0-aefd-6ca31d59a5f0');
INSERT INTO `craft_fieldlayoutfields` (`id`, `layoutId`, `tabId`, `fieldId`, `required`, `sortOrder`, `dateCreated`, `dateUpdated`, `uid`) VALUES ('157', '38', '26', '58', '0', '15', '2015-01-28 05:21:31', '2015-01-28 05:21:31', 'a2714d3b-86f1-4bd8-96bf-1663d045be30');
INSERT INTO `craft_fieldlayoutfields` (`id`, `layoutId`, `tabId`, `fieldId`, `required`, `sortOrder`, `dateCreated`, `dateUpdated`, `uid`) VALUES ('158', '39', '27', '26', '0', '1', '2015-01-29 22:38:01', '2015-01-29 22:38:01', 'c4e8603b-690c-4174-be52-3efce6e4d006');
INSERT INTO `craft_fieldlayoutfields` (`id`, `layoutId`, `tabId`, `fieldId`, `required`, `sortOrder`, `dateCreated`, `dateUpdated`, `uid`) VALUES ('159', '39', '27', '27', '0', '2', '2015-01-29 22:38:01', '2015-01-29 22:38:01', '0f73da0d-f6c1-4dc2-b863-ccdf36e9a9ae');
INSERT INTO `craft_fieldlayoutfields` (`id`, `layoutId`, `tabId`, `fieldId`, `required`, `sortOrder`, `dateCreated`, `dateUpdated`, `uid`) VALUES ('160', '39', '27', '28', '0', '3', '2015-01-29 22:38:01', '2015-01-29 22:38:01', 'a1aa1f40-72b9-4eb4-962d-84412f95ff0d');
INSERT INTO `craft_fieldlayoutfields` (`id`, `layoutId`, `tabId`, `fieldId`, `required`, `sortOrder`, `dateCreated`, `dateUpdated`, `uid`) VALUES ('161', '39', '27', '29', '0', '4', '2015-01-29 22:38:01', '2015-01-29 22:38:01', '68c8bc9a-6432-4b81-a049-484f1e20e24b');
INSERT INTO `craft_fieldlayoutfields` (`id`, `layoutId`, `tabId`, `fieldId`, `required`, `sortOrder`, `dateCreated`, `dateUpdated`, `uid`) VALUES ('162', '39', '27', '45', '0', '5', '2015-01-29 22:38:01', '2015-01-29 22:38:01', '13ac3a01-d2a6-46fb-b9dd-edd55c9dfd7f');
INSERT INTO `craft_fieldlayoutfields` (`id`, `layoutId`, `tabId`, `fieldId`, `required`, `sortOrder`, `dateCreated`, `dateUpdated`, `uid`) VALUES ('163', '39', '27', '46', '0', '6', '2015-01-29 22:38:01', '2015-01-29 22:38:01', 'e133357c-8995-4868-899a-dc551b50a476');
INSERT INTO `craft_fieldlayoutfields` (`id`, `layoutId`, `tabId`, `fieldId`, `required`, `sortOrder`, `dateCreated`, `dateUpdated`, `uid`) VALUES ('164', '39', '27', '47', '0', '7', '2015-01-29 22:38:01', '2015-01-29 22:38:01', '5114bf49-afb4-4fec-8213-1dd175420f1a');
INSERT INTO `craft_fieldlayoutfields` (`id`, `layoutId`, `tabId`, `fieldId`, `required`, `sortOrder`, `dateCreated`, `dateUpdated`, `uid`) VALUES ('165', '39', '27', '30', '0', '8', '2015-01-29 22:38:01', '2015-01-29 22:38:01', '8de83ca3-0989-41a8-9c9f-5218d488157e');
INSERT INTO `craft_fieldlayoutfields` (`id`, `layoutId`, `tabId`, `fieldId`, `required`, `sortOrder`, `dateCreated`, `dateUpdated`, `uid`) VALUES ('166', '39', '27', '31', '0', '9', '2015-01-29 22:38:01', '2015-01-29 22:38:01', '6006fd65-afa9-40df-9145-b91acf260bca');
INSERT INTO `craft_fieldlayoutfields` (`id`, `layoutId`, `tabId`, `fieldId`, `required`, `sortOrder`, `dateCreated`, `dateUpdated`, `uid`) VALUES ('167', '39', '27', '32', '0', '10', '2015-01-29 22:38:01', '2015-01-29 22:38:01', 'ad34e6ce-c8ed-4ef0-8820-e351c3bc7682');
INSERT INTO `craft_fieldlayoutfields` (`id`, `layoutId`, `tabId`, `fieldId`, `required`, `sortOrder`, `dateCreated`, `dateUpdated`, `uid`) VALUES ('168', '39', '27', '33', '0', '11', '2015-01-29 22:38:01', '2015-01-29 22:38:01', 'e2b883e0-84f5-4755-9019-4ba71b25f02a');
INSERT INTO `craft_fieldlayoutfields` (`id`, `layoutId`, `tabId`, `fieldId`, `required`, `sortOrder`, `dateCreated`, `dateUpdated`, `uid`) VALUES ('169', '39', '27', '36', '0', '12', '2015-01-29 22:38:01', '2015-01-29 22:38:01', '64616ec1-7431-478d-a158-605c275db1b0');
INSERT INTO `craft_fieldlayoutfields` (`id`, `layoutId`, `tabId`, `fieldId`, `required`, `sortOrder`, `dateCreated`, `dateUpdated`, `uid`) VALUES ('170', '39', '27', '34', '0', '13', '2015-01-29 22:38:01', '2015-01-29 22:38:01', '63e88d7f-7e4b-4e0e-a103-edff3a5c7bde');



DROP TABLE IF EXISTS `craft_fieldlayouts`;


--
-- Schema for table `craft_fieldlayouts`
--
CREATE TABLE `craft_fieldlayouts` (
  `id` int(11) NOT NULL AUTO_INCREMENT,
  `type` varchar(150) COLLATE utf8_unicode_ci NOT NULL,
  `dateCreated` datetime NOT NULL,
  `dateUpdated` datetime NOT NULL,
  `uid` char(36) COLLATE utf8_unicode_ci NOT NULL DEFAULT '0',
  PRIMARY KEY (`id`),
  KEY `craft_fieldlayouts_type_idx` (`type`)
) ENGINE=InnoDB AUTO_INCREMENT=40 DEFAULT CHARSET=utf8 COLLATE=utf8_unicode_ci;

--
-- Data for table `craft_fieldlayouts`
--

INSERT INTO `craft_fieldlayouts` (`id`, `type`, `dateCreated`, `dateUpdated`, `uid`) VALUES ('1', 'Tag', '2015-01-09 03:25:58', '2015-01-09 03:25:58', '1d2811d0-0dc7-4643-a76f-dc541e2fc94b');
INSERT INTO `craft_fieldlayouts` (`id`, `type`, `dateCreated`, `dateUpdated`, `uid`) VALUES ('7', 'Asset', '2015-01-11 22:14:13', '2015-01-11 22:14:13', 'defa2bb3-d14e-4774-8d19-0d6517da4a35');
INSERT INTO `craft_fieldlayouts` (`id`, `type`, `dateCreated`, `dateUpdated`, `uid`) VALUES ('12', 'Entry', '2015-01-14 17:08:43', '2015-01-14 17:08:43', 'aa79afd2-a9f8-4d02-a5be-7e5ea972481b');
INSERT INTO `craft_fieldlayouts` (`id`, `type`, `dateCreated`, `dateUpdated`, `uid`) VALUES ('15', 'Entry', '2015-01-17 20:46:31', '2015-01-17 20:46:31', 'f4ebbe22-9b96-420b-8b0e-362b2d0db297');
INSERT INTO `craft_fieldlayouts` (`id`, `type`, `dateCreated`, `dateUpdated`, `uid`) VALUES ('17', 'Asset', '2015-01-17 21:52:05', '2015-01-17 21:52:05', '908b48d8-8b5e-4378-8935-ec71bc5a5e6a');
INSERT INTO `craft_fieldlayouts` (`id`, `type`, `dateCreated`, `dateUpdated`, `uid`) VALUES ('18', 'User', '2015-01-17 22:02:29', '2015-01-17 22:02:29', '117eb7b2-79bd-441f-aeb2-a28599228e47');
INSERT INTO `craft_fieldlayouts` (`id`, `type`, `dateCreated`, `dateUpdated`, `uid`) VALUES ('20', 'Entry', '2015-01-23 00:12:35', '2015-01-23 00:12:35', 'fdd34646-5123-400b-a3b0-b5ab9060a5fc');
INSERT INTO `craft_fieldlayouts` (`id`, `type`, `dateCreated`, `dateUpdated`, `uid`) VALUES ('21', 'Entry', '2015-01-23 00:12:46', '2015-01-23 00:12:46', '6b9571b8-cf88-403e-a89d-bf485477498a');
INSERT INTO `craft_fieldlayouts` (`id`, `type`, `dateCreated`, `dateUpdated`, `uid`) VALUES ('22', 'Asset', '2015-01-23 00:50:23', '2015-01-23 00:50:23', '439fd41e-7a12-430d-9342-b93d7d28615d');
INSERT INTO `craft_fieldlayouts` (`id`, `type`, `dateCreated`, `dateUpdated`, `uid`) VALUES ('23', 'Asset', '2015-01-23 00:52:35', '2015-01-23 00:52:35', 'e9ee5fea-605a-4072-9931-93ea4f2eb5f7');
INSERT INTO `craft_fieldlayouts` (`id`, `type`, `dateCreated`, `dateUpdated`, `uid`) VALUES ('30', 'GlobalSet', '2015-01-23 01:49:25', '2015-01-23 01:49:25', '70af99de-f1dc-4260-a3de-196769fc78ba');
INSERT INTO `craft_fieldlayouts` (`id`, `type`, `dateCreated`, `dateUpdated`, `uid`) VALUES ('31', 'Entry', '2015-01-23 02:04:14', '2015-01-23 02:04:14', 'f14b9542-fb5f-4bae-81c8-1efee5dca7a0');
INSERT INTO `craft_fieldlayouts` (`id`, `type`, `dateCreated`, `dateUpdated`, `uid`) VALUES ('36', 'Entry', '2015-01-28 05:05:17', '2015-01-28 05:05:17', 'bea6bdf5-81d1-489a-97fe-c4fa011a1a46');
INSERT INTO `craft_fieldlayouts` (`id`, `type`, `dateCreated`, `dateUpdated`, `uid`) VALUES ('38', 'MatrixBlock', '2015-01-28 05:21:31', '2015-01-28 05:21:31', '9fa94277-f36f-4308-8393-91bb9edcbaba');
INSERT INTO `craft_fieldlayouts` (`id`, `type`, `dateCreated`, `dateUpdated`, `uid`) VALUES ('39', 'MatrixBlock', '2015-01-29 22:38:01', '2015-01-29 22:38:01', '88c994bc-3902-4378-a785-1534951d884e');



DROP TABLE IF EXISTS `craft_fieldlayouttabs`;


--
-- Schema for table `craft_fieldlayouttabs`
--
CREATE TABLE `craft_fieldlayouttabs` (
  `id` int(11) NOT NULL AUTO_INCREMENT,
  `layoutId` int(11) NOT NULL,
  `name` varchar(255) COLLATE utf8_unicode_ci NOT NULL,
  `sortOrder` tinyint(4) DEFAULT NULL,
  `dateCreated` datetime NOT NULL,
  `dateUpdated` datetime NOT NULL,
  `uid` char(36) COLLATE utf8_unicode_ci NOT NULL DEFAULT '0',
  PRIMARY KEY (`id`),
  KEY `craft_fieldlayouttabs_sortOrder_idx` (`sortOrder`),
  KEY `craft_fieldlayouttabs_layoutId_fk` (`layoutId`)
) ENGINE=InnoDB AUTO_INCREMENT=28 DEFAULT CHARSET=utf8 COLLATE=utf8_unicode_ci;

--
-- Data for table `craft_fieldlayouttabs`
--

INSERT INTO `craft_fieldlayouttabs` (`id`, `layoutId`, `name`, `sortOrder`, `dateCreated`, `dateUpdated`, `uid`) VALUES ('6', '12', 'Content', '1', '2015-01-14 17:08:43', '2015-01-14 17:08:43', 'a36416b0-0fa1-41b9-aeb7-ccfaa1ae08b0');
INSERT INTO `craft_fieldlayouttabs` (`id`, `layoutId`, `name`, `sortOrder`, `dateCreated`, `dateUpdated`, `uid`) VALUES ('8', '15', 'Tab 1', '1', '2015-01-17 20:46:31', '2015-01-17 20:46:31', 'd092610b-9725-4d37-84cf-354928f657cf');
INSERT INTO `craft_fieldlayouttabs` (`id`, `layoutId`, `name`, `sortOrder`, `dateCreated`, `dateUpdated`, `uid`) VALUES ('10', '17', 'Content', '1', '2015-01-17 21:52:05', '2015-01-17 21:52:05', 'c3a0c812-6422-46a1-88bc-882881930ac2');
INSERT INTO `craft_fieldlayouttabs` (`id`, `layoutId`, `name`, `sortOrder`, `dateCreated`, `dateUpdated`, `uid`) VALUES ('11', '18', 'Profile', '1', '2015-01-17 22:02:29', '2015-01-17 22:02:29', '387dd903-2787-474b-8853-f68cd6187a6b');
INSERT INTO `craft_fieldlayouttabs` (`id`, `layoutId`, `name`, `sortOrder`, `dateCreated`, `dateUpdated`, `uid`) VALUES ('12', '20', 'Tab 1', '1', '2015-01-23 00:12:35', '2015-01-23 00:12:35', 'c349f374-1c0a-4243-9d46-f25356be5c07');
INSERT INTO `craft_fieldlayouttabs` (`id`, `layoutId`, `name`, `sortOrder`, `dateCreated`, `dateUpdated`, `uid`) VALUES ('13', '21', 'Tab 1', '1', '2015-01-23 00:12:46', '2015-01-23 00:12:46', '7bd01dd0-be8c-4c34-9a75-be715a5c6d2c');
INSERT INTO `craft_fieldlayouttabs` (`id`, `layoutId`, `name`, `sortOrder`, `dateCreated`, `dateUpdated`, `uid`) VALUES ('18', '30', 'Content', '1', '2015-01-23 01:49:25', '2015-01-23 01:49:25', 'c3680d4b-4948-4d2a-bc0b-17249fe367e3');
INSERT INTO `craft_fieldlayouttabs` (`id`, `layoutId`, `name`, `sortOrder`, `dateCreated`, `dateUpdated`, `uid`) VALUES ('19', '31', 'Tab 1', '1', '2015-01-23 02:04:14', '2015-01-23 02:04:14', '4ceb2b4d-b526-418a-a278-a902bd952a68');
INSERT INTO `craft_fieldlayouttabs` (`id`, `layoutId`, `name`, `sortOrder`, `dateCreated`, `dateUpdated`, `uid`) VALUES ('24', '36', 'Content', '1', '2015-01-28 05:05:17', '2015-01-28 05:05:17', '8c67ac8e-0851-4d3c-b015-955dd17b8eb0');
INSERT INTO `craft_fieldlayouttabs` (`id`, `layoutId`, `name`, `sortOrder`, `dateCreated`, `dateUpdated`, `uid`) VALUES ('26', '38', 'Content', '1', '2015-01-28 05:21:31', '2015-01-28 05:21:31', 'c9f97e74-56e8-4b70-ba15-469e2794baf8');
INSERT INTO `craft_fieldlayouttabs` (`id`, `layoutId`, `name`, `sortOrder`, `dateCreated`, `dateUpdated`, `uid`) VALUES ('27', '39', 'Content', '1', '2015-01-29 22:38:01', '2015-01-29 22:38:01', 'e20fcb99-ad71-49b0-b9b9-49187cac0685');



DROP TABLE IF EXISTS `craft_fields`;


--
-- Schema for table `craft_fields`
--
CREATE TABLE `craft_fields` (
  `id` int(11) NOT NULL AUTO_INCREMENT,
  `groupId` int(11) DEFAULT NULL,
  `name` varchar(255) COLLATE utf8_unicode_ci NOT NULL,
  `handle` varchar(58) COLLATE utf8_unicode_ci NOT NULL,
  `context` varchar(255) COLLATE utf8_unicode_ci NOT NULL DEFAULT 'global',
  `instructions` text COLLATE utf8_unicode_ci,
  `translatable` tinyint(1) unsigned NOT NULL DEFAULT '0',
  `type` varchar(150) COLLATE utf8_unicode_ci NOT NULL,
  `settings` text COLLATE utf8_unicode_ci,
  `dateCreated` datetime NOT NULL,
  `dateUpdated` datetime NOT NULL,
  `uid` char(36) COLLATE utf8_unicode_ci NOT NULL DEFAULT '0',
  PRIMARY KEY (`id`),
  UNIQUE KEY `craft_fields_handle_context_unq_idx` (`handle`,`context`),
  KEY `craft_fields_context_idx` (`context`),
  KEY `craft_fields_groupId_fk` (`groupId`)
) ENGINE=InnoDB AUTO_INCREMENT=59 DEFAULT CHARSET=utf8 COLLATE=utf8_unicode_ci;

--
-- Data for table `craft_fields`
--

INSERT INTO `craft_fields` (`id`, `groupId`, `name`, `handle`, `context`, `instructions`, `translatable`, `type`, `settings`, `dateCreated`, `dateUpdated`, `uid`) VALUES ('1', '1', 'Body', 'body', 'global', NULL, '1', 'RichText', '{\"configFile\":\"Standard.json\",\"columnType\":\"text\"}', '2015-01-09 03:25:58', '2015-01-09 03:25:58', 'f42ebee2-8aef-4bdb-9546-341b44bc662b');
INSERT INTO `craft_fields` (`id`, `groupId`, `name`, `handle`, `context`, `instructions`, `translatable`, `type`, `settings`, `dateCreated`, `dateUpdated`, `uid`) VALUES ('2', '1', 'Tags', 'tags', 'global', NULL, '0', 'Tags', '{\"source\":\"taggroup:1\"}', '2015-01-09 03:25:58', '2015-01-09 03:25:58', '02545cfe-d644-4dfd-be25-9679026cbb10');
INSERT INTO `craft_fields` (`id`, `groupId`, `name`, `handle`, `context`, `instructions`, `translatable`, `type`, `settings`, `dateCreated`, `dateUpdated`, `uid`) VALUES ('3', '1', 'Email', 'email', 'global', '', '0', 'PlainText', '{\"placeholder\":\"\",\"maxLength\":\"\",\"multiline\":\"\",\"initialRows\":\"4\"}', '2015-01-14 15:34:38', '2015-01-14 15:34:38', 'aaa185de-4b1e-44e7-8098-31e1b6b48af2');
INSERT INTO `craft_fields` (`id`, `groupId`, `name`, `handle`, `context`, `instructions`, `translatable`, `type`, `settings`, `dateCreated`, `dateUpdated`, `uid`) VALUES ('4', '1', 'Phone', 'phone', 'global', '', '0', 'PlainText', '{\"placeholder\":\"\",\"maxLength\":\"\",\"multiline\":\"\",\"initialRows\":\"4\"}', '2015-01-14 15:34:52', '2015-01-14 15:34:52', '2ea0f85c-088c-40be-a48e-850548df8e8a');
INSERT INTO `craft_fields` (`id`, `groupId`, `name`, `handle`, `context`, `instructions`, `translatable`, `type`, `settings`, `dateCreated`, `dateUpdated`, `uid`) VALUES ('5', '1', 'Statement', 'statement', 'global', '', '0', 'RichText', '{\"configFile\":\"\",\"cleanupHtml\":\"1\",\"purifyHtml\":\"\",\"columnType\":\"text\"}', '2015-01-14 15:35:21', '2015-01-14 15:35:21', 'f4907506-7cd1-4ab5-834d-e90eac239559');
INSERT INTO `craft_fields` (`id`, `groupId`, `name`, `handle`, `context`, `instructions`, `translatable`, `type`, `settings`, `dateCreated`, `dateUpdated`, `uid`) VALUES ('6', '1', 'Session Date', 'sessionDate', 'global', '', '0', 'Dropdown', '{\"options\":[{\"label\":\"June 23 - 27\",\"value\":\"June 23 - 27\",\"default\":\"\"},{\"label\":\"August 29 - September 2\",\"value\":\"August 29 - September 2\",\"default\":\"\"}]}', '2015-01-14 15:37:15', '2015-01-14 15:37:15', '8b96d3cc-4ee3-408e-ac4a-0e96b9117850');
INSERT INTO `craft_fields` (`id`, `groupId`, `name`, `handle`, `context`, `instructions`, `translatable`, `type`, `settings`, `dateCreated`, `dateUpdated`, `uid`) VALUES ('7', '1', 'Image', 'image', 'global', '', '0', 'Assets', '{\"useSingleFolder\":\"\",\"sources\":[\"folder:3\"],\"defaultUploadLocationSource\":\"1\",\"defaultUploadLocationSubpath\":\"images\",\"singleUploadLocationSource\":\"1\",\"singleUploadLocationSubpath\":\"\",\"restrictFiles\":\"\",\"limit\":\"\"}', '2015-01-14 16:52:00', '2015-01-23 00:55:27', '327ec143-737f-40ee-b7bb-7644459d8e73');
INSERT INTO `craft_fields` (`id`, `groupId`, `name`, `handle`, `context`, `instructions`, `translatable`, `type`, `settings`, `dateCreated`, `dateUpdated`, `uid`) VALUES ('8', '1', 'Emergency Phone', 'emergencyPhone', 'global', '', '0', 'PlainText', '{\"placeholder\":\"\",\"maxLength\":\"\",\"multiline\":\"\",\"initialRows\":\"4\"}', '2015-01-17 20:24:13', '2015-01-17 20:24:13', 'e597e4d5-9062-40d0-b3f1-5f7315133ae7');
INSERT INTO `craft_fields` (`id`, `groupId`, `name`, `handle`, `context`, `instructions`, `translatable`, `type`, `settings`, `dateCreated`, `dateUpdated`, `uid`) VALUES ('9', '1', 'Payment Method', 'paymentMethod', 'global', '', '0', 'Dropdown', '{\"options\":[{\"label\":\"Check\",\"value\":\"Check\",\"default\":\"\"},{\"label\":\"Pay Pal\",\"value\":\"Pay Pal\",\"default\":\"\"},{\"label\":\"Over the Phone\",\"value\":\"Over the Phone\",\"default\":\"\"}]}', '2015-01-17 20:25:34', '2015-01-17 20:25:34', '0e701475-cf2f-4a90-b05a-1a05b204cbd4');
INSERT INTO `craft_fields` (`id`, `groupId`, `name`, `handle`, `context`, `instructions`, `translatable`, `type`, `settings`, `dateCreated`, `dateUpdated`, `uid`) VALUES ('10', '1', 'Street Address 1', 'streetAddress1', 'global', '', '0', 'PlainText', '{\"placeholder\":\"\",\"maxLength\":\"\",\"multiline\":\"\",\"initialRows\":\"4\"}', '2015-01-17 20:25:59', '2015-01-17 20:25:59', '19fb42fe-6515-44e1-ad43-7e5965b4cd78');
INSERT INTO `craft_fields` (`id`, `groupId`, `name`, `handle`, `context`, `instructions`, `translatable`, `type`, `settings`, `dateCreated`, `dateUpdated`, `uid`) VALUES ('11', '1', 'Street Address 2', 'streetAddress2', 'global', '', '0', 'PlainText', '{\"placeholder\":\"\",\"maxLength\":\"\",\"multiline\":\"\",\"initialRows\":\"4\"}', '2015-01-17 20:26:10', '2015-01-17 20:26:10', '507cb847-d041-4df6-ad5c-e6cf1224d5d3');
INSERT INTO `craft_fields` (`id`, `groupId`, `name`, `handle`, `context`, `instructions`, `translatable`, `type`, `settings`, `dateCreated`, `dateUpdated`, `uid`) VALUES ('12', '1', 'City', 'city', 'global', '', '0', 'PlainText', '{\"placeholder\":\"\",\"maxLength\":\"\",\"multiline\":\"\",\"initialRows\":\"4\"}', '2015-01-17 20:26:25', '2015-01-17 20:26:25', '9106e569-4832-42de-b831-534f348f5afa');
INSERT INTO `craft_fields` (`id`, `groupId`, `name`, `handle`, `context`, `instructions`, `translatable`, `type`, `settings`, `dateCreated`, `dateUpdated`, `uid`) VALUES ('13', '1', 'State', 'state', 'global', '', '0', 'PlainText', '{\"placeholder\":\"\",\"maxLength\":\"\",\"multiline\":\"\",\"initialRows\":\"4\"}', '2015-01-17 20:26:35', '2015-01-17 20:26:35', '62dee3cd-6755-46f8-ba03-0bdc2037c661');
INSERT INTO `craft_fields` (`id`, `groupId`, `name`, `handle`, `context`, `instructions`, `translatable`, `type`, `settings`, `dateCreated`, `dateUpdated`, `uid`) VALUES ('14', '1', 'Postal Code', 'postalCode', 'global', '', '0', 'PlainText', '{\"placeholder\":\"\",\"maxLength\":\"\",\"multiline\":\"\",\"initialRows\":\"4\"}', '2015-01-17 20:26:48', '2015-01-17 20:26:48', 'f398ff88-678a-4995-b4e7-c55134108e57');
INSERT INTO `craft_fields` (`id`, `groupId`, `name`, `handle`, `context`, `instructions`, `translatable`, `type`, `settings`, `dateCreated`, `dateUpdated`, `uid`) VALUES ('15', '1', 'Do you have any food allergies or sensitivities?', 'foodAllergies', 'global', '', '0', 'PlainText', '{\"placeholder\":\"\",\"maxLength\":\"\",\"multiline\":\"\",\"initialRows\":\"4\"}', '2015-01-17 20:38:43', '2015-01-17 20:38:43', 'eb7bc539-017a-43a2-9bb3-9f18132ea685');
INSERT INTO `craft_fields` (`id`, `groupId`, `name`, `handle`, `context`, `instructions`, `translatable`, `type`, `settings`, `dateCreated`, `dateUpdated`, `uid`) VALUES ('16', '1', 'Do you have any medical condition(s) we should be aware of?', 'medicalConditions', 'global', '', '0', 'PlainText', '{\"placeholder\":\"\",\"maxLength\":\"\",\"multiline\":\"\",\"initialRows\":\"4\"}', '2015-01-17 20:39:15', '2015-01-17 20:39:15', 'a09c4ddd-655e-404e-8dcc-33b03bd59883');
INSERT INTO `craft_fields` (`id`, `groupId`, `name`, `handle`, `context`, `instructions`, `translatable`, `type`, `settings`, `dateCreated`, `dateUpdated`, `uid`) VALUES ('17', '1', 'Medications', 'medications', 'global', '', '0', 'PlainText', '{\"placeholder\":\"\",\"maxLength\":\"\",\"multiline\":\"\",\"initialRows\":\"4\"}', '2015-01-17 20:40:13', '2015-01-17 20:40:13', 'c6016df2-5194-4607-944e-7a46fc95fce0');
INSERT INTO `craft_fields` (`id`, `groupId`, `name`, `handle`, `context`, `instructions`, `translatable`, `type`, `settings`, `dateCreated`, `dateUpdated`, `uid`) VALUES ('18', '1', 'Double Room', 'doubleRoom', 'global', '', '0', 'PlainText', '{\"placeholder\":\"\",\"maxLength\":\"\",\"multiline\":\"\",\"initialRows\":\"4\"}', '2015-01-17 20:40:53', '2015-01-17 20:40:53', '2057f204-203b-4775-a088-d8b26ee41561');
INSERT INTO `craft_fields` (`id`, `groupId`, `name`, `handle`, `context`, `instructions`, `translatable`, `type`, `settings`, `dateCreated`, `dateUpdated`, `uid`) VALUES ('19', '1', 'Travel/Hotel Information', 'travelHotelInformation', 'global', '', '0', 'PlainText', '{\"placeholder\":\"\",\"maxLength\":\"\",\"multiline\":\"\",\"initialRows\":\"4\"}', '2015-01-17 20:41:41', '2015-01-17 20:41:41', '8ea0bbd3-b8aa-45d4-8e60-18a5f9a930d0');
INSERT INTO `craft_fields` (`id`, `groupId`, `name`, `handle`, `context`, `instructions`, `translatable`, `type`, `settings`, `dateCreated`, `dateUpdated`, `uid`) VALUES ('20', '1', 'Instrument', 'instrument', 'global', '', '0', 'PlainText', '{\"placeholder\":\"\",\"maxLength\":\"\",\"multiline\":\"\",\"initialRows\":\"4\"}', '2015-01-17 20:42:33', '2015-01-17 20:42:33', 'acd00df0-1f02-4b81-972a-3d2babdf6621');
INSERT INTO `craft_fields` (`id`, `groupId`, `name`, `handle`, `context`, `instructions`, `translatable`, `type`, `settings`, `dateCreated`, `dateUpdated`, `uid`) VALUES ('21', '1', 'Questions/Concerns', 'questionsConcerns', 'global', '', '0', 'RichText', '{\"configFile\":\"\",\"cleanupHtml\":\"1\",\"purifyHtml\":\"\",\"columnType\":\"text\"}', '2015-01-17 20:43:09', '2015-01-17 20:43:09', 'ab94a165-fdbd-44bd-bec0-94e642607ebf');
INSERT INTO `craft_fields` (`id`, `groupId`, `name`, `handle`, `context`, `instructions`, `translatable`, `type`, `settings`, `dateCreated`, `dateUpdated`, `uid`) VALUES ('22', '1', 'audio', 'audio', 'global', '', '0', 'Assets', '{\"useSingleFolder\":\"\",\"sources\":[\"folder:2\"],\"defaultUploadLocationSource\":\"1\",\"defaultUploadLocationSubpath\":\"\",\"singleUploadLocationSource\":\"1\",\"singleUploadLocationSubpath\":\"\",\"restrictFiles\":\"\",\"limit\":\"\"}', '2015-01-17 21:23:30', '2015-01-23 00:50:58', '5af64ac1-ab7a-4267-8678-2fba8de19d9e');
INSERT INTO `craft_fields` (`id`, `groupId`, `name`, `handle`, `context`, `instructions`, `translatable`, `type`, `settings`, `dateCreated`, `dateUpdated`, `uid`) VALUES ('23', '1', 'Lyrics', 'lyrics', 'global', '', '0', 'Assets', '{\"useSingleFolder\":\"\",\"sources\":\"*\",\"defaultUploadLocationSource\":\"1\",\"defaultUploadLocationSubpath\":\"\",\"singleUploadLocationSource\":\"1\",\"singleUploadLocationSubpath\":\"\",\"restrictFiles\":\"\",\"limit\":\"\"}', '2015-01-17 21:23:47', '2015-01-17 21:23:47', '50cbe9f5-a8d0-45e0-bcb1-d8a9c6be3135');
INSERT INTO `craft_fields` (`id`, `groupId`, `name`, `handle`, `context`, `instructions`, `translatable`, `type`, `settings`, `dateCreated`, `dateUpdated`, `uid`) VALUES ('24', '1', 'Photo', 'photo', 'global', '', '0', 'Assets', '{\"useSingleFolder\":\"\",\"sources\":[\"folder:1\"],\"defaultUploadLocationSource\":\"1\",\"defaultUploadLocationSubpath\":\"\",\"singleUploadLocationSource\":\"1\",\"singleUploadLocationSubpath\":\"\",\"restrictFiles\":\"\",\"limit\":\"\"}', '2015-01-23 00:55:48', '2015-01-23 00:55:48', '1e1ef891-50bb-4dd9-a9f7-e7897fbbc637');
INSERT INTO `craft_fields` (`id`, `groupId`, `name`, `handle`, `context`, `instructions`, `translatable`, `type`, `settings`, `dateCreated`, `dateUpdated`, `uid`) VALUES ('25', '1', 'First Block', 'firstBlock', 'global', '', '0', 'Matrix', '{\"maxBlocks\":\"1\"}', '2015-01-23 01:08:32', '2015-01-29 22:38:00', 'bc301e63-1ec1-4219-bd09-f77c443b7938');
INSERT INTO `craft_fields` (`id`, `groupId`, `name`, `handle`, `context`, `instructions`, `translatable`, `type`, `settings`, `dateCreated`, `dateUpdated`, `uid`) VALUES ('26', NULL, 'Headline', 'headline', 'matrixBlockType:1', '', '0', 'PlainText', '{\"placeholder\":\"\",\"maxLength\":\"\",\"multiline\":\"\",\"initialRows\":\"4\"}', '2015-01-23 01:08:32', '2015-01-29 22:38:00', '84e985b1-0351-4345-a9b8-b87aec84579b');
INSERT INTO `craft_fields` (`id`, `groupId`, `name`, `handle`, `context`, `instructions`, `translatable`, `type`, `settings`, `dateCreated`, `dateUpdated`, `uid`) VALUES ('27', NULL, 'Date 1', 'date1', 'matrixBlockType:1', '', '0', 'PlainText', '{\"placeholder\":\"\",\"maxLength\":\"\",\"multiline\":\"\",\"initialRows\":\"4\"}', '2015-01-23 01:08:33', '2015-01-29 22:38:00', 'bdd899df-0b78-4c50-8246-9732a6e8d5e2');
INSERT INTO `craft_fields` (`id`, `groupId`, `name`, `handle`, `context`, `instructions`, `translatable`, `type`, `settings`, `dateCreated`, `dateUpdated`, `uid`) VALUES ('28', NULL, 'Date2', 'date2', 'matrixBlockType:1', '', '0', 'PlainText', '{\"placeholder\":\"\",\"maxLength\":\"\",\"multiline\":\"\",\"initialRows\":\"4\"}', '2015-01-23 01:08:33', '2015-01-29 22:38:01', 'eaeefccd-ad05-4bb5-94bb-3c273ad88aab');
INSERT INTO `craft_fields` (`id`, `groupId`, `name`, `handle`, `context`, `instructions`, `translatable`, `type`, `settings`, `dateCreated`, `dateUpdated`, `uid`) VALUES ('29', NULL, 'Location', 'location', 'matrixBlockType:1', '', '0', 'PlainText', '{\"placeholder\":\"\",\"maxLength\":\"\",\"multiline\":\"\",\"initialRows\":\"4\"}', '2015-01-23 01:08:33', '2015-01-29 22:38:01', 'c22cfeb7-1a19-4432-9c7f-f4228c6ee6a4');
INSERT INTO `craft_fields` (`id`, `groupId`, `name`, `handle`, `context`, `instructions`, `translatable`, `type`, `settings`, `dateCreated`, `dateUpdated`, `uid`) VALUES ('30', NULL, 'Body', 'body', 'matrixBlockType:1', '', '0', 'RichText', '{\"configFile\":\"\",\"cleanupHtml\":\"1\",\"purifyHtml\":\"\",\"columnType\":\"text\"}', '2015-01-23 01:08:33', '2015-01-29 22:38:01', '09f9ec98-9145-4ba0-9366-0a7e8edd76c2');
INSERT INTO `craft_fields` (`id`, `groupId`, `name`, `handle`, `context`, `instructions`, `translatable`, `type`, `settings`, `dateCreated`, `dateUpdated`, `uid`) VALUES ('31', NULL, 'Photo 1', 'photo1', 'matrixBlockType:1', '', '0', 'Assets', '{\"useSingleFolder\":\"\",\"sources\":[\"folder:1\"],\"defaultUploadLocationSource\":\"1\",\"defaultUploadLocationSubpath\":\"\",\"singleUploadLocationSource\":\"1\",\"singleUploadLocationSubpath\":\"\",\"restrictFiles\":\"\",\"limit\":\"1\"}', '2015-01-23 01:08:33', '2015-01-29 22:38:01', '70657f55-daff-481d-bad2-61723c322380');
INSERT INTO `craft_fields` (`id`, `groupId`, `name`, `handle`, `context`, `instructions`, `translatable`, `type`, `settings`, `dateCreated`, `dateUpdated`, `uid`) VALUES ('32', NULL, 'Photo2', 'photo2', 'matrixBlockType:1', '', '0', 'Assets', '{\"useSingleFolder\":\"\",\"sources\":[\"folder:1\"],\"defaultUploadLocationSource\":\"1\",\"defaultUploadLocationSubpath\":\"\",\"singleUploadLocationSource\":\"1\",\"singleUploadLocationSubpath\":\"\",\"restrictFiles\":\"\",\"limit\":\"1\"}', '2015-01-23 01:08:33', '2015-01-29 22:38:01', '17e716aa-bb5f-4602-9f51-65a471be75bd');
INSERT INTO `craft_fields` (`id`, `groupId`, `name`, `handle`, `context`, `instructions`, `translatable`, `type`, `settings`, `dateCreated`, `dateUpdated`, `uid`) VALUES ('33', NULL, 'Photo 3', 'photo3', 'matrixBlockType:1', '', '0', 'Assets', '{\"useSingleFolder\":\"\",\"sources\":[\"folder:1\"],\"defaultUploadLocationSource\":\"1\",\"defaultUploadLocationSubpath\":\"\",\"singleUploadLocationSource\":\"1\",\"singleUploadLocationSubpath\":\"\",\"restrictFiles\":\"\",\"limit\":\"1\"}', '2015-01-23 01:08:33', '2015-01-29 22:38:01', 'eef65eca-8842-4089-a717-14e5aea96775');
INSERT INTO `craft_fields` (`id`, `groupId`, `name`, `handle`, `context`, `instructions`, `translatable`, `type`, `settings`, `dateCreated`, `dateUpdated`, `uid`) VALUES ('34', NULL, 'Quote', 'quote', 'matrixBlockType:1', '', '0', 'Assets', '{\"useSingleFolder\":\"\",\"sources\":[\"folder:1\"],\"defaultUploadLocationSource\":\"1\",\"defaultUploadLocationSubpath\":\"\",\"singleUploadLocationSource\":\"1\",\"singleUploadLocationSubpath\":\"\",\"restrictFiles\":\"\",\"limit\":\"\"}', '2015-01-23 01:08:33', '2015-01-29 22:38:01', '4e3ce45f-0049-4811-b6d3-a50c7c5a2443');
INSERT INTO `craft_fields` (`id`, `groupId`, `name`, `handle`, `context`, `instructions`, `translatable`, `type`, `settings`, `dateCreated`, `dateUpdated`, `uid`) VALUES ('36', NULL, 'Photo 4', 'photo4', 'matrixBlockType:1', '', '0', 'Assets', '{\"useSingleFolder\":\"\",\"sources\":[\"folder:1\"],\"defaultUploadLocationSource\":\"1\",\"defaultUploadLocationSubpath\":\"\",\"singleUploadLocationSource\":\"1\",\"singleUploadLocationSubpath\":\"\",\"restrictFiles\":\"\",\"limit\":\"1\"}', '2015-01-27 21:23:25', '2015-01-29 22:38:01', '17e7c2d4-1d77-45da-b64b-12759391b3a1');
INSERT INTO `craft_fields` (`id`, `groupId`, `name`, `handle`, `context`, `instructions`, `translatable`, `type`, `settings`, `dateCreated`, `dateUpdated`, `uid`) VALUES ('37', '1', 'Second Block', 'secondBlock', 'global', '', '0', 'Matrix', '{\"maxBlocks\":\"1\"}', '2015-01-28 00:19:15', '2015-01-28 05:21:29', 'f02b41ce-4596-44a9-8072-a7a41ffd6ab6');
INSERT INTO `craft_fields` (`id`, `groupId`, `name`, `handle`, `context`, `instructions`, `translatable`, `type`, `settings`, `dateCreated`, `dateUpdated`, `uid`) VALUES ('40', NULL, 'Pattern', 'pattern', 'matrixBlockType:2', '', '0', 'Assets', '{\"useSingleFolder\":\"\",\"sources\":[\"folder:1\"],\"defaultUploadLocationSource\":\"1\",\"defaultUploadLocationSubpath\":\"\",\"singleUploadLocationSource\":\"1\",\"singleUploadLocationSubpath\":\"\",\"restrictFiles\":\"\",\"limit\":\"2\"}', '2015-01-28 00:19:15', '2015-01-28 05:21:30', '7a781a2e-ecf9-4560-b41d-ea591f0bebcf');
INSERT INTO `craft_fields` (`id`, `groupId`, `name`, `handle`, `context`, `instructions`, `translatable`, `type`, `settings`, `dateCreated`, `dateUpdated`, `uid`) VALUES ('41', NULL, 'Body', 'body', 'matrixBlockType:2', '', '0', 'RichText', '{\"configFile\":\"\",\"cleanupHtml\":\"1\",\"purifyHtml\":\"\",\"columnType\":\"text\"}', '2015-01-28 00:19:15', '2015-01-28 05:21:29', '7ce04bc1-ad97-48af-aee8-b4f7c0e004cf');
INSERT INTO `craft_fields` (`id`, `groupId`, `name`, `handle`, `context`, `instructions`, `translatable`, `type`, `settings`, `dateCreated`, `dateUpdated`, `uid`) VALUES ('42', NULL, 'Pricing', 'pricing', 'matrixBlockType:2', '', '0', 'PlainText', '{\"placeholder\":\"\",\"maxLength\":\"\",\"multiline\":\"\",\"initialRows\":\"4\"}', '2015-01-28 00:19:15', '2015-01-28 05:21:29', '99de52ac-20f7-40d7-9822-86be834e4042');
INSERT INTO `craft_fields` (`id`, `groupId`, `name`, `handle`, `context`, `instructions`, `translatable`, `type`, `settings`, `dateCreated`, `dateUpdated`, `uid`) VALUES ('43', NULL, 'First Retreat', 'firstRetreat', 'matrixBlockType:2', '', '0', 'RichText', '{\"configFile\":\"\",\"cleanupHtml\":\"1\",\"purifyHtml\":\"\",\"columnType\":\"text\"}', '2015-01-28 00:19:15', '2015-01-28 05:21:30', '926cab48-fdb5-4c14-982d-bd2596873225');
INSERT INTO `craft_fields` (`id`, `groupId`, `name`, `handle`, `context`, `instructions`, `translatable`, `type`, `settings`, `dateCreated`, `dateUpdated`, `uid`) VALUES ('44', NULL, 'Second Retreat', 'secondRetreat', 'matrixBlockType:2', '', '0', 'RichText', '{\"configFile\":\"\",\"cleanupHtml\":\"1\",\"purifyHtml\":\"\",\"columnType\":\"text\"}', '2015-01-28 00:19:15', '2015-01-28 05:21:30', '62fcea95-9950-4093-b1bb-5254ef6fde54');
INSERT INTO `craft_fields` (`id`, `groupId`, `name`, `handle`, `context`, `instructions`, `translatable`, `type`, `settings`, `dateCreated`, `dateUpdated`, `uid`) VALUES ('45', NULL, 'Bullets Intro', 'bulletsIntro', 'matrixBlockType:1', '', '0', 'PlainText', '{\"placeholder\":\"\",\"maxLength\":\"\",\"multiline\":\"\",\"initialRows\":\"4\"}', '2015-01-28 04:38:30', '2015-01-29 22:38:01', '7c3f69c2-a647-46a4-99ae-13538aed250f');
INSERT INTO `craft_fields` (`id`, `groupId`, `name`, `handle`, `context`, `instructions`, `translatable`, `type`, `settings`, `dateCreated`, `dateUpdated`, `uid`) VALUES ('46', NULL, 'Bullet Points1', 'bulletPoints1', 'matrixBlockType:1', '', '0', 'Table', '{\"columns\":{\"col1\":{\"heading\":\"point\",\"handle\":\"point\",\"width\":\"\",\"type\":\"singleline\"}},\"defaults\":{\"row1\":{\"col1\":\"\"}}}', '2015-01-28 04:38:30', '2015-01-29 22:38:01', 'daaf3805-62e6-4811-8825-17702f148ceb');
INSERT INTO `craft_fields` (`id`, `groupId`, `name`, `handle`, `context`, `instructions`, `translatable`, `type`, `settings`, `dateCreated`, `dateUpdated`, `uid`) VALUES ('47', NULL, 'BulletPoints2', 'bulletpoints2', 'matrixBlockType:1', '', '0', 'Table', '{\"columns\":{\"col1\":{\"heading\":\"points\",\"handle\":\"points\",\"width\":\"\",\"type\":\"singleline\"}},\"defaults\":{\"row1\":{\"col1\":\"\"}}}', '2015-01-28 04:38:30', '2015-01-29 22:38:01', '1cde7ca6-c80e-4f05-b7ff-3cfe5702b8bb');
INSERT INTO `craft_fields` (`id`, `groupId`, `name`, `handle`, `context`, `instructions`, `translatable`, `type`, `settings`, `dateCreated`, `dateUpdated`, `uid`) VALUES ('48', NULL, 'Quote', 'quote', 'matrixBlockType:2', '', '0', 'Assets', '{\"useSingleFolder\":\"\",\"sources\":[\"folder:1\"],\"defaultUploadLocationSource\":\"1\",\"defaultUploadLocationSubpath\":\"\",\"singleUploadLocationSource\":\"1\",\"singleUploadLocationSubpath\":\"\",\"restrictFiles\":\"\",\"limit\":\"1\"}', '2015-01-28 05:03:37', '2015-01-28 05:21:30', 'bdb3ecac-629a-4640-b76e-702fb97784e5');
INSERT INTO `craft_fields` (`id`, `groupId`, `name`, `handle`, `context`, `instructions`, `translatable`, `type`, `settings`, `dateCreated`, `dateUpdated`, `uid`) VALUES ('50', NULL, 'Photo1', 'photo1', 'matrixBlockType:2', '', '0', 'Assets', '{\"useSingleFolder\":\"\",\"sources\":[\"folder:1\"],\"defaultUploadLocationSource\":\"1\",\"defaultUploadLocationSubpath\":\"\",\"singleUploadLocationSource\":\"1\",\"singleUploadLocationSubpath\":\"\",\"restrictFiles\":\"\",\"limit\":\"1\"}', '2015-01-28 05:03:37', '2015-01-28 05:21:30', '22c3623e-1e26-4e56-b58a-c09b639a43a2');
INSERT INTO `craft_fields` (`id`, `groupId`, `name`, `handle`, `context`, `instructions`, `translatable`, `type`, `settings`, `dateCreated`, `dateUpdated`, `uid`) VALUES ('51', NULL, 'Photo2', 'photo2', 'matrixBlockType:2', '', '0', 'Assets', '{\"useSingleFolder\":\"\",\"sources\":[\"folder:1\"],\"defaultUploadLocationSource\":\"1\",\"defaultUploadLocationSubpath\":\"\",\"singleUploadLocationSource\":\"1\",\"singleUploadLocationSubpath\":\"\",\"restrictFiles\":\"\",\"limit\":\"1\"}', '2015-01-28 05:03:37', '2015-01-28 05:21:30', 'e187c17f-8cdd-4bfd-8c6c-2dce6b292e1c');
INSERT INTO `craft_fields` (`id`, `groupId`, `name`, `handle`, `context`, `instructions`, `translatable`, `type`, `settings`, `dateCreated`, `dateUpdated`, `uid`) VALUES ('52', NULL, 'Registration Info', 'registrationInfo', 'matrixBlockType:2', '', '0', 'PlainText', '{\"placeholder\":\"\",\"maxLength\":\"\",\"multiline\":\"\",\"initialRows\":\"4\"}', '2015-01-28 05:20:02', '2015-01-28 05:21:30', 'b4340b2c-9c41-41ec-b02c-ceebeb67a775');
INSERT INTO `craft_fields` (`id`, `groupId`, `name`, `handle`, `context`, `instructions`, `translatable`, `type`, `settings`, `dateCreated`, `dateUpdated`, `uid`) VALUES ('53', NULL, 'First Retreat Title', 'firstRetreatTitle', 'matrixBlockType:2', '', '0', 'PlainText', '{\"placeholder\":\"\",\"maxLength\":\"\",\"multiline\":\"\",\"initialRows\":\"4\"}', '2015-01-28 05:20:02', '2015-01-28 05:21:30', 'ea1d2ab6-6439-4121-9cc1-ab7406733794');
INSERT INTO `craft_fields` (`id`, `groupId`, `name`, `handle`, `context`, `instructions`, `translatable`, `type`, `settings`, `dateCreated`, `dateUpdated`, `uid`) VALUES ('54', NULL, 'Second Retreat Title', 'secondRetreatTitle', 'matrixBlockType:2', '', '0', 'PlainText', '{\"placeholder\":\"\",\"maxLength\":\"\",\"multiline\":\"\",\"initialRows\":\"4\"}', '2015-01-28 05:20:03', '2015-01-28 05:21:30', '4c02e5cb-53c1-4b5c-b1cb-3ce2fb83a7ee');
INSERT INTO `craft_fields` (`id`, `groupId`, `name`, `handle`, `context`, `instructions`, `translatable`, `type`, `settings`, `dateCreated`, `dateUpdated`, `uid`) VALUES ('55', NULL, 'Lodging TItle', 'lodgingTitle', 'matrixBlockType:2', '', '0', 'PlainText', '{\"placeholder\":\"\",\"maxLength\":\"\",\"multiline\":\"\",\"initialRows\":\"4\"}', '2015-01-28 05:21:30', '2015-01-28 05:21:30', '08886157-7928-40d0-b889-34bc82f4161f');
INSERT INTO `craft_fields` (`id`, `groupId`, `name`, `handle`, `context`, `instructions`, `translatable`, `type`, `settings`, `dateCreated`, `dateUpdated`, `uid`) VALUES ('56', NULL, 'Lodging', 'lodging', 'matrixBlockType:2', '', '0', 'RichText', '{\"configFile\":\"\",\"cleanupHtml\":\"1\",\"purifyHtml\":\"\",\"columnType\":\"text\"}', '2015-01-28 05:21:31', '2015-01-28 05:21:31', '8e59bb84-9217-4105-8e4a-dccbce1c6822');
INSERT INTO `craft_fields` (`id`, `groupId`, `name`, `handle`, `context`, `instructions`, `translatable`, `type`, `settings`, `dateCreated`, `dateUpdated`, `uid`) VALUES ('57', NULL, 'Registration Title', 'registrationTitle', 'matrixBlockType:2', '', '0', 'PlainText', '{\"placeholder\":\"\",\"maxLength\":\"\",\"multiline\":\"\",\"initialRows\":\"4\"}', '2015-01-28 05:21:31', '2015-01-28 05:21:31', 'abe2095d-7026-472f-8589-6418ba933983');
INSERT INTO `craft_fields` (`id`, `groupId`, `name`, `handle`, `context`, `instructions`, `translatable`, `type`, `settings`, `dateCreated`, `dateUpdated`, `uid`) VALUES ('58', NULL, 'Reg Info', 'regInfo', 'matrixBlockType:2', '', '0', 'RichText', '{\"configFile\":\"\",\"cleanupHtml\":\"1\",\"purifyHtml\":\"\",\"columnType\":\"text\"}', '2015-01-28 05:21:31', '2015-01-28 05:21:31', 'bda75bbc-0f4b-47ba-92a8-d6b853347c21');



DROP TABLE IF EXISTS `craft_formbuilder_entries`;


--
-- Schema for table `craft_formbuilder_entries`
--
CREATE TABLE `craft_formbuilder_entries` (
  `id` int(11) NOT NULL,
  `formId` int(10) DEFAULT NULL,
  `title` varchar(255) COLLATE utf8_unicode_ci DEFAULT NULL,
  `data` text COLLATE utf8_unicode_ci,
  `dateCreated` datetime NOT NULL,
  `dateUpdated` datetime NOT NULL,
  `uid` char(36) COLLATE utf8_unicode_ci NOT NULL DEFAULT '0',
  PRIMARY KEY (`id`),
  KEY `craft_formbuilder_entries_formId_fk` (`formId`)
) ENGINE=InnoDB DEFAULT CHARSET=utf8 COLLATE=utf8_unicode_ci;

DROP TABLE IF EXISTS `craft_formbuilder_forms`;


--
-- Schema for table `craft_formbuilder_forms`
--
CREATE TABLE `craft_formbuilder_forms` (
  `id` int(11) NOT NULL AUTO_INCREMENT,
  `name` varchar(255) COLLATE utf8_unicode_ci NOT NULL,
  `handle` varchar(255) COLLATE utf8_unicode_ci NOT NULL,
  `toEmail` varchar(255) COLLATE utf8_unicode_ci NOT NULL,
  `subject` varchar(255) COLLATE utf8_unicode_ci DEFAULT NULL,
  `notificationTemplatePath` varchar(255) COLLATE utf8_unicode_ci NOT NULL,
  `fieldLayoutId` int(10) DEFAULT NULL,
  `dateCreated` datetime NOT NULL,
  `dateUpdated` datetime NOT NULL,
  `uid` char(36) COLLATE utf8_unicode_ci NOT NULL DEFAULT '0',
  PRIMARY KEY (`id`),
  UNIQUE KEY `craft_formbuilder_forms_name_unq_idx` (`name`),
  UNIQUE KEY `craft_formbuilder_forms_handle_unq_idx` (`handle`),
  KEY `craft_formbuilder_forms_fieldLayoutId_fk` (`fieldLayoutId`)
) ENGINE=InnoDB AUTO_INCREMENT=2 DEFAULT CHARSET=utf8 COLLATE=utf8_unicode_ci;

--
-- Data for table `craft_formbuilder_forms`
--

INSERT INTO `craft_formbuilder_forms` (`id`, `name`, `handle`, `toEmail`, `subject`, `notificationTemplatePath`, `fieldLayoutId`, `dateCreated`, `dateUpdated`, `uid`) VALUES ('1', 'Submissions ', 'submissions', 'plunkett.meghann@gmail.com', 'Subs', 'formbuilder/email/default', '17', '2015-01-17 21:52:05', '2015-01-17 21:52:05', '5b7768eb-5662-4fd4-91d0-1655ad336815');



DROP TABLE IF EXISTS `craft_globalsets`;


--
-- Schema for table `craft_globalsets`
--
CREATE TABLE `craft_globalsets` (
  `id` int(11) NOT NULL,
  `name` varchar(255) COLLATE utf8_unicode_ci NOT NULL,
  `handle` varchar(255) COLLATE utf8_unicode_ci NOT NULL,
  `fieldLayoutId` int(10) DEFAULT NULL,
  `dateCreated` datetime NOT NULL,
  `dateUpdated` datetime NOT NULL,
  `uid` char(36) COLLATE utf8_unicode_ci NOT NULL DEFAULT '0',
  PRIMARY KEY (`id`),
  UNIQUE KEY `craft_globalsets_name_unq_idx` (`name`),
  UNIQUE KEY `craft_globalsets_handle_unq_idx` (`handle`),
  KEY `craft_globalsets_fieldLayoutId_fk` (`fieldLayoutId`)
) ENGINE=InnoDB DEFAULT CHARSET=utf8 COLLATE=utf8_unicode_ci;

--
-- Data for table `craft_globalsets`
--

INSERT INTO `craft_globalsets` (`id`, `name`, `handle`, `fieldLayoutId`, `dateCreated`, `dateUpdated`, `uid`) VALUES ('49', 'Home Page Image', 'homePageImage', '30', '2015-01-23 01:49:15', '2015-01-23 01:49:25', '413060d0-3ab1-4fd7-8628-246f9e68785c');



DROP TABLE IF EXISTS `craft_googlemaps_geocoder_cache`;


--
-- Schema for table `craft_googlemaps_geocoder_cache`
--
CREATE TABLE `craft_googlemaps_geocoder_cache` (
  `id` int(11) NOT NULL AUTO_INCREMENT,
  `query` text COLLATE utf8_unicode_ci,
  `response` longtext COLLATE utf8_unicode_ci,
  `dateCreated` datetime NOT NULL,
  `dateUpdated` datetime NOT NULL,
  `uid` char(36) COLLATE utf8_unicode_ci NOT NULL DEFAULT '0',
  PRIMARY KEY (`id`)
) ENGINE=InnoDB DEFAULT CHARSET=utf8 COLLATE=utf8_unicode_ci;

DROP TABLE IF EXISTS `craft_googlemaps_locations`;


--
-- Schema for table `craft_googlemaps_locations`
--
CREATE TABLE `craft_googlemaps_locations` (
  `id` int(11) NOT NULL AUTO_INCREMENT,
  `elementId` int(11) NOT NULL,
  `handle` varchar(255) COLLATE utf8_unicode_ci DEFAULT NULL,
  `address` text COLLATE utf8_unicode_ci,
  `addressComponents` text COLLATE utf8_unicode_ci,
  `title` text COLLATE utf8_unicode_ci,
  `content` text COLLATE utf8_unicode_ci,
  `icon` text COLLATE utf8_unicode_ci,
  `lat` decimal(12,8) DEFAULT NULL,
  `lng` decimal(12,8) DEFAULT NULL,
  `dateCreated` datetime NOT NULL,
  `dateUpdated` datetime NOT NULL,
  `uid` char(36) COLLATE utf8_unicode_ci NOT NULL DEFAULT '0',
  PRIMARY KEY (`id`),
  KEY `craft_googlemaps_locations_elementId_fk` (`elementId`)
) ENGINE=InnoDB AUTO_INCREMENT=2 DEFAULT CHARSET=utf8 COLLATE=utf8_unicode_ci;

--
-- Data for table `craft_googlemaps_locations`
--

INSERT INTO `craft_googlemaps_locations` (`id`, `elementId`, `handle`, `address`, `addressComponents`, `title`, `content`, `icon`, `lat`, `lng`, `dateCreated`, `dateUpdated`, `uid`) VALUES ('1', '130', 'map', 'Tanzania', '[{\"long_name\":\"Tanzania\",\"short_name\":\"TZ\",\"types\":[\"country\",\"political\"]}]', '', 'Tanzania', NULL, '-6.36902800', '34.88882200', '2014-12-09 00:59:10', '2014-12-09 00:59:10', '536bb75a-b2fe-4269-be15-d1e8fdc68d9d');



DROP TABLE IF EXISTS `craft_googlemaps_staticmaps`;


--
-- Schema for table `craft_googlemaps_staticmaps`
--
CREATE TABLE `craft_googlemaps_staticmaps` (
  `id` int(11) NOT NULL AUTO_INCREMENT,
  `query` text COLLATE utf8_unicode_ci,
  `filename` varchar(255) COLLATE utf8_unicode_ci DEFAULT NULL,
  `dateCreated` datetime NOT NULL,
  `dateUpdated` datetime NOT NULL,
  `uid` char(36) COLLATE utf8_unicode_ci NOT NULL DEFAULT '0',
  PRIMARY KEY (`id`)
) ENGINE=InnoDB DEFAULT CHARSET=utf8 COLLATE=utf8_unicode_ci;

DROP TABLE IF EXISTS `craft_info`;


--
-- Schema for table `craft_info`
--
CREATE TABLE `craft_info` (
  `id` int(11) NOT NULL AUTO_INCREMENT,
  `version` varchar(15) COLLATE utf8_unicode_ci NOT NULL,
  `build` int(11) unsigned NOT NULL,
  `schemaVersion` varchar(15) COLLATE utf8_unicode_ci NOT NULL,
  `releaseDate` datetime NOT NULL,
  `edition` tinyint(1) unsigned NOT NULL DEFAULT '0',
  `siteName` varchar(100) COLLATE utf8_unicode_ci NOT NULL,
  `siteUrl` varchar(255) COLLATE utf8_unicode_ci NOT NULL,
  `timezone` varchar(30) COLLATE utf8_unicode_ci DEFAULT NULL,
  `on` tinyint(1) unsigned NOT NULL DEFAULT '0',
  `maintenance` tinyint(1) unsigned NOT NULL DEFAULT '0',
  `track` varchar(40) COLLATE utf8_unicode_ci NOT NULL,
  `dateCreated` datetime NOT NULL,
  `dateUpdated` datetime NOT NULL,
  `uid` char(36) COLLATE utf8_unicode_ci NOT NULL DEFAULT '0',
  PRIMARY KEY (`id`)
) ENGINE=InnoDB AUTO_INCREMENT=2 DEFAULT CHARSET=utf8 COLLATE=utf8_unicode_ci;

--
-- Data for table `craft_info`
--

INSERT INTO `craft_info` (`id`, `version`, `build`, `schemaVersion`, `releaseDate`, `edition`, `siteName`, `siteUrl`, `timezone`, `on`, `maintenance`, `track`, `dateCreated`, `dateUpdated`, `uid`) VALUES ('1', '2.3', '2625', '2.3.1', '2015-01-06 22:37:09', '2', 'Dar Williams', 'http://dar-williams.dev', 'UTC', '1', '0', 'stable', '2015-01-09 03:25:49', '2015-01-14 15:57:43', 'bbd24c4b-8759-4957-8de3-a1404b9030ea');



DROP TABLE IF EXISTS `craft_locales`;


--
-- Schema for table `craft_locales`
--
CREATE TABLE `craft_locales` (
  `locale` char(12) COLLATE utf8_unicode_ci NOT NULL,
  `sortOrder` tinyint(4) DEFAULT NULL,
  `dateCreated` datetime NOT NULL,
  `dateUpdated` datetime NOT NULL,
  `uid` char(36) COLLATE utf8_unicode_ci NOT NULL DEFAULT '0',
  PRIMARY KEY (`locale`),
  KEY `craft_locales_sortOrder_idx` (`sortOrder`)
) ENGINE=InnoDB DEFAULT CHARSET=utf8 COLLATE=utf8_unicode_ci;

--
-- Data for table `craft_locales`
--

INSERT INTO `craft_locales` (`locale`, `sortOrder`, `dateCreated`, `dateUpdated`, `uid`) VALUES ('en_us', '1', '2015-01-09 03:25:50', '2015-01-09 03:25:50', '1f7817e3-543c-4593-81e1-d21edf8049ae');



DROP TABLE IF EXISTS `craft_matrixblocks`;


--
-- Schema for table `craft_matrixblocks`
--
CREATE TABLE `craft_matrixblocks` (
  `id` int(11) NOT NULL,
  `ownerId` int(11) NOT NULL,
  `fieldId` int(11) NOT NULL,
  `typeId` int(11) DEFAULT NULL,
  `sortOrder` tinyint(4) DEFAULT NULL,
  `ownerLocale` char(12) COLLATE utf8_unicode_ci DEFAULT NULL,
  `dateCreated` datetime NOT NULL,
  `dateUpdated` datetime NOT NULL,
  `uid` char(36) COLLATE utf8_unicode_ci NOT NULL DEFAULT '0',
  PRIMARY KEY (`id`),
  KEY `craft_matrixblocks_ownerId_idx` (`ownerId`),
  KEY `craft_matrixblocks_fieldId_idx` (`fieldId`),
  KEY `craft_matrixblocks_typeId_idx` (`typeId`),
  KEY `craft_matrixblocks_sortOrder_idx` (`sortOrder`),
  KEY `craft_matrixblocks_ownerLocale_fk` (`ownerLocale`)
) ENGINE=InnoDB DEFAULT CHARSET=utf8 COLLATE=utf8_unicode_ci;

--
-- Data for table `craft_matrixblocks`
--

INSERT INTO `craft_matrixblocks` (`id`, `ownerId`, `fieldId`, `typeId`, `sortOrder`, `ownerLocale`, `dateCreated`, `dateUpdated`, `uid`) VALUES ('46', '2', '25', '1', '1', NULL, '2015-01-23 01:14:27', '2015-01-30 04:15:30', 'd946a09d-9741-4ea3-b795-4e0adbb12a17');
INSERT INTO `craft_matrixblocks` (`id`, `ownerId`, `fieldId`, `typeId`, `sortOrder`, `ownerLocale`, `dateCreated`, `dateUpdated`, `uid`) VALUES ('56', '2', '37', '2', '1', NULL, '2015-01-28 05:13:57', '2015-01-30 04:15:30', 'a4de3ce6-4f31-493e-947c-faaf4e9ae944');



DROP TABLE IF EXISTS `craft_matrixblocktypes`;


--
-- Schema for table `craft_matrixblocktypes`
--
CREATE TABLE `craft_matrixblocktypes` (
  `id` int(11) NOT NULL AUTO_INCREMENT,
  `fieldId` int(11) NOT NULL,
  `fieldLayoutId` int(11) DEFAULT NULL,
  `name` varchar(255) COLLATE utf8_unicode_ci NOT NULL,
  `handle` varchar(255) COLLATE utf8_unicode_ci NOT NULL,
  `sortOrder` tinyint(4) DEFAULT NULL,
  `dateCreated` datetime NOT NULL,
  `dateUpdated` datetime NOT NULL,
  `uid` char(36) COLLATE utf8_unicode_ci NOT NULL DEFAULT '0',
  PRIMARY KEY (`id`),
  UNIQUE KEY `craft_matrixblocktypes_name_fieldId_unq_idx` (`name`,`fieldId`),
  UNIQUE KEY `craft_matrixblocktypes_handle_fieldId_unq_idx` (`handle`,`fieldId`),
  KEY `craft_matrixblocktypes_fieldId_fk` (`fieldId`),
  KEY `craft_matrixblocktypes_fieldLayoutId_fk` (`fieldLayoutId`)
) ENGINE=InnoDB AUTO_INCREMENT=3 DEFAULT CHARSET=utf8 COLLATE=utf8_unicode_ci;

--
-- Data for table `craft_matrixblocktypes`
--

INSERT INTO `craft_matrixblocktypes` (`id`, `fieldId`, `fieldLayoutId`, `name`, `handle`, `sortOrder`, `dateCreated`, `dateUpdated`, `uid`) VALUES ('1', '25', '39', 'block', 'block', '1', '2015-01-23 01:08:32', '2015-01-29 22:38:01', '3bd3cf3c-21fb-4b62-9bfa-0c5b85356f0d');
INSERT INTO `craft_matrixblocktypes` (`id`, `fieldId`, `fieldLayoutId`, `name`, `handle`, `sortOrder`, `dateCreated`, `dateUpdated`, `uid`) VALUES ('2', '37', '38', 'Block', 'block', '1', '2015-01-28 00:19:15', '2015-01-28 05:21:31', '417898a2-f548-46c2-9655-712515498e0b');



DROP TABLE IF EXISTS `craft_matrixcontent_becomeawatson`;


--
-- Schema for table `craft_matrixcontent_becomeawatson`
--
CREATE TABLE `craft_matrixcontent_becomeawatson` (
  `id` int(11) NOT NULL AUTO_INCREMENT,
  `elementId` int(11) NOT NULL,
  `locale` char(12) COLLATE utf8_unicode_ci NOT NULL,
  `field_article_heading` text COLLATE utf8_unicode_ci,
  `field_article_body` text COLLATE utf8_unicode_ci,
  `field_applicationRequirements_requirements` text COLLATE utf8_unicode_ci,
  `field_applicationRequirements_heading` text COLLATE utf8_unicode_ci,
  `dateCreated` datetime NOT NULL,
  `dateUpdated` datetime NOT NULL,
  `uid` char(36) COLLATE utf8_unicode_ci NOT NULL DEFAULT '0',
  PRIMARY KEY (`id`),
  UNIQUE KEY `craft_matrixcontent_becomeawatson_elementId_locale_unq_idx` (`elementId`,`locale`),
  KEY `craft_matrixcontent_becomeawatson_locale_fk` (`locale`)
) ENGINE=InnoDB AUTO_INCREMENT=13 DEFAULT CHARSET=utf8 COLLATE=utf8_unicode_ci;

--
-- Data for table `craft_matrixcontent_becomeawatson`
--

INSERT INTO `craft_matrixcontent_becomeawatson` (`id`, `elementId`, `locale`, `field_article_heading`, `field_article_body`, `field_applicationRequirements_requirements`, `field_applicationRequirements_heading`, `dateCreated`, `dateUpdated`, `uid`) VALUES ('1', '11', 'en_us', 'Am I Eligible?', '<p>Lorem ipsum dolor sit amet, consectetur adipiscing elit. Pellentesque imperdiet vehicula viverra. Integer molestie dui sit amet nisi gravida commodo. Sed nisl ipsum, pharetra ac blandit in, convallis sit amet risus. Maecenas et semper mauris, quis aliquet est.</p>', NULL, NULL, '2014-10-31 17:02:03', '2014-10-31 17:24:52', '9f6faf6e-b7f2-4b2a-b7d4-90279d4e3d97');
INSERT INTO `craft_matrixcontent_becomeawatson` (`id`, `elementId`, `locale`, `field_article_heading`, `field_article_body`, `field_applicationRequirements_requirements`, `field_applicationRequirements_heading`, `dateCreated`, `dateUpdated`, `uid`) VALUES ('2', '12', 'en_us', 'Selection Criteria', '<p>Etiam a purus ullamcorper, placerat dolor vitae, congue nisl. Mauris non sapien commodo, consequat nisl nec, egestas ipsum. Donec enim ex, rutrum nec felis fringilla, egestas consectetur metus. Sed placerat lectus ligula, a venenatis risus pretium in. Nam cursus orci eget porta lacinia. Ut facilisis vehicula maximus. Lorem ipsum dolor sit amet, consectetur adipiscing elit. Nam egestas tristique posuere. Pellentesque sollicitudin lacus rutrum dignissim fringilla. Quisque cursus ornare mauris at tempor. Praesent in sapien elit.</p>', NULL, NULL, '2014-10-31 17:02:04', '2014-10-31 17:24:52', 'f00b6775-f3c8-46ee-b0c0-f2480a63f875');
INSERT INTO `craft_matrixcontent_becomeawatson` (`id`, `elementId`, `locale`, `field_article_heading`, `field_article_body`, `field_applicationRequirements_requirements`, `field_applicationRequirements_heading`, `dateCreated`, `dateUpdated`, `uid`) VALUES ('3', '13', 'en_us', 'Application Process', '<p>Lorem ipsum dolor sit amet, consectetur adipiscing elit. Phasellus feugiat metus vehicula, pretium magna a, dictum nisl. Morbi finibus ipsum id aliquet pellentesque. Pellentesque tristique tellus lorem, in euismod odio congue vel. Vivamus fringilla dictum lectus vel scelerisque.</p><p>Sed gravida risus vel scelerisque molestie. Aenean a tempus nulla. Vivamus a ipsum ut magna porttitor gravida sit amet eget lorem. Maecenas vestibulum erat vitae lorem condimentum aliquam. Donec viverra leo non nulla fringilla, sit amet sodales ipsum ornare.&nbsp;</p>', NULL, NULL, '2014-10-31 17:02:04', '2014-10-31 17:24:52', '093d47d7-ac41-47f9-ae42-3de1ca88a3f4');
INSERT INTO `craft_matrixcontent_becomeawatson` (`id`, `elementId`, `locale`, `field_article_heading`, `field_article_body`, `field_applicationRequirements_requirements`, `field_applicationRequirements_heading`, `dateCreated`, `dateUpdated`, `uid`) VALUES ('4', '14', 'en_us', NULL, NULL, '[{\"col1\":\"Lorem ipsum dolor sit amet, consectetur adipiscing elit. \"},{\"col1\":\"Curabitur consectetur lacus eu fermentum sagittis.\"},{\"col1\":\"Donec viverra leo non nulla fringilla.\"},{\"col1\":\"Donec quis rutrum nunc.\"},{\"col1\":\"Aenean a tempus nulla.\"},{\"col1\":\"Sed gravida risus vel scelerisque molestie.\"},{\"col1\":\"In pulvinar consequat metus, non pharetra nisl condimentum vitae.\"}]', 'The Application is Online and Requires', '2014-10-31 17:02:04', '2014-10-31 17:24:52', '368fecf7-fdbd-4be1-b7cf-f09221672968');
INSERT INTO `craft_matrixcontent_becomeawatson` (`id`, `elementId`, `locale`, `field_article_heading`, `field_article_body`, `field_applicationRequirements_requirements`, `field_applicationRequirements_heading`, `dateCreated`, `dateUpdated`, `uid`) VALUES ('10', '52', 'en_us', 'Selection Criteria', '<p>Donec dictum sem non felis cursus, eu congue sem egestas. Quisque ut rhoncus lorem. Sed sit amet dictum libero. Class aptent taciti sociosqu ad litora torquent per conubia nostra, per inceptos himenaeos. Fusce vitae erat eu justo mattis lobortis et eu erat. Ut dui nunc, molestie nec rutrum et, accumsan nec tellus. Pellentesque facilisis finibus rhoncus. Aliquam tempor felis metus, ut hendrerit dui ornare sed. Vivamus eget felis pharetra, aliquet leo at, rhoncus tellus.</p>', NULL, NULL, '2014-10-31 17:28:05', '2014-10-31 17:33:41', '5b11c2f0-9000-4f05-8be9-27a461f61045');
INSERT INTO `craft_matrixcontent_becomeawatson` (`id`, `elementId`, `locale`, `field_article_heading`, `field_article_body`, `field_applicationRequirements_requirements`, `field_applicationRequirements_heading`, `dateCreated`, `dateUpdated`, `uid`) VALUES ('11', '53', 'en_us', 'Application Process', '<p>Lorem ipsum dolor sit amet, consectetur adipiscing elit. Maecenas elit leo, aliquam a efficitur nec, convallis a felis. Quisque urna ante, ullamcorper sodales orci vitae, feugiat ultricies dui. Fusce finibus non tortor eget euismod. Sed semper sit amet risus eu malesuada. Praesent quis leo in felis dignissim molestie. Donec dictum sem non felis cursus, eu congue sem egestas. Quisque ut rhoncus lorem. Sed sit amet dictum libero. Class aptent taciti sociosqu ad litora torquent per conubia nostra, per inceptos himenaeos. Fusce vitae erat eu justo mattis lobortis et eu erat. Ut dui nunc, molestie nec rutrum et, accumsan nec tellus. Pellentesque facilisis finibus rhoncus. Aliquam tempor felis metus, ut hendrerit dui ornare sed. Vivamus eget felis pharetra, aliquet leo at, rhoncus tellus.</p><p>Suspendisse at gravida enim. Nulla facilisi. In at tristique lorem. Aliquam semper sem commodo nunc semper pellentesque. Donec condimentum sem sem, sit amet vestibulum libero faucibus a. Cras vel libero id est ullamcorper placerat. In hac habitasse platea dictumst. Suspendisse et sodales lorem, sit amet viverra sem. Praesent sed urna libero. Etiam nec bibendum turpis. Nulla ultrices pulvinar magna, a luctus enim gravida ac.</p>', NULL, NULL, '2014-10-31 17:28:05', '2014-10-31 17:33:41', 'ac2534d6-8635-497d-a9e6-07c752b46296');
INSERT INTO `craft_matrixcontent_becomeawatson` (`id`, `elementId`, `locale`, `field_article_heading`, `field_article_body`, `field_applicationRequirements_requirements`, `field_applicationRequirements_heading`, `dateCreated`, `dateUpdated`, `uid`) VALUES ('12', '54', 'en_us', NULL, NULL, '[{\"col1\":\"Aliquam tempor felis metus, ut hendrerit dui ornare sed. Vivamus eget felis pharetra, aliquet leo at, rhoncus tellus.\"},{\"col1\":\"Ut dui nunc, molestie nec rutrum et, accumsan nec tellus\"},{\"col1\":\"Praesent sed urna libero.\"},{\"col1\":\"Etiam nec bibendum turpis.\"},{\"col1\":\" Nulla ultrices pulvinar magna, a luctus enim gravida ac.\"},{\"col1\":\"Lorem ipsum dolor sit amet, consectetur adipiscing elit.\"},{\"col1\":\"Maecenas elit leo, aliquam a efficitur nec, convallis a felis\"}]', 'The Application is Online and Requires', '2014-10-31 17:28:05', '2014-10-31 17:33:41', '528044f9-9d3e-4d78-bbb0-143b2b3cb927');



DROP TABLE IF EXISTS `craft_matrixcontent_faqs`;


--
-- Schema for table `craft_matrixcontent_faqs`
--
CREATE TABLE `craft_matrixcontent_faqs` (
  `id` int(11) NOT NULL AUTO_INCREMENT,
  `elementId` int(11) NOT NULL,
  `locale` char(12) COLLATE utf8_unicode_ci NOT NULL,
  `field_faq_question` text COLLATE utf8_unicode_ci,
  `field_faq_answer` text COLLATE utf8_unicode_ci,
  `dateCreated` datetime NOT NULL,
  `dateUpdated` datetime NOT NULL,
  `uid` char(36) COLLATE utf8_unicode_ci NOT NULL DEFAULT '0',
  PRIMARY KEY (`id`),
  UNIQUE KEY `craft_matrixcontent_faqs_elementId_locale_unq_idx` (`elementId`,`locale`),
  KEY `craft_matrixcontent_faqs_locale_fk` (`locale`)
) ENGINE=InnoDB DEFAULT CHARSET=utf8 COLLATE=utf8_unicode_ci;

DROP TABLE IF EXISTS `craft_matrixcontent_firstblock`;


--
-- Schema for table `craft_matrixcontent_firstblock`
--
CREATE TABLE `craft_matrixcontent_firstblock` (
  `id` int(11) NOT NULL AUTO_INCREMENT,
  `elementId` int(11) NOT NULL,
  `locale` char(12) COLLATE utf8_unicode_ci NOT NULL,
  `field_block_headline` text COLLATE utf8_unicode_ci,
  `field_block_date1` text COLLATE utf8_unicode_ci,
  `field_block_date2` text COLLATE utf8_unicode_ci,
  `field_block_location` text COLLATE utf8_unicode_ci,
  `field_block_body` text COLLATE utf8_unicode_ci,
  `field_block_bulletsIntro` text COLLATE utf8_unicode_ci,
  `field_block_bulletPoints1` text COLLATE utf8_unicode_ci,
  `field_block_bulletpoints2` text COLLATE utf8_unicode_ci,
  `dateCreated` datetime NOT NULL,
  `dateUpdated` datetime NOT NULL,
  `uid` char(36) COLLATE utf8_unicode_ci NOT NULL DEFAULT '0',
  PRIMARY KEY (`id`),
  UNIQUE KEY `craft_matrixcontent_firstblock_elementId_locale_unq_idx` (`elementId`,`locale`),
  KEY `craft_matrixcontent_firstblock_locale_fk` (`locale`)
) ENGINE=InnoDB AUTO_INCREMENT=2 DEFAULT CHARSET=utf8 COLLATE=utf8_unicode_ci;

--
-- Data for table `craft_matrixcontent_firstblock`
--

INSERT INTO `craft_matrixcontent_firstblock` (`id`, `elementId`, `locale`, `field_block_headline`, `field_block_date1`, `field_block_date2`, `field_block_location`, `field_block_body`, `field_block_bulletsIntro`, `field_block_bulletPoints1`, `field_block_bulletpoints2`, `dateCreated`, `dateUpdated`, `uid`) VALUES ('1', '46', 'en_us', 'Writing a Song that Matters', 'Jun 23 to 27, 2015', 'August 29 to September 2, 2015', 'Garrison, New York', '<p>This workshop is for anyone that wants to write a song that counts: for ourselves, for the people (or pets) we love and for the world. Our songs can be funny, heavy, catchy or sappy! We\'ll just be looking for ways to say what we really want to say. </p><ul></ul>', 'Please Join me at the beautiful GARRISON INSTITUTE for five days of:', '[{\"col1\":\"Songwriting\"},{\"col1\":\"Morning Yog\"},{\"col1\":\"Inspiration \"}]', '[{\"col1\":\"Singing\"},{\"col1\":\"Excellent Vegetarian Meals\"},{\"col1\":\"Sweeping Views of the Hudson River\"}]', '2015-01-23 01:14:27', '2015-01-30 04:15:30', '6ca81ae6-9b91-457e-84da-d8b99a59fa5a');



DROP TABLE IF EXISTS `craft_matrixcontent_locations`;


--
-- Schema for table `craft_matrixcontent_locations`
--
CREATE TABLE `craft_matrixcontent_locations` (
  `id` int(11) NOT NULL AUTO_INCREMENT,
  `elementId` int(11) NOT NULL,
  `locale` char(12) COLLATE utf8_unicode_ci NOT NULL,
  `field_primary_placeName` text COLLATE utf8_unicode_ci,
  `field_primary_body` text COLLATE utf8_unicode_ci,
  `field_secondary_placeName` text COLLATE utf8_unicode_ci,
  `field_quote_quote` text COLLATE utf8_unicode_ci,
  `field_primaryWithQuote_placeName` text COLLATE utf8_unicode_ci,
  `field_primaryWithQuote_quote` text COLLATE utf8_unicode_ci,
  `field_primary_showAsQuote` tinyint(1) unsigned NOT NULL DEFAULT '0',
  `dateCreated` datetime NOT NULL,
  `dateUpdated` datetime NOT NULL,
  `uid` char(36) COLLATE utf8_unicode_ci NOT NULL DEFAULT '0',
  PRIMARY KEY (`id`),
  UNIQUE KEY `craft_matrixcontent_locations_elementId_locale_unq_idx` (`elementId`,`locale`),
  KEY `craft_matrixcontent_locations_locale_fk` (`locale`)
) ENGINE=InnoDB AUTO_INCREMENT=38 DEFAULT CHARSET=utf8 COLLATE=utf8_unicode_ci;

--
-- Data for table `craft_matrixcontent_locations`
--

INSERT INTO `craft_matrixcontent_locations` (`id`, `elementId`, `locale`, `field_primary_placeName`, `field_primary_body`, `field_secondary_placeName`, `field_quote_quote`, `field_primaryWithQuote_placeName`, `field_primaryWithQuote_quote`, `field_primary_showAsQuote`, `dateCreated`, `dateUpdated`, `uid`) VALUES ('1', '129', 'en_us', NULL, NULL, 'Bolivia', NULL, NULL, NULL, '0', '2014-12-09 00:20:34', '2015-01-12 21:38:27', '368d1fca-1e6d-4520-a621-849e48f54d3b');
INSERT INTO `craft_matrixcontent_locations` (`id`, `elementId`, `locale`, `field_primary_placeName`, `field_primary_body`, `field_secondary_placeName`, `field_quote_quote`, `field_primaryWithQuote_placeName`, `field_primaryWithQuote_quote`, `field_primary_showAsQuote`, `dateCreated`, `dateUpdated`, `uid`) VALUES ('2', '130', 'en_us', 'Tanzania', 'Throughout his year of independent study, LeBrun gained a comprehensive understanding of how excessive burdens of surgical disease—a disease that requires surgical rather than medical intervention—weigh on the lives of people in the developing world. ', NULL, NULL, NULL, NULL, '0', '2014-12-09 00:20:34', '2015-01-12 21:38:27', '40072122-b0a8-4d69-9b58-213a651b3aa1');
INSERT INTO `craft_matrixcontent_locations` (`id`, `elementId`, `locale`, `field_primary_placeName`, `field_primary_body`, `field_secondary_placeName`, `field_quote_quote`, `field_primaryWithQuote_placeName`, `field_primaryWithQuote_quote`, `field_primary_showAsQuote`, `dateCreated`, `dateUpdated`, `uid`) VALUES ('3', '131', 'en_us', NULL, NULL, 'Malaysia', NULL, NULL, NULL, '0', '2014-12-09 00:27:26', '2015-01-12 21:38:28', '068c3a71-ee6d-4a27-97c6-e74a3d706566');
INSERT INTO `craft_matrixcontent_locations` (`id`, `elementId`, `locale`, `field_primary_placeName`, `field_primary_body`, `field_secondary_placeName`, `field_quote_quote`, `field_primaryWithQuote_placeName`, `field_primaryWithQuote_quote`, `field_primary_showAsQuote`, `dateCreated`, `dateUpdated`, `uid`) VALUES ('10', '145', 'en_us', NULL, NULL, 'BANGALDESH', NULL, NULL, NULL, '0', '2014-12-19 19:49:46', '2015-01-12 21:38:27', '1376db10-f919-47f8-bf52-c1fe4935eff1');
INSERT INTO `craft_matrixcontent_locations` (`id`, `elementId`, `locale`, `field_primary_placeName`, `field_primary_body`, `field_secondary_placeName`, `field_quote_quote`, `field_primaryWithQuote_placeName`, `field_primaryWithQuote_quote`, `field_primary_showAsQuote`, `dateCreated`, `dateUpdated`, `uid`) VALUES ('13', '226', 'en_us', 'Peru', 'These experiences helped transform my boyhood interests in anatomy and scalpels into an overwhelming obsession with understanding surgery as a medical intervention, a form of art, and above all, a revitalizing form of community medicine.', NULL, NULL, NULL, NULL, '1', '2015-01-09 22:41:35', '2015-01-12 21:38:27', '9668b9b2-c573-437d-a22a-67c67512a95a');
INSERT INTO `craft_matrixcontent_locations` (`id`, `elementId`, `locale`, `field_primary_placeName`, `field_primary_body`, `field_secondary_placeName`, `field_quote_quote`, `field_primaryWithQuote_placeName`, `field_primaryWithQuote_quote`, `field_primary_showAsQuote`, `dateCreated`, `dateUpdated`, `uid`) VALUES ('22', '245', 'en_us', 'Switzerland', 'Through cross-cultural dialogue with surgical patients and providers around the world, I acquired a holistic understanding of the causalities and consequences that shape international surgical inequities.', NULL, NULL, NULL, NULL, '1', '2015-01-12 21:02:57', '2015-01-12 21:38:28', '0146177c-f756-4879-92f3-6930f894e100');
INSERT INTO `craft_matrixcontent_locations` (`id`, `elementId`, `locale`, `field_primary_placeName`, `field_primary_body`, `field_secondary_placeName`, `field_quote_quote`, `field_primaryWithQuote_placeName`, `field_primaryWithQuote_quote`, `field_primary_showAsQuote`, `dateCreated`, `dateUpdated`, `uid`) VALUES ('23', '246', 'en_us', NULL, NULL, 'Thailand', NULL, NULL, NULL, '0', '2015-01-12 21:38:28', '2015-01-12 21:38:28', 'c03b9feb-2914-4f72-b39c-572d4c8bfccb');
INSERT INTO `craft_matrixcontent_locations` (`id`, `elementId`, `locale`, `field_primary_placeName`, `field_primary_body`, `field_secondary_placeName`, `field_quote_quote`, `field_primaryWithQuote_placeName`, `field_primaryWithQuote_quote`, `field_primary_showAsQuote`, `dateCreated`, `dateUpdated`, `uid`) VALUES ('24', '272', 'en_us', 'Ghana', '', NULL, NULL, NULL, NULL, '0', '2015-01-14 16:09:17', '2015-01-14 16:09:17', 'dcebcd36-394d-496f-a2d7-0dc5f0c5866a');
INSERT INTO `craft_matrixcontent_locations` (`id`, `elementId`, `locale`, `field_primary_placeName`, `field_primary_body`, `field_secondary_placeName`, `field_quote_quote`, `field_primaryWithQuote_placeName`, `field_primaryWithQuote_quote`, `field_primary_showAsQuote`, `dateCreated`, `dateUpdated`, `uid`) VALUES ('25', '273', 'en_us', 'Egypt', '', NULL, NULL, NULL, NULL, '0', '2015-01-14 16:09:17', '2015-01-14 16:09:17', 'fc7401cb-65cc-4681-a5b4-b48d090ca8c5');
INSERT INTO `craft_matrixcontent_locations` (`id`, `elementId`, `locale`, `field_primary_placeName`, `field_primary_body`, `field_secondary_placeName`, `field_quote_quote`, `field_primaryWithQuote_placeName`, `field_primaryWithQuote_quote`, `field_primary_showAsQuote`, `dateCreated`, `dateUpdated`, `uid`) VALUES ('26', '274', 'en_us', 'Tunisia', '', NULL, NULL, NULL, NULL, '0', '2015-01-14 16:09:17', '2015-01-14 16:09:17', '5e8ad1d7-28df-44f5-a9ab-468fa780a9bb');
INSERT INTO `craft_matrixcontent_locations` (`id`, `elementId`, `locale`, `field_primary_placeName`, `field_primary_body`, `field_secondary_placeName`, `field_quote_quote`, `field_primaryWithQuote_placeName`, `field_primaryWithQuote_quote`, `field_primary_showAsQuote`, `dateCreated`, `dateUpdated`, `uid`) VALUES ('27', '275', 'en_us', 'The Czech Republic', '', NULL, NULL, NULL, NULL, '0', '2015-01-14 16:09:18', '2015-01-14 16:09:18', '838ebcd7-9ab1-42f5-9ca7-584c7ac45c55');
INSERT INTO `craft_matrixcontent_locations` (`id`, `elementId`, `locale`, `field_primary_placeName`, `field_primary_body`, `field_secondary_placeName`, `field_quote_quote`, `field_primaryWithQuote_placeName`, `field_primaryWithQuote_quote`, `field_primary_showAsQuote`, `dateCreated`, `dateUpdated`, `uid`) VALUES ('28', '276', 'en_us', 'Cambodia', '', NULL, NULL, NULL, NULL, '0', '2015-01-14 16:09:18', '2015-01-14 16:09:18', 'c3a8999e-d3b7-42d3-bdac-8a21454a9a5c');
INSERT INTO `craft_matrixcontent_locations` (`id`, `elementId`, `locale`, `field_primary_placeName`, `field_primary_body`, `field_secondary_placeName`, `field_quote_quote`, `field_primaryWithQuote_placeName`, `field_primaryWithQuote_quote`, `field_primary_showAsQuote`, `dateCreated`, `dateUpdated`, `uid`) VALUES ('30', '278', 'en_us', 'Mexico', '', NULL, NULL, NULL, NULL, '0', '2015-01-14 16:13:53', '2015-01-14 16:20:24', 'd9307ef0-4b57-4d38-a1e3-5e0a4731f96c');
INSERT INTO `craft_matrixcontent_locations` (`id`, `elementId`, `locale`, `field_primary_placeName`, `field_primary_body`, `field_secondary_placeName`, `field_quote_quote`, `field_primaryWithQuote_placeName`, `field_primaryWithQuote_quote`, `field_primary_showAsQuote`, `dateCreated`, `dateUpdated`, `uid`) VALUES ('31', '279', 'en_us', 'Brazil', '', NULL, NULL, NULL, NULL, '0', '2015-01-14 16:19:40', '2015-01-14 16:20:24', 'eeece84d-cf4b-4343-9d34-20bbb9d5a617');
INSERT INTO `craft_matrixcontent_locations` (`id`, `elementId`, `locale`, `field_primary_placeName`, `field_primary_body`, `field_secondary_placeName`, `field_quote_quote`, `field_primaryWithQuote_placeName`, `field_primaryWithQuote_quote`, `field_primary_showAsQuote`, `dateCreated`, `dateUpdated`, `uid`) VALUES ('32', '280', 'en_us', 'South Africa', '', NULL, NULL, NULL, NULL, '0', '2015-01-14 16:19:40', '2015-01-14 16:20:24', '11419ea1-959c-4cb8-ad7c-30fc8f63e2f3');
INSERT INTO `craft_matrixcontent_locations` (`id`, `elementId`, `locale`, `field_primary_placeName`, `field_primary_body`, `field_secondary_placeName`, `field_quote_quote`, `field_primaryWithQuote_placeName`, `field_primaryWithQuote_quote`, `field_primary_showAsQuote`, `dateCreated`, `dateUpdated`, `uid`) VALUES ('33', '281', 'en_us', 'Morocco', '', NULL, NULL, NULL, NULL, '0', '2015-01-14 16:19:40', '2015-01-14 16:20:24', '0072d447-e355-4ac3-b0b6-63f6aad9bf9d');
INSERT INTO `craft_matrixcontent_locations` (`id`, `elementId`, `locale`, `field_primary_placeName`, `field_primary_body`, `field_secondary_placeName`, `field_quote_quote`, `field_primaryWithQuote_placeName`, `field_primaryWithQuote_quote`, `field_primary_showAsQuote`, `dateCreated`, `dateUpdated`, `uid`) VALUES ('34', '282', 'en_us', 'Spain', '', NULL, NULL, NULL, NULL, '0', '2015-01-14 16:19:40', '2015-01-14 16:20:24', 'a9c79b43-6be8-4623-b247-763400e867bd');
INSERT INTO `craft_matrixcontent_locations` (`id`, `elementId`, `locale`, `field_primary_placeName`, `field_primary_body`, `field_secondary_placeName`, `field_quote_quote`, `field_primaryWithQuote_placeName`, `field_primaryWithQuote_quote`, `field_primary_showAsQuote`, `dateCreated`, `dateUpdated`, `uid`) VALUES ('35', '283', 'en_us', 'Turkey', '', NULL, NULL, NULL, NULL, '0', '2015-01-14 16:19:40', '2015-01-14 16:20:24', '300eb9bf-8a60-4e32-9e0e-70a194349f8e');
INSERT INTO `craft_matrixcontent_locations` (`id`, `elementId`, `locale`, `field_primary_placeName`, `field_primary_body`, `field_secondary_placeName`, `field_quote_quote`, `field_primaryWithQuote_placeName`, `field_primaryWithQuote_quote`, `field_primary_showAsQuote`, `dateCreated`, `dateUpdated`, `uid`) VALUES ('36', '284', 'en_us', 'Singapore', '', NULL, NULL, NULL, NULL, '0', '2015-01-14 16:19:40', '2015-01-14 16:20:24', 'fc231da2-c5e5-458c-afa3-6cbcae97e69b');
INSERT INTO `craft_matrixcontent_locations` (`id`, `elementId`, `locale`, `field_primary_placeName`, `field_primary_body`, `field_secondary_placeName`, `field_quote_quote`, `field_primaryWithQuote_placeName`, `field_primaryWithQuote_quote`, `field_primary_showAsQuote`, `dateCreated`, `dateUpdated`, `uid`) VALUES ('37', '285', 'en_us', 'Malaysia', '', NULL, NULL, NULL, NULL, '0', '2015-01-14 16:19:40', '2015-01-14 16:20:24', 'b8ea83b8-63a5-46f0-b9ff-495fe9cca55b');



DROP TABLE IF EXISTS `craft_matrixcontent_matrix`;


--
-- Schema for table `craft_matrixcontent_matrix`
--
CREATE TABLE `craft_matrixcontent_matrix` (
  `id` int(11) NOT NULL AUTO_INCREMENT,
  `elementId` int(11) NOT NULL,
  `locale` char(12) COLLATE utf8_unicode_ci NOT NULL,
  `field_text_text` text COLLATE utf8_unicode_ci,
  `field_image_caption` text COLLATE utf8_unicode_ci,
  `field_quote_quote` text COLLATE utf8_unicode_ci,
  `field_quote_credit` text COLLATE utf8_unicode_ci,
  `field_quote_alignment` varchar(255) COLLATE utf8_unicode_ci DEFAULT NULL,
  `field_list_list` text COLLATE utf8_unicode_ci,
  `dateCreated` datetime NOT NULL,
  `dateUpdated` datetime NOT NULL,
  `uid` char(36) COLLATE utf8_unicode_ci NOT NULL DEFAULT '0',
  PRIMARY KEY (`id`),
  UNIQUE KEY `craft_matrixcontent_matrix_elementId_locale_unq_idx` (`elementId`,`locale`),
  KEY `craft_matrixcontent_matrix_locale_fk` (`locale`)
) ENGINE=InnoDB AUTO_INCREMENT=38 DEFAULT CHARSET=utf8 COLLATE=utf8_unicode_ci;

--
-- Data for table `craft_matrixcontent_matrix`
--

INSERT INTO `craft_matrixcontent_matrix` (`id`, `elementId`, `locale`, `field_text_text`, `field_image_caption`, `field_quote_quote`, `field_quote_credit`, `field_quote_alignment`, `field_list_list`, `dateCreated`, `dateUpdated`, `uid`) VALUES ('3', '62', 'en_us', NULL, NULL, '', '', 'Center', NULL, '2014-10-31 17:41:30', '2015-01-11 21:52:44', '70684425-709e-4346-b530-0d516f7e961b');
INSERT INTO `craft_matrixcontent_matrix` (`id`, `elementId`, `locale`, `field_text_text`, `field_image_caption`, `field_quote_quote`, `field_quote_credit`, `field_quote_alignment`, `field_list_list`, `dateCreated`, `dateUpdated`, `uid`) VALUES ('14', '78', 'en_us', '<p>List of Fellows </p>', NULL, NULL, NULL, NULL, NULL, '2014-10-31 19:21:46', '2015-01-13 22:11:20', '417a75e3-b6c8-4d0a-91d4-a0c0b35e2836');
INSERT INTO `craft_matrixcontent_matrix` (`id`, `elementId`, `locale`, `field_text_text`, `field_image_caption`, `field_quote_quote`, `field_quote_credit`, `field_quote_alignment`, `field_list_list`, `dateCreated`, `dateUpdated`, `uid`) VALUES ('15', '79', 'en_us', '', NULL, NULL, NULL, NULL, NULL, '2014-10-31 19:21:46', '2015-01-13 22:11:20', 'f6ac3a16-e700-4776-bec2-8e8a63bde31b');
INSERT INTO `craft_matrixcontent_matrix` (`id`, `elementId`, `locale`, `field_text_text`, `field_image_caption`, `field_quote_quote`, `field_quote_credit`, `field_quote_alignment`, `field_list_list`, `dateCreated`, `dateUpdated`, `uid`) VALUES ('16', '80', 'en_us', NULL, NULL, '', '', 'Center', NULL, '2014-10-31 19:21:46', '2015-01-13 22:11:20', '79a0a6c4-c85e-43bc-bc98-050bc4ed479d');
INSERT INTO `craft_matrixcontent_matrix` (`id`, `elementId`, `locale`, `field_text_text`, `field_image_caption`, `field_quote_quote`, `field_quote_credit`, `field_quote_alignment`, `field_list_list`, `dateCreated`, `dateUpdated`, `uid`) VALUES ('17', '81', 'en_us', '', NULL, NULL, NULL, NULL, NULL, '2014-10-31 19:21:46', '2015-01-13 22:11:20', '55445d6d-4719-42b7-91f6-f3c003b7c988');
INSERT INTO `craft_matrixcontent_matrix` (`id`, `elementId`, `locale`, `field_text_text`, `field_image_caption`, `field_quote_quote`, `field_quote_credit`, `field_quote_alignment`, `field_list_list`, `dateCreated`, `dateUpdated`, `uid`) VALUES ('19', '83', 'en_us', NULL, '', NULL, NULL, NULL, NULL, '2014-10-31 19:22:49', '2015-01-11 21:26:20', '4fa7808c-43e7-44d5-b94b-27b0a2a2c10c');
INSERT INTO `craft_matrixcontent_matrix` (`id`, `elementId`, `locale`, `field_text_text`, `field_image_caption`, `field_quote_quote`, `field_quote_credit`, `field_quote_alignment`, `field_list_list`, `dateCreated`, `dateUpdated`, `uid`) VALUES ('20', '84', 'en_us', '<p><strong>Photo and 5-7 sentences for:</strong></p><p>John N. Irwin III, Chairman<br><br>Chris Kasabach, Foundation Director<br><br>David E. McKinney, President<br><br>Daniel L. Mosley<br><br>Jeanne C. Olivier<br><br>Stuart H. Watson<br><br>Thomas J. Watson III<br><br><br></p>', NULL, NULL, NULL, NULL, NULL, '2014-10-31 19:22:49', '2015-01-11 21:26:20', '3075112d-a483-445e-b877-931374e8ff29');
INSERT INTO `craft_matrixcontent_matrix` (`id`, `elementId`, `locale`, `field_text_text`, `field_image_caption`, `field_quote_quote`, `field_quote_credit`, `field_quote_alignment`, `field_list_list`, `dateCreated`, `dateUpdated`, `uid`) VALUES ('21', '85', 'en_us', '<p>Lorem ipsum dolor sit amet, consectetur adipiscing elit. Nullam auctor est a arcu consequat dictum. Donec nec urna at arcu gravida fringilla in sit amet ex. Donec mattis, arcu vitae posuere fermentum, nibh nisl rutrum enim, non malesuada sem magna vitae nisl. Lorem ipsum dolor sit amet, consectetur adipiscing elit. Nullam auctor est a arcu consequat dictum. Donec nec urna at arcu gravida fringilla in sit amet ex. Donec mattis, arcu vitae posuere fermentum, nibh nisl rutrum enim, non malesuada sem magna vitae nisl.</p><p> Lorem ipsum dolor sit amet, consectetur adipiscing elit. Nullam auctor est a arcu consequat dictum. Donec nec urna at arcu gravida fringilla in sit amet ex. Donec mattis, arcu vitae posuere fermentum, nibh nisl rutrum enim, non malesuada sem magna vitae nisl. Lorem ipsum dolor sit amet, consectetur adipiscing elit. Nullam auctor est a arcu consequat dictum. Donec nec urna at arcu gravida fringilla in sit amet ex. Donec mattis, arcu vitae posuere fermentum, nibh nisl rutrum enim, non malesuada sem magna vitae nisl.</p>', NULL, NULL, NULL, NULL, NULL, '2014-10-31 19:22:49', '2015-01-11 21:26:20', 'fa3e2ce7-edc8-4fda-8085-0f39ebd3bb37');
INSERT INTO `craft_matrixcontent_matrix` (`id`, `elementId`, `locale`, `field_text_text`, `field_image_caption`, `field_quote_quote`, `field_quote_credit`, `field_quote_alignment`, `field_list_list`, `dateCreated`, `dateUpdated`, `uid`) VALUES ('22', '86', 'en_us', NULL, NULL, 'This is another Quote. Let it be known', '- Me', 'Center', NULL, '2014-10-31 19:22:49', '2015-01-11 21:26:20', 'd78a124f-ce52-4f36-a12f-98f0a42f7268');
INSERT INTO `craft_matrixcontent_matrix` (`id`, `elementId`, `locale`, `field_text_text`, `field_image_caption`, `field_quote_quote`, `field_quote_credit`, `field_quote_alignment`, `field_list_list`, `dateCreated`, `dateUpdated`, `uid`) VALUES ('28', '92', 'en_us', '', NULL, NULL, NULL, NULL, NULL, '2014-10-31 19:33:18', '2015-01-11 21:52:44', '01153b4c-4224-408e-85e5-cf29cc734655');
INSERT INTO `craft_matrixcontent_matrix` (`id`, `elementId`, `locale`, `field_text_text`, `field_image_caption`, `field_quote_quote`, `field_quote_credit`, `field_quote_alignment`, `field_list_list`, `dateCreated`, `dateUpdated`, `uid`) VALUES ('29', '93', 'en_us', '<p>Here is a short list of news with links and working descriptions to help figure out this section:</p><p>Kai Bird\'s (W\'7_) third novel, The Good Spy releases. See the New York Times review here:<br><a href=\"http://www.nytimes.com/2014/05/15/books/kai-birds-the-good-spy-portrays-robert-ames.html?_r=0\">http://www.nytimes.com/2014/05/15/books/kai-birds-...</a><br></p><p>President Obama pays tribute to civil rights leader John Payton (W\'7_)<br><a href=\"http://www.politico.com/politico44/2012/03/obama-pays-tribute-to-naacps-john-payton-118413.html\">http://www.politico.com/politico44/2012/03/obama-p...</a></p><p>Mayor Bloomberg and Ellen Baxter (W\'75) and Founder of Broadway Housing Community (BHC) break ground on SugarHill, BHC\'s landmark Harlem project.</p><p><a href=\"http://www.nyc.gov/portal/site/nycgov/menuitem.c0935b9a57bb4ef3daf2f1c701c789a0/index.jsp?pageID=mayor_press_release&amp;catID=1194&amp;doc_name=http%3A%2F%2Fwww.nyc.gov%2Fhtml%2Fom%2Fhtml%2F2012b%2Fpr266-12.html&amp;cc=unused1978&amp;rc=1194&amp;ndi=1\">http://www.nyc.gov/portal/site/nycgov/menuitem.c09...</a></p><p>Caroline Shaw (W\'0_) receives Pulitzer Prize in Music</p><p><a href=\"http://www.pulitzer.org/citation/2013-Music\">http://www.pulitzer.org/citation/2013-Music</a><br></p><p>Google X\'s first spinout, Flux, will harness data to make for designing better buildings, Jenny Carlile (W\'03) Co-founder, Chris Larosa (W\'03) Product Manager</p><p><a href=\"https://gigaom.com/2014/05/06/google-x-spin-out-flux-is-harnessing-data-to-make-designing-buildings-better/\">https://gigaom.com/2014/05/06/google-x-spin-out-fl...</a><br></p><p><br></p>', NULL, NULL, NULL, NULL, NULL, '2014-10-31 19:33:19', '2015-01-11 21:52:44', '7b962bb5-c38c-4f4d-8d97-d48a41cde582');
INSERT INTO `craft_matrixcontent_matrix` (`id`, `elementId`, `locale`, `field_text_text`, `field_image_caption`, `field_quote_quote`, `field_quote_credit`, `field_quote_alignment`, `field_list_list`, `dateCreated`, `dateUpdated`, `uid`) VALUES ('30', '94', 'en_us', NULL, '', NULL, NULL, NULL, NULL, '2014-10-31 19:33:19', '2015-01-11 21:52:44', 'b2be97ca-52dd-44b4-8a77-81a4a4b6af9d');
INSERT INTO `craft_matrixcontent_matrix` (`id`, `elementId`, `locale`, `field_text_text`, `field_image_caption`, `field_quote_quote`, `field_quote_credit`, `field_quote_alignment`, `field_list_list`, `dateCreated`, `dateUpdated`, `uid`) VALUES ('31', '95', 'en_us', '', NULL, NULL, NULL, NULL, NULL, '2014-10-31 19:34:11', '2015-01-11 21:52:44', '3727d65d-c6b6-43fb-998d-fbe18f044df9');
INSERT INTO `craft_matrixcontent_matrix` (`id`, `elementId`, `locale`, `field_text_text`, `field_image_caption`, `field_quote_quote`, `field_quote_credit`, `field_quote_alignment`, `field_list_list`, `dateCreated`, `dateUpdated`, `uid`) VALUES ('32', '96', 'en_us', '', NULL, NULL, NULL, NULL, NULL, '2014-10-31 19:34:11', '2015-01-11 21:52:44', '8bd19df5-b034-4c29-932c-a9a50b6caf6e');
INSERT INTO `craft_matrixcontent_matrix` (`id`, `elementId`, `locale`, `field_text_text`, `field_image_caption`, `field_quote_quote`, `field_quote_credit`, `field_quote_alignment`, `field_list_list`, `dateCreated`, `dateUpdated`, `uid`) VALUES ('34', '138', 'en_us', '<p>Add some lead in before list of directors (alumni, rotate...) [List of former TJ and JK Directors]</p>', NULL, NULL, NULL, NULL, NULL, '2014-12-19 19:21:56', '2015-01-14 22:21:08', '23c2866b-470d-4def-8023-2012b1277408');
INSERT INTO `craft_matrixcontent_matrix` (`id`, `elementId`, `locale`, `field_text_text`, `field_image_caption`, `field_quote_quote`, `field_quote_credit`, `field_quote_alignment`, `field_list_list`, `dateCreated`, `dateUpdated`, `uid`) VALUES ('35', '139', 'en_us', NULL, '', NULL, NULL, NULL, NULL, '2014-12-19 19:21:56', '2015-01-14 22:21:08', '08d99993-146e-4256-81be-909987c9dff5');
INSERT INTO `craft_matrixcontent_matrix` (`id`, `elementId`, `locale`, `field_text_text`, `field_image_caption`, `field_quote_quote`, `field_quote_credit`, `field_quote_alignment`, `field_list_list`, `dateCreated`, `dateUpdated`, `uid`) VALUES ('36', '140', 'en_us', NULL, NULL, 'If you want to succeed, double your failure rate.', 'Thomas J. Watson Sr.', 'Left', NULL, '2014-12-19 19:21:56', '2015-01-14 22:21:08', '400ba9f5-0c7c-43c6-9a4d-1c8090792315');
INSERT INTO `craft_matrixcontent_matrix` (`id`, `elementId`, `locale`, `field_text_text`, `field_image_caption`, `field_quote_quote`, `field_quote_credit`, `field_quote_alignment`, `field_list_list`, `dateCreated`, `dateUpdated`, `uid`) VALUES ('37', '235', 'en_us', '<p>Vision (Probably needs its own header)</p><p>The Foundation believes that the world is in ongoing need of more humane and effective leaders and that too many students are unable to develop their potential because their experiences, through young adulthood, are too shallow, narrow and conforming.</p><p>By providing the widest range of personal, professional and cultural exposures and the trust, time and support to explore them, the Foundation helps fellows build a personal landscape on which they can test their ideas and ideals.</p><p><br></p>', NULL, NULL, NULL, NULL, NULL, '2015-01-11 20:36:58', '2015-01-14 22:21:08', '91505b09-9dc4-47b2-9108-acfb85d20975');



DROP TABLE IF EXISTS `craft_matrixcontent_overviewmatrix`;


--
-- Schema for table `craft_matrixcontent_overviewmatrix`
--
CREATE TABLE `craft_matrixcontent_overviewmatrix` (
  `id` int(11) NOT NULL AUTO_INCREMENT,
  `elementId` int(11) NOT NULL,
  `locale` char(12) COLLATE utf8_unicode_ci NOT NULL,
  `field_block_heading` text COLLATE utf8_unicode_ci,
  `field_block_body` text COLLATE utf8_unicode_ci,
  `field_applicationRequirements_requirements` text COLLATE utf8_unicode_ci,
  `field_applicationRequirements_heading` text COLLATE utf8_unicode_ci,
  `dateCreated` datetime NOT NULL,
  `dateUpdated` datetime NOT NULL,
  `uid` char(36) COLLATE utf8_unicode_ci NOT NULL DEFAULT '0',
  PRIMARY KEY (`id`),
  UNIQUE KEY `craft_matrixcontent_overviewmatrix_elementId_locale_unq_idx` (`elementId`,`locale`),
  KEY `craft_matrixcontent_overviewmatrix_locale_idx` (`locale`)
) ENGINE=InnoDB AUTO_INCREMENT=20 DEFAULT CHARSET=utf8 COLLATE=utf8_unicode_ci;

--
-- Data for table `craft_matrixcontent_overviewmatrix`
--

INSERT INTO `craft_matrixcontent_overviewmatrix` (`id`, `elementId`, `locale`, `field_block_heading`, `field_block_body`, `field_applicationRequirements_requirements`, `field_applicationRequirements_heading`, `dateCreated`, `dateUpdated`, `uid`) VALUES ('1', '11', 'en_us', 'Am I Eligible?', '<p>You must be enrolled at one of our twelve partner institutions (Link), a second semester freshman or sophomore majoring or intending to major in a liberal arts discipline and have at least four  semesters of full-time academic work remaining after the term in which you apply. </p><p>You must also be an American citizen or green card holder (not on an international student visa) and no older than 21 years old on March 1st of the application year. Please contact your Watson campus representative (Link) for complete details. </p>', NULL, NULL, '2014-10-31 17:02:03', '2015-01-15 04:11:02', '9f6faf6e-b7f2-4b2a-b7d4-90279d4e3d97');
INSERT INTO `craft_matrixcontent_overviewmatrix` (`id`, `elementId`, `locale`, `field_block_heading`, `field_block_body`, `field_applicationRequirements_requirements`, `field_applicationRequirements_heading`, `dateCreated`, `dateUpdated`, `uid`) VALUES ('2', '12', 'en_us', 'Selection Criteria', '<p>Qualities sought in the selection of Jeannette K. Watson Fellows include: </p><ul><li>Leadership</li><li>Strong academic record</li><li>Curiosity</li><li>Strong communication skills</li><li>Integrity and self-discipline</li><li>Initiative and follow through</li><li>A team player</li><li>Ambition</li><li>Eagerness to explore different professional fields</li><li>Ability to work in groups</li><li>Interest in social change</li></ul>', NULL, NULL, '2014-10-31 17:02:04', '2015-01-15 04:11:02', 'f00b6775-f3c8-46ee-b0c0-f2480a63f875');
INSERT INTO `craft_matrixcontent_overviewmatrix` (`id`, `elementId`, `locale`, `field_block_heading`, `field_block_body`, `field_applicationRequirements_requirements`, `field_applicationRequirements_heading`, `dateCreated`, `dateUpdated`, `uid`) VALUES ('3', '13', 'en_us', 'Application Process', '<p>Each partner institution may nominate up to four candidates to be considered by the Citywide Selection Panel. Our next Selection cycle is March 23 - March 27, 2015. The Fellowship begins with internships the summer following selection.<br></p><p>Application Checklist:</p><p><b>Ensure eligibility<br></b><b>Meet with your campus representative (link)<br></b><b>Complete the application including:</b></p><p>Two Short Essays<br>Two Long Essays<br>Two Recommendations<br>Resume<br>Transcript</p><p><b>Complete the campus selection process<br></b></p><p>If nominated by your institution you will be interviewed during our citywide selection process in the Foundation offices. Please ask your campus representative (link) about your internal application deadlines, typically February, in time for the city selection process in March.<br></p>', NULL, NULL, '2014-10-31 17:02:04', '2015-01-15 04:11:02', '093d47d7-ac41-47f9-ae42-3de1ca88a3f4');
INSERT INTO `craft_matrixcontent_overviewmatrix` (`id`, `elementId`, `locale`, `field_block_heading`, `field_block_body`, `field_applicationRequirements_requirements`, `field_applicationRequirements_heading`, `dateCreated`, `dateUpdated`, `uid`) VALUES ('10', '52', 'en_us', '', '', NULL, NULL, '2014-10-31 17:28:05', '2015-01-15 04:13:12', '5b11c2f0-9000-4f05-8be9-27a461f61045');
INSERT INTO `craft_matrixcontent_overviewmatrix` (`id`, `elementId`, `locale`, `field_block_heading`, `field_block_body`, `field_applicationRequirements_requirements`, `field_applicationRequirements_heading`, `dateCreated`, `dateUpdated`, `uid`) VALUES ('11', '53', 'en_us', 'Am I Eligible?', '<p>\r\n	You are eligible to apply for the Thomas J. Watson Fellowship if your college or university is a partner<a href=\"http://www.watsonfellowship.org/site/colleges/college.html\"> institution</a>, you are a graduating senior, and your school has nominated you. All majors and fields of inquiry are eligible to apply. Please contact your campus <a href=\"http://www.watsonfellowship.org/site/colleges/liaisons.html\">Watson liaison</a> for details.<br>\r\n</p><p><br></p>', NULL, NULL, '2014-10-31 17:28:05', '2015-01-15 04:13:12', 'ac2534d6-8635-497d-a9e6-07c752b46296');
INSERT INTO `craft_matrixcontent_overviewmatrix` (`id`, `elementId`, `locale`, `field_block_heading`, `field_block_body`, `field_applicationRequirements_requirements`, `field_applicationRequirements_heading`, `dateCreated`, `dateUpdated`, `uid`) VALUES ('13', '181', 'en_us', '', '<p><br></p><p><br></p>', NULL, NULL, '2015-01-08 15:27:40', '2015-01-15 04:11:02', 'e5637da8-27dd-47a1-9564-f30357700758');
INSERT INTO `craft_matrixcontent_overviewmatrix` (`id`, `elementId`, `locale`, `field_block_heading`, `field_block_body`, `field_applicationRequirements_requirements`, `field_applicationRequirements_heading`, `dateCreated`, `dateUpdated`, `uid`) VALUES ('15', '200', 'en_us', 'Selection Criteria', '<p>Qualities sought in the selection of Thomas J. Watson Fellows include:<br></p><ul><li>Leadership</li><li>Imagination </li><li>Emotional Maturity</li><li>Boldness</li><li>Integrity </li><li>Resourcefulness</li><li>Responsibility</li></ul>', NULL, NULL, '2015-01-09 18:56:28', '2015-01-15 04:13:12', 'a9c5489a-0823-4436-a20b-6f47d1bbc7fb');
INSERT INTO `craft_matrixcontent_overviewmatrix` (`id`, `elementId`, `locale`, `field_block_heading`, `field_block_body`, `field_applicationRequirements_requirements`, `field_applicationRequirements_heading`, `dateCreated`, `dateUpdated`, `uid`) VALUES ('17', '204', 'en_us', 'Application Process', '<p>Application Checklist:<br></p><p><b>Ensure eligibility<br></b><b>Meet with your campus representative (Link)<br></b><b><b data-redactor-tag=\"b\">Complete the application including:</b></b></p><p><b>Your Personal Statement<br></b>You should discuss how your talents, concerns and commitments have convinced you to apply for the Watson. The statement may include a description of your background, your college years and your professional aspirations. What do you hope to benefit from the year? The content of the personal statement is up to you, but must not exceed 1500 words.</p><p><b>Your Project Statement</b><br>A Watson project should be conceived from your unique experiences. In fact, the strongest projects could not have been written by anyone else. Describe your plan for the 12-month period.  Traveling independently to unfamiliar places and self-motivating a year of discovery is as challenging as it is enticing. What challenges are intrinsic to <em>your</em> project and how will you address them? When you have lost your passport, you\'re sick, and your best friend is getting married back home, will you still want to stay abroad and continue your project? The content of the project statement is up to you, but must not exceed 1500 words.</p><p><b>2-3 Recommendations<br></b><b>Transcript</b></p><p><b>Complete the campus selection process<br></b>If nominated by your institution you will enter the national pool and be interviewed, on campus, by a representative of the Foundation. Please ask your \r\n	<a href=\"http://www.watsonfellowship.org/site/colleges/liaisons.html\">Watson liaison</a> about your campus deadlines, typically in October, in time for the national process to begin in November.</p><p><br></p>', NULL, NULL, '2015-01-09 19:16:29', '2015-01-15 04:13:12', '10827d73-f4f4-48b4-a9a3-91615e862a48');
INSERT INTO `craft_matrixcontent_overviewmatrix` (`id`, `elementId`, `locale`, `field_block_heading`, `field_block_body`, `field_applicationRequirements_requirements`, `field_applicationRequirements_heading`, `dateCreated`, `dateUpdated`, `uid`) VALUES ('18', '205', 'en_us', 'BECOME A WATSON', '', NULL, NULL, '2015-01-09 19:21:54', '2015-01-15 04:11:02', '68904feb-7234-41a8-9620-2d0eb33fd2b1');
INSERT INTO `craft_matrixcontent_overviewmatrix` (`id`, `elementId`, `locale`, `field_block_heading`, `field_block_body`, `field_applicationRequirements_requirements`, `field_applicationRequirements_heading`, `dateCreated`, `dateUpdated`, `uid`) VALUES ('19', '206', 'en_us', '', '', NULL, NULL, '2015-01-09 19:37:41', '2015-01-15 04:11:02', 'f60fea4d-2b19-48a3-b8c4-03a4936dae2a');



DROP TABLE IF EXISTS `craft_matrixcontent_partners`;


--
-- Schema for table `craft_matrixcontent_partners`
--
CREATE TABLE `craft_matrixcontent_partners` (
  `id` int(11) NOT NULL AUTO_INCREMENT,
  `elementId` int(11) NOT NULL,
  `locale` char(12) COLLATE utf8_unicode_ci NOT NULL,
  `field_partner_institutionName` text COLLATE utf8_unicode_ci,
  `field_partner_externalUrl` text COLLATE utf8_unicode_ci,
  `field_partner_heading` text COLLATE utf8_unicode_ci,
  `field_partner_body` text COLLATE utf8_unicode_ci,
  `dateCreated` datetime NOT NULL,
  `dateUpdated` datetime NOT NULL,
  `uid` char(36) COLLATE utf8_unicode_ci NOT NULL DEFAULT '0',
  PRIMARY KEY (`id`),
  UNIQUE KEY `craft_matrixcontent_partners_elementId_locale_unq_idx` (`elementId`,`locale`),
  KEY `craft_matrixcontent_partners_locale_fk` (`locale`)
) ENGINE=InnoDB AUTO_INCREMENT=28 DEFAULT CHARSET=utf8 COLLATE=utf8_unicode_ci;

--
-- Data for table `craft_matrixcontent_partners`
--

INSERT INTO `craft_matrixcontent_partners` (`id`, `elementId`, `locale`, `field_partner_institutionName`, `field_partner_externalUrl`, `field_partner_heading`, `field_partner_body`, `dateCreated`, `dateUpdated`, `uid`) VALUES ('1', '20', 'en_us', 'Amherst College', 'https://www.amherst.edu/', 'Ms. Denise Gagnon', '<p>Fellowships Coordinator<br><a href=\"http://www.amherst.edu/\" target=\"_blank\">Amherst College</a><br>Fellowships Office, PO Box 5000<br>Amherst, MA 01002-5000<br>(413) 542-2536<br><a href=\"mailto:dmgagnon@amherst.edu\">dmgagnon@amherst.edu</a>\r\n</p>', '2014-10-31 17:13:19', '2014-12-19 19:33:40', '7771c815-7bbd-425c-abf3-adec98c3a887');
INSERT INTO `craft_matrixcontent_partners` (`id`, `elementId`, `locale`, `field_partner_institutionName`, `field_partner_externalUrl`, `field_partner_heading`, `field_partner_body`, `dateCreated`, `dateUpdated`, `uid`) VALUES ('2', '21', 'en_us', 'Bard College', 'http://themostadorablepuppies.tumblr.com/', 'Pedicabo ego vos et irrumabo.', '<p>\r\n	Lorem ipsum dolor sit amet, consectetur adipiscing elit. Maecenas elit leo, aliquam a efficitur nec, convallis a felis. Quisque urna ante, ullamcorper sodales orci vitae, feugiat ultricies dui. Fusce finibus non tortor eget euismod. Sed semper sit amet risus eu malesuada. Praesent quis leo in felis dignissim molestie. Donec dictum sem non felis cursus, eu congue sem egestas. Quisque ut rhoncus lorem. Sed sit amet dictum libero. Class aptent taciti sociosqu ad litora torquent per conubia nostra, per inceptos himenaeos. Fusce vitae erat eu justo mattis lobortis et eu erat. Ut dui nunc, molestie nec rutrum et, accumsan nec tellus. Pellentesque facilisis finibus rhoncus. Aliquam tempor felis metus, ut hendrerit dui ornare sed. Vivamus eget felis pharetra, aliquet leo at, rhoncus tellus.\r\n</p>', '2014-10-31 17:13:19', '2014-12-19 19:33:40', 'bbfbe734-ab22-46d2-b7cc-46f9d1359e3c');
INSERT INTO `craft_matrixcontent_partners` (`id`, `elementId`, `locale`, `field_partner_institutionName`, `field_partner_externalUrl`, `field_partner_heading`, `field_partner_body`, `dateCreated`, `dateUpdated`, `uid`) VALUES ('3', '22', 'en_us', 'Bates College', 'http://themostadorablepuppies.tumblr.com/', 'Pedicabo ego vos et irrumabo.', '<p>\r\n	Lorem ipsum dolor sit amet, consectetur adipiscing elit. Maecenas elit leo, aliquam a efficitur nec, convallis a felis. Quisque urna ante, ullamcorper sodales orci vitae, feugiat ultricies dui. Fusce finibus non tortor eget euismod. Sed semper sit amet risus eu malesuada. Praesent quis leo in felis dignissim molestie. Donec dictum sem non felis cursus, eu congue sem egestas. Quisque ut rhoncus lorem. Sed sit amet dictum libero. Class aptent taciti sociosqu ad litora torquent per conubia nostra, per inceptos himenaeos. Fusce vitae erat eu justo mattis lobortis et eu erat. Ut dui nunc, molestie nec rutrum et, accumsan nec tellus. Pellentesque facilisis finibus rhoncus. Aliquam tempor felis metus, ut hendrerit dui ornare sed. Vivamus eget felis pharetra, aliquet leo at, rhoncus tellus.\r\n</p>', '2014-10-31 17:13:19', '2014-12-19 19:33:41', 'ce2a82e9-a828-4467-a6d9-d44d4513a255');
INSERT INTO `craft_matrixcontent_partners` (`id`, `elementId`, `locale`, `field_partner_institutionName`, `field_partner_externalUrl`, `field_partner_heading`, `field_partner_body`, `dateCreated`, `dateUpdated`, `uid`) VALUES ('19', '38', 'en_us', 'Swarthmore College', 'http://themostadorablepuppies.tumblr.com/', 'Pedicabo ego vos et irrumabo.', '<p>\r\n	Lorem ipsum dolor sit amet, consectetur adipiscing elit. Maecenas elit leo, aliquam a efficitur nec, convallis a felis. Quisque urna ante, ullamcorper sodales orci vitae, feugiat ultricies dui. Fusce finibus non tortor eget euismod. Sed semper sit amet risus eu malesuada. Praesent quis leo in felis dignissim molestie. Donec dictum sem non felis cursus, eu congue sem egestas. Quisque ut rhoncus lorem. Sed sit amet dictum libero. Class aptent taciti sociosqu ad litora torquent per conubia nostra, per inceptos himenaeos. Fusce vitae erat eu justo mattis lobortis et eu erat. Ut dui nunc, molestie nec rutrum et, accumsan nec tellus. Pellentesque facilisis finibus rhoncus. Aliquam tempor felis metus, ut hendrerit dui ornare sed. Vivamus eget felis pharetra, aliquet leo at, rhoncus tellus.\r\n</p>', '2014-10-31 17:17:00', '2014-12-19 19:33:41', '9937454c-5703-4ce5-b6bf-ed98901f2b21');
INSERT INTO `craft_matrixcontent_partners` (`id`, `elementId`, `locale`, `field_partner_institutionName`, `field_partner_externalUrl`, `field_partner_heading`, `field_partner_body`, `dateCreated`, `dateUpdated`, `uid`) VALUES ('25', '44', 'en_us', 'Wheaton College', 'http://themostadorablepuppies.tumblr.com/', 'Pedicabo ego vos et irrumabo.', '<p>\r\n	Lorem ipsum dolor sit amet, consectetur adipiscing elit. Maecenas elit leo, aliquam a efficitur nec, convallis a felis. Quisque urna ante, ullamcorper sodales orci vitae, feugiat ultricies dui. Fusce finibus non tortor eget euismod. Sed semper sit amet risus eu malesuada. Praesent quis leo in felis dignissim molestie. Donec dictum sem non felis cursus, eu congue sem egestas. Quisque ut rhoncus lorem. Sed sit amet dictum libero. Class aptent taciti sociosqu ad litora torquent per conubia nostra, per inceptos himenaeos. Fusce vitae erat eu justo mattis lobortis et eu erat. Ut dui nunc, molestie nec rutrum et, accumsan nec tellus. Pellentesque facilisis finibus rhoncus. Aliquam tempor felis metus, ut hendrerit dui ornare sed. Vivamus eget felis pharetra, aliquet leo at, rhoncus tellus.\r\n</p>', '2014-10-31 17:17:00', '2014-12-19 19:33:41', 'dec7fdd0-6bd8-4b1d-8d7d-fe2219830412');
INSERT INTO `craft_matrixcontent_partners` (`id`, `elementId`, `locale`, `field_partner_institutionName`, `field_partner_externalUrl`, `field_partner_heading`, `field_partner_body`, `dateCreated`, `dateUpdated`, `uid`) VALUES ('26', '45', 'en_us', 'Williams College', 'http://themostadorablepuppies.tumblr.com/', 'Pedicabo ego vos et irrumabo.', '<p>\r\n	Lorem ipsum dolor sit amet, consectetur adipiscing elit. Maecenas elit leo, aliquam a efficitur nec, convallis a felis. Quisque urna ante, ullamcorper sodales orci vitae, feugiat ultricies dui. Fusce finibus non tortor eget euismod. Sed semper sit amet risus eu malesuada. Praesent quis leo in felis dignissim molestie. Donec dictum sem non felis cursus, eu congue sem egestas. Quisque ut rhoncus lorem. Sed sit amet dictum libero. Class aptent taciti sociosqu ad litora torquent per conubia nostra, per inceptos himenaeos. Fusce vitae erat eu justo mattis lobortis et eu erat. Ut dui nunc, molestie nec rutrum et, accumsan nec tellus. Pellentesque facilisis finibus rhoncus. Aliquam tempor felis metus, ut hendrerit dui ornare sed. Vivamus eget felis pharetra, aliquet leo at, rhoncus tellus.\r\n</p>', '2014-10-31 17:17:00', '2014-12-19 19:33:41', '5d71a7af-b920-425c-96a1-ca9d8bd3d2f4');
INSERT INTO `craft_matrixcontent_partners` (`id`, `elementId`, `locale`, `field_partner_institutionName`, `field_partner_externalUrl`, `field_partner_heading`, `field_partner_body`, `dateCreated`, `dateUpdated`, `uid`) VALUES ('27', '59', 'en_us', 'Amherst College', 'https://www.amherst.edu/', 'test', '<p><strong><em data-redactor-tag=\"em\">test</em></strong></p>', '2014-10-31 17:33:41', '2014-12-19 18:44:10', '3a9d8a82-0416-4dfd-8950-5977f20119fc');



DROP TABLE IF EXISTS `craft_matrixcontent_secondblock`;


--
-- Schema for table `craft_matrixcontent_secondblock`
--
CREATE TABLE `craft_matrixcontent_secondblock` (
  `id` int(11) NOT NULL AUTO_INCREMENT,
  `elementId` int(11) NOT NULL,
  `locale` char(12) COLLATE utf8_unicode_ci NOT NULL,
  `field_block_body` text COLLATE utf8_unicode_ci,
  `field_block_pricing` text COLLATE utf8_unicode_ci,
  `field_block_firstRetreat` text COLLATE utf8_unicode_ci,
  `field_block_secondRetreat` text COLLATE utf8_unicode_ci,
  `field_block_registrationInfo` text COLLATE utf8_unicode_ci,
  `field_block_firstRetreatTitle` text COLLATE utf8_unicode_ci,
  `field_block_secondRetreatTitle` text COLLATE utf8_unicode_ci,
  `field_block_lodgingTitle` text COLLATE utf8_unicode_ci,
  `field_block_lodging` text COLLATE utf8_unicode_ci,
  `field_block_registrationTitle` text COLLATE utf8_unicode_ci,
  `field_block_regInfo` text COLLATE utf8_unicode_ci,
  `dateCreated` datetime NOT NULL,
  `dateUpdated` datetime NOT NULL,
  `uid` char(36) COLLATE utf8_unicode_ci NOT NULL DEFAULT '0',
  PRIMARY KEY (`id`),
  UNIQUE KEY `craft_matrixcontent_secondblock_elementId_locale_unq_idx` (`elementId`,`locale`),
  KEY `craft_matrixcontent_secondblock_locale_fk` (`locale`)
) ENGINE=InnoDB AUTO_INCREMENT=2 DEFAULT CHARSET=utf8 COLLATE=utf8_unicode_ci;

--
-- Data for table `craft_matrixcontent_secondblock`
--

INSERT INTO `craft_matrixcontent_secondblock` (`id`, `elementId`, `locale`, `field_block_body`, `field_block_pricing`, `field_block_firstRetreat`, `field_block_secondRetreat`, `field_block_registrationInfo`, `field_block_firstRetreatTitle`, `field_block_secondRetreatTitle`, `field_block_lodgingTitle`, `field_block_lodging`, `field_block_registrationTitle`, `field_block_regInfo`, `dateCreated`, `dateUpdated`, `uid`) VALUES ('1', '56', 'en_us', '<p>\r\n	We\'ll explore everything from the bag of tricks we use in songwriting to discussions of why we need to write in the first place, how we can stay the course in writing, and how we can finish our songs, no matter how discouraging the voices in our heads might be.\r\n</p><p>\r\n	Please fill in the application, including a note about why you\'d like to attend, and we\'ll let you know ASAP if you\'re in. Space is limited to 32 people.\r\n</p><p>\r\n	You don\'t have to send a song, but I ask that you have completed one whole song at some point in your life. It\'s important for me to know that you have experienced that spark of excitement about songwriting. A trunkful of half-written songs is fine, too.\r\n</p><p>\r\n	I will be joined by musicians who will be around and available for one on one help tweaking lyrics and coming up with interesting music twists.\r\n</p><h6>\r\n<strong>I\'m looking forward to it. See you soon!</strong>\r\n</h6><h6>\r\n<strong>Best, Dar</strong>\r\n</h6>', 'PRICING: Workshop, Meals & Lodging ', '<p>(early bird deadline is April 10)</p><p>If there are still slots open after March 20th, those registrants will sign up at regular pricing. All applications need to be in by May 1.<br></p>', '<p>(early bird deadline is May 10),</p><p>All applications need to be in by July 1. Same pricing is in place for each retreat.</p>', 'Early bird registration: $1500 / Regular registration: $1700', 'FIRST RETREAT / JUNE 23–27', 'SEONCD RETREAT / AUGUST 29–SEPTEMBER 2', 'Lodging is simple:', '<p>Single rooms and shared baths. There are no locks on the doors, but there are places to keep valuables. We do have cell reception.</p><p>You don\'t have to bring your car if you can get to the MTA\'s Metro North Railroad-Hudson Line. Metro North is the excellent commuter train out of New York City. You can take the train along the Hudson River to Garrison and be driven right to the Institute a mile away<br></p>', 'Registration: ', '<p>First Retreat: Monday, June 23 / 10am–1pm</p><p>Second Retreat: Friday August 29 / 10am–1pm</p><p>We\'ll meet for lunch and get started at 1 pm. Room check out is on Friday, June 27, and Tuesday, September 2, respectively. </p><p>We will end in the late morning.</p>', '2015-01-28 05:13:57', '2015-01-30 04:15:30', '9bce7d3a-3ca5-4358-82cd-621ea3e28be0');



DROP TABLE IF EXISTS `craft_migrations`;


--
-- Schema for table `craft_migrations`
--
CREATE TABLE `craft_migrations` (
  `id` int(11) NOT NULL AUTO_INCREMENT,
  `pluginId` int(11) DEFAULT NULL,
  `version` varchar(255) COLLATE utf8_unicode_ci NOT NULL,
  `applyTime` datetime NOT NULL,
  `dateCreated` datetime NOT NULL,
  `dateUpdated` datetime NOT NULL,
  `uid` char(36) COLLATE utf8_unicode_ci NOT NULL DEFAULT '0',
  PRIMARY KEY (`id`),
  UNIQUE KEY `craft_migrations_version_unq_idx` (`version`),
  KEY `craft_migrations_pluginId_fk` (`pluginId`)
) ENGINE=InnoDB AUTO_INCREMENT=23 DEFAULT CHARSET=utf8 COLLATE=utf8_unicode_ci;

--
-- Data for table `craft_migrations`
--

INSERT INTO `craft_migrations` (`id`, `pluginId`, `version`, `applyTime`, `dateCreated`, `dateUpdated`, `uid`) VALUES ('1', NULL, 'm000000_000000_base', '2015-01-09 03:25:50', '2015-01-09 03:25:50', '2015-01-09 03:25:50', 'c5be3995-f1b5-4e94-be29-5f3e542e7a9d');
INSERT INTO `craft_migrations` (`id`, `pluginId`, `version`, `applyTime`, `dateCreated`, `dateUpdated`, `uid`) VALUES ('2', NULL, 'm140730_000001_add_filename_and_format_to_transformindex', '2015-01-09 03:25:50', '2015-01-09 03:25:50', '2015-01-09 03:25:50', 'dde3560c-1694-449a-b916-894e84e39232');
INSERT INTO `craft_migrations` (`id`, `pluginId`, `version`, `applyTime`, `dateCreated`, `dateUpdated`, `uid`) VALUES ('3', NULL, 'm140815_000001_add_format_to_transforms', '2015-01-09 03:25:50', '2015-01-09 03:25:50', '2015-01-09 03:25:50', 'c9235de0-b5f8-409d-a268-5e30598b96c9');
INSERT INTO `craft_migrations` (`id`, `pluginId`, `version`, `applyTime`, `dateCreated`, `dateUpdated`, `uid`) VALUES ('4', NULL, 'm140822_000001_allow_more_than_128_items_per_field', '2015-01-09 03:25:50', '2015-01-09 03:25:50', '2015-01-09 03:25:50', 'e7599f6b-abaa-40d3-9b86-cf366ce49c83');
INSERT INTO `craft_migrations` (`id`, `pluginId`, `version`, `applyTime`, `dateCreated`, `dateUpdated`, `uid`) VALUES ('5', NULL, 'm140829_000001_single_title_formats', '2015-01-09 03:25:50', '2015-01-09 03:25:50', '2015-01-09 03:25:50', '2440ac7b-de32-4609-aafc-aa7baefcfea9');
INSERT INTO `craft_migrations` (`id`, `pluginId`, `version`, `applyTime`, `dateCreated`, `dateUpdated`, `uid`) VALUES ('6', NULL, 'm140831_000001_extended_cache_keys', '2015-01-09 03:25:50', '2015-01-09 03:25:50', '2015-01-09 03:25:50', 'c2931d66-7dd2-40e8-8b74-772b8e33c516');
INSERT INTO `craft_migrations` (`id`, `pluginId`, `version`, `applyTime`, `dateCreated`, `dateUpdated`, `uid`) VALUES ('7', NULL, 'm140922_000001_delete_orphaned_matrix_blocks', '2015-01-09 03:25:50', '2015-01-09 03:25:50', '2015-01-09 03:25:50', '04960177-527e-4a50-8724-e55a766669e4');
INSERT INTO `craft_migrations` (`id`, `pluginId`, `version`, `applyTime`, `dateCreated`, `dateUpdated`, `uid`) VALUES ('8', NULL, 'm141008_000001_elements_index_tune', '2015-01-09 03:25:50', '2015-01-09 03:25:50', '2015-01-09 03:25:50', '6ef3e1c0-5f48-42d5-9608-d5d15ba79d4a');
INSERT INTO `craft_migrations` (`id`, `pluginId`, `version`, `applyTime`, `dateCreated`, `dateUpdated`, `uid`) VALUES ('9', NULL, 'm141009_000001_assets_source_handle', '2015-01-09 03:25:50', '2015-01-09 03:25:50', '2015-01-09 03:25:50', '4d195011-b6ce-4be2-8de2-774f348850a0');
INSERT INTO `craft_migrations` (`id`, `pluginId`, `version`, `applyTime`, `dateCreated`, `dateUpdated`, `uid`) VALUES ('10', NULL, 'm141024_000001_field_layout_tabs', '2015-01-09 03:25:50', '2015-01-09 03:25:50', '2015-01-09 03:25:50', '9948249a-a9a0-4f40-863a-bbd58504bec9');
INSERT INTO `craft_migrations` (`id`, `pluginId`, `version`, `applyTime`, `dateCreated`, `dateUpdated`, `uid`) VALUES ('11', NULL, 'm141030_000001_drop_structure_move_permission', '2015-01-09 03:25:50', '2015-01-09 03:25:50', '2015-01-09 03:25:50', 'b6f8aee3-748f-4d54-a819-2de571a1ce1a');
INSERT INTO `craft_migrations` (`id`, `pluginId`, `version`, `applyTime`, `dateCreated`, `dateUpdated`, `uid`) VALUES ('12', NULL, 'm141103_000001_tag_titles', '2015-01-09 03:25:50', '2015-01-09 03:25:50', '2015-01-09 03:25:50', '84f15609-7bcc-4212-bfe4-95f3729286f0');
INSERT INTO `craft_migrations` (`id`, `pluginId`, `version`, `applyTime`, `dateCreated`, `dateUpdated`, `uid`) VALUES ('13', NULL, 'm141109_000001_user_status_shuffle', '2015-01-09 03:25:50', '2015-01-09 03:25:50', '2015-01-09 03:25:50', 'cf564227-c091-4205-afa9-8b76c87753be');
INSERT INTO `craft_migrations` (`id`, `pluginId`, `version`, `applyTime`, `dateCreated`, `dateUpdated`, `uid`) VALUES ('14', NULL, 'm141126_000001_user_week_start_day', '2015-01-09 03:25:50', '2015-01-09 03:25:50', '2015-01-09 03:25:50', '4e41f7ac-2976-42d8-bd15-c5f554bb13bb');
INSERT INTO `craft_migrations` (`id`, `pluginId`, `version`, `applyTime`, `dateCreated`, `dateUpdated`, `uid`) VALUES ('15', '5', 'm141211_074724_postmaster_remove_ping_service_from_parcels', '2015-01-22 19:42:07', '2015-01-22 19:42:07', '2015-01-22 19:42:07', 'c2657c90-148d-4440-8da0-6b72e8e56d77');
INSERT INTO `craft_migrations` (`id`, `pluginId`, `version`, `applyTime`, `dateCreated`, `dateUpdated`, `uid`) VALUES ('16', '5', 'm141211_170000_postmaster_clear_transport_response_table', '2015-01-22 19:42:07', '2015-01-22 19:42:07', '2015-01-22 19:42:07', 'c453f8ea-b5f8-4654-aa43-5914d7699337');
INSERT INTO `craft_migrations` (`id`, `pluginId`, `version`, `applyTime`, `dateCreated`, `dateUpdated`, `uid`) VALUES ('17', '5', 'm141212_003800_postmaster_queue_table', '2015-01-22 19:42:07', '2015-01-22 19:42:07', '2015-01-22 19:42:07', '8d1b9f0c-fef0-4bbc-86bf-f917b6855e54');
INSERT INTO `craft_migrations` (`id`, `pluginId`, `version`, `applyTime`, `dateCreated`, `dateUpdated`, `uid`) VALUES ('18', '5', 'm141212_193600_postmaster_notifications_table', '2015-01-22 19:42:07', '2015-01-22 19:42:07', '2015-01-22 19:42:07', 'da793f5a-6853-4938-9e88-6be47a81468e');
INSERT INTO `craft_migrations` (`id`, `pluginId`, `version`, `applyTime`, `dateCreated`, `dateUpdated`, `uid`) VALUES ('19', '5', 'm141213_013600_postmaster_notifications_sent_table', '2015-01-22 19:42:07', '2015-01-22 19:42:07', '2015-01-22 19:42:07', 'f5f58692-2827-4d3b-957d-01d2cfc0aba2');
INSERT INTO `craft_migrations` (`id`, `pluginId`, `version`, `applyTime`, `dateCreated`, `dateUpdated`, `uid`) VALUES ('20', '5', 'm141213_150000_postmaster_parcels_sent_table', '2015-01-22 19:42:07', '2015-01-22 19:42:07', '2015-01-22 19:42:07', '77fb5b51-fbe6-4a47-b07f-3567fee181cd');
INSERT INTO `craft_migrations` (`id`, `pluginId`, `version`, `applyTime`, `dateCreated`, `dateUpdated`, `uid`) VALUES ('21', '5', 'm141214_160500_postmaster_message_templates_table', '2015-01-22 19:42:07', '2015-01-22 19:42:07', '2015-01-22 19:42:07', 'bd1275ae-e5b1-4bce-9886-01ef9be411e6');
INSERT INTO `craft_migrations` (`id`, `pluginId`, `version`, `applyTime`, `dateCreated`, `dateUpdated`, `uid`) VALUES ('22', '5', 'm191214_121800_postmaster_add_sender_id_to_notifications_sent_table', '2015-01-22 19:42:07', '2015-01-22 19:42:07', '2015-01-22 19:42:07', '2778deef-923e-47df-bd6c-06c13f8f9c4a');



DROP TABLE IF EXISTS `craft_plugins`;


--
-- Schema for table `craft_plugins`
--
CREATE TABLE `craft_plugins` (
  `id` int(11) NOT NULL AUTO_INCREMENT,
  `class` varchar(150) COLLATE utf8_unicode_ci NOT NULL,
  `version` char(15) COLLATE utf8_unicode_ci NOT NULL,
  `enabled` tinyint(1) unsigned NOT NULL DEFAULT '0',
  `settings` text COLLATE utf8_unicode_ci,
  `installDate` datetime NOT NULL,
  `dateCreated` datetime NOT NULL,
  `dateUpdated` datetime NOT NULL,
  `uid` char(36) COLLATE utf8_unicode_ci NOT NULL DEFAULT '0',
  PRIMARY KEY (`id`)
) ENGINE=InnoDB AUTO_INCREMENT=7 DEFAULT CHARSET=utf8 COLLATE=utf8_unicode_ci;

--
-- Data for table `craft_plugins`
--

INSERT INTO `craft_plugins` (`id`, `class`, `version`, `enabled`, `settings`, `installDate`, `dateCreated`, `dateUpdated`, `uid`) VALUES ('1', 'ContactForm', '1.4', '1', '{\"toEmail\":\"plunkett.meghann@gmail.com\",\"prependSender\":\"On behalf of\",\"prependSubject\":\"New message from Dar Williams\",\"allowAttachments\":\"\",\"honeypotField\":\"\"}', '2015-01-09 09:03:21', '2015-01-09 09:03:21', '2015-01-09 09:29:23', '00b2f804-1275-46d1-8002-35e508f95f8e');
INSERT INTO `craft_plugins` (`id`, `class`, `version`, `enabled`, `settings`, `installDate`, `dateCreated`, `dateUpdated`, `uid`) VALUES ('2', 'MailChimp', '0.1', '1', '{\"apiKey\":\"55940ad45a1c02fe531dca8b761d7e33-us10\",\"listId\":\"6477d466ec\"}', '2015-01-14 00:11:46', '2015-01-14 00:11:46', '2015-01-14 00:24:03', '4eca668b-7a1f-4549-a619-df49795b3c03');
INSERT INTO `craft_plugins` (`id`, `class`, `version`, `enabled`, `settings`, `installDate`, `dateCreated`, `dateUpdated`, `uid`) VALUES ('3', 'GuestEntries', '1.3', '1', '{\"allowGuestSubmissions\":\"1\",\"defaultAuthors\":{\"gallery\":\"none\",\"inquiries\":\"1\",\"retreatMembers\":\"1\"},\"enabledByDefault\":{\"gallery\":\"\",\"inquiries\":\"1\",\"retreatMembers\":\"\"},\"validateEntry\":{\"gallery\":\"1\",\"inquiries\":\"1\",\"retreatMembers\":\"1\"}}', '2015-01-14 15:46:11', '2015-01-14 15:46:11', '2015-01-28 17:36:33', '1ddd8164-8bdf-4746-8d6a-88bebbcddc9b');
INSERT INTO `craft_plugins` (`id`, `class`, `version`, `enabled`, `settings`, `installDate`, `dateCreated`, `dateUpdated`, `uid`) VALUES ('4', 'FormBuilder', '1.0', '1', NULL, '2015-01-17 21:51:09', '2015-01-17 21:51:09', '2015-01-17 21:51:09', '8429e050-0791-4918-b951-edf64b8f1095');
INSERT INTO `craft_plugins` (`id`, `class`, `version`, `enabled`, `settings`, `installDate`, `dateCreated`, `dateUpdated`, `uid`) VALUES ('5', 'Postmaster', '0.5.1', '1', NULL, '2015-01-22 19:42:07', '2015-01-22 19:42:07', '2015-01-22 19:42:07', '38781a52-4c11-4211-9ed1-6e6b96283a1a');
INSERT INTO `craft_plugins` (`id`, `class`, `version`, `enabled`, `settings`, `installDate`, `dateCreated`, `dateUpdated`, `uid`) VALUES ('6', 'Blueprint', '0.5', '1', NULL, '2015-01-23 00:19:17', '2015-01-23 00:19:17', '2015-01-23 00:19:17', '3dcae7a8-502a-43dc-a4a7-29b83e609c65');



DROP TABLE IF EXISTS `craft_postmastermessagetemplates`;


--
-- Schema for table `craft_postmastermessagetemplates`
--
CREATE TABLE `craft_postmastermessagetemplates` (
  `id` int(11) NOT NULL AUTO_INCREMENT,
  `plain` longtext COLLATE utf8_unicode_ci,
  `html` longtext COLLATE utf8_unicode_ci,
  `dateCreated` datetime NOT NULL,
  `dateUpdated` datetime NOT NULL,
  `uid` char(36) COLLATE utf8_unicode_ci NOT NULL DEFAULT '0',
  PRIMARY KEY (`id`)
) ENGINE=InnoDB DEFAULT CHARSET=utf8 COLLATE=utf8_unicode_ci;

DROP TABLE IF EXISTS `craft_postmasternotifications`;


--
-- Schema for table `craft_postmasternotifications`
--
CREATE TABLE `craft_postmasternotifications` (
  `id` int(11) NOT NULL AUTO_INCREMENT,
  `title` text COLLATE utf8_unicode_ci,
  `settings` longtext COLLATE utf8_unicode_ci,
  `enabled` int(1) unsigned NOT NULL DEFAULT '1',
  `dateCreated` datetime NOT NULL,
  `dateUpdated` datetime NOT NULL,
  `uid` char(36) COLLATE utf8_unicode_ci NOT NULL DEFAULT '0',
  PRIMARY KEY (`id`)
) ENGINE=InnoDB DEFAULT CHARSET=utf8 COLLATE=utf8_unicode_ci;

DROP TABLE IF EXISTS `craft_postmasternotificationssent`;


--
-- Schema for table `craft_postmasternotificationssent`
--
CREATE TABLE `craft_postmasternotificationssent` (
  `id` int(11) NOT NULL AUTO_INCREMENT,
  `notificationId` int(11) DEFAULT NULL,
  `senderId` int(11) DEFAULT NULL,
  `dateCreated` datetime NOT NULL,
  `dateUpdated` datetime NOT NULL,
  `uid` char(36) COLLATE utf8_unicode_ci NOT NULL DEFAULT '0',
  PRIMARY KEY (`id`),
  KEY `craft_postmasternotificationssent_notificationId_fk` (`notificationId`)
) ENGINE=InnoDB DEFAULT CHARSET=utf8 COLLATE=utf8_unicode_ci;

DROP TABLE IF EXISTS `craft_postmasterparcels`;


--
-- Schema for table `craft_postmasterparcels`
--
CREATE TABLE `craft_postmasterparcels` (
  `id` int(11) NOT NULL AUTO_INCREMENT,
  `title` text COLLATE utf8_unicode_ci,
  `settings` longtext COLLATE utf8_unicode_ci,
  `enabled` int(1) unsigned NOT NULL DEFAULT '1',
  `dateCreated` datetime NOT NULL,
  `dateUpdated` datetime NOT NULL,
  `uid` char(36) COLLATE utf8_unicode_ci NOT NULL DEFAULT '0',
  PRIMARY KEY (`id`)
) ENGINE=InnoDB DEFAULT CHARSET=utf8 COLLATE=utf8_unicode_ci;

DROP TABLE IF EXISTS `craft_postmasterparcelssent`;


--
-- Schema for table `craft_postmasterparcelssent`
--
CREATE TABLE `craft_postmasterparcelssent` (
  `id` int(11) NOT NULL AUTO_INCREMENT,
  `parcelId` int(11) DEFAULT NULL,
  `dateCreated` datetime NOT NULL,
  `dateUpdated` datetime NOT NULL,
  `uid` char(36) COLLATE utf8_unicode_ci NOT NULL DEFAULT '0',
  PRIMARY KEY (`id`),
  KEY `craft_postmasterparcelssent_parcelId_fk` (`parcelId`)
) ENGINE=InnoDB DEFAULT CHARSET=utf8 COLLATE=utf8_unicode_ci;

DROP TABLE IF EXISTS `craft_postmasterqueue`;


--
-- Schema for table `craft_postmasterqueue`
--
CREATE TABLE `craft_postmasterqueue` (
  `id` int(11) NOT NULL AUTO_INCREMENT,
  `model` longtext COLLATE utf8_unicode_ci,
  `sendDate` longtext COLLATE utf8_unicode_ci,
  `dateCreated` datetime NOT NULL,
  `dateUpdated` datetime NOT NULL,
  `uid` char(36) COLLATE utf8_unicode_ci NOT NULL DEFAULT '0',
  PRIMARY KEY (`id`)
) ENGINE=InnoDB DEFAULT CHARSET=utf8 COLLATE=utf8_unicode_ci;

DROP TABLE IF EXISTS `craft_postmastertransportresponses`;


--
-- Schema for table `craft_postmastertransportresponses`
--
CREATE TABLE `craft_postmastertransportresponses` (
  `id` int(11) NOT NULL AUTO_INCREMENT,
  `success` int(1) unsigned NOT NULL DEFAULT '0',
  `errors` longtext COLLATE utf8_unicode_ci,
  `code` text COLLATE utf8_unicode_ci,
  `service` text COLLATE utf8_unicode_ci,
  `model` longtext COLLATE utf8_unicode_ci,
  `dateCreated` datetime NOT NULL,
  `dateUpdated` datetime NOT NULL,
  `uid` char(36) COLLATE utf8_unicode_ci NOT NULL DEFAULT '0',
  PRIMARY KEY (`id`)
) ENGINE=InnoDB DEFAULT CHARSET=utf8 COLLATE=utf8_unicode_ci;

DROP TABLE IF EXISTS `craft_rackspaceaccess`;


--
-- Schema for table `craft_rackspaceaccess`
--
CREATE TABLE `craft_rackspaceaccess` (
  `id` int(11) NOT NULL AUTO_INCREMENT,
  `connectionKey` varchar(255) COLLATE utf8_unicode_ci NOT NULL,
  `token` varchar(255) COLLATE utf8_unicode_ci NOT NULL,
  `storageUrl` varchar(255) COLLATE utf8_unicode_ci NOT NULL,
  `cdnUrl` varchar(255) COLLATE utf8_unicode_ci NOT NULL,
  `dateCreated` datetime NOT NULL,
  `dateUpdated` datetime NOT NULL,
  `uid` char(36) COLLATE utf8_unicode_ci NOT NULL DEFAULT '0',
  PRIMARY KEY (`id`),
  UNIQUE KEY `craft_rackspaceaccess_connectionKey_unq_idx` (`connectionKey`)
) ENGINE=InnoDB DEFAULT CHARSET=utf8 COLLATE=utf8_unicode_ci;

DROP TABLE IF EXISTS `craft_relations`;


--
-- Schema for table `craft_relations`
--
CREATE TABLE `craft_relations` (
  `id` int(11) NOT NULL AUTO_INCREMENT,
  `fieldId` int(11) NOT NULL,
  `sourceId` int(11) NOT NULL,
  `sourceLocale` char(12) COLLATE utf8_unicode_ci DEFAULT NULL,
  `targetId` int(11) NOT NULL,
  `sortOrder` smallint(6) DEFAULT NULL,
  `dateCreated` datetime NOT NULL,
  `dateUpdated` datetime NOT NULL,
  `uid` char(36) COLLATE utf8_unicode_ci NOT NULL DEFAULT '0',
  PRIMARY KEY (`id`),
  UNIQUE KEY `craft_relations_fieldId_sourceId_sourceLocale_targetId_unq_idx` (`fieldId`,`sourceId`,`sourceLocale`,`targetId`),
  KEY `craft_relations_sourceId_fk` (`sourceId`),
  KEY `craft_relations_sourceLocale_fk` (`sourceLocale`),
  KEY `craft_relations_targetId_fk` (`targetId`)
) ENGINE=InnoDB AUTO_INCREMENT=256 DEFAULT CHARSET=utf8 COLLATE=utf8_unicode_ci;

--
-- Data for table `craft_relations`
--

INSERT INTO `craft_relations` (`id`, `fieldId`, `sourceId`, `sourceLocale`, `targetId`, `sortOrder`, `dateCreated`, `dateUpdated`, `uid`) VALUES ('36', '24', '49', NULL, '48', '1', '2015-01-23 01:49:37', '2015-01-23 01:49:37', 'c5260c70-3b71-4f89-b66a-a04f8def0a6d');
INSERT INTO `craft_relations` (`id`, `fieldId`, `sourceId`, `sourceLocale`, `targetId`, `sortOrder`, `dateCreated`, `dateUpdated`, `uid`) VALUES ('243', '31', '46', NULL, '83', '1', '2015-01-30 04:15:30', '2015-01-30 04:15:30', '9d1260aa-5974-4a2e-9a34-4a1148bfe694');
INSERT INTO `craft_relations` (`id`, `fieldId`, `sourceId`, `sourceLocale`, `targetId`, `sortOrder`, `dateCreated`, `dateUpdated`, `uid`) VALUES ('244', '32', '46', NULL, '95', '1', '2015-01-30 04:15:30', '2015-01-30 04:15:30', '215c8f99-619e-4b19-92d5-6a48e2a27a75');
INSERT INTO `craft_relations` (`id`, `fieldId`, `sourceId`, `sourceLocale`, `targetId`, `sortOrder`, `dateCreated`, `dateUpdated`, `uid`) VALUES ('245', '33', '46', NULL, '85', '1', '2015-01-30 04:15:30', '2015-01-30 04:15:30', '7081ef77-0f9e-4437-938e-8bdb14556efe');
INSERT INTO `craft_relations` (`id`, `fieldId`, `sourceId`, `sourceLocale`, `targetId`, `sortOrder`, `dateCreated`, `dateUpdated`, `uid`) VALUES ('246', '36', '46', NULL, '86', '1', '2015-01-30 04:15:30', '2015-01-30 04:15:30', 'fa12be1a-229d-4d9c-a6c2-aaf4accd0ee2');
INSERT INTO `craft_relations` (`id`, `fieldId`, `sourceId`, `sourceLocale`, `targetId`, `sortOrder`, `dateCreated`, `dateUpdated`, `uid`) VALUES ('247', '34', '46', NULL, '84', '1', '2015-01-30 04:15:30', '2015-01-30 04:15:30', '7cf1d958-cb83-48b4-9cf8-bde5ddcf5795');
INSERT INTO `craft_relations` (`id`, `fieldId`, `sourceId`, `sourceLocale`, `targetId`, `sortOrder`, `dateCreated`, `dateUpdated`, `uid`) VALUES ('248', '48', '56', NULL, '88', '1', '2015-01-30 04:15:30', '2015-01-30 04:15:30', '3f593217-a570-477f-b029-4dc29fa3a3fe');
INSERT INTO `craft_relations` (`id`, `fieldId`, `sourceId`, `sourceLocale`, `targetId`, `sortOrder`, `dateCreated`, `dateUpdated`, `uid`) VALUES ('249', '50', '56', NULL, '96', '1', '2015-01-30 04:15:30', '2015-01-30 04:15:30', '0af250c0-3e7a-4b48-a085-d610154f4889');
INSERT INTO `craft_relations` (`id`, `fieldId`, `sourceId`, `sourceLocale`, `targetId`, `sortOrder`, `dateCreated`, `dateUpdated`, `uid`) VALUES ('250', '51', '56', NULL, '97', '1', '2015-01-30 04:15:30', '2015-01-30 04:15:30', 'f82dbaf0-fd1f-4345-9b13-f410feda776e');
INSERT INTO `craft_relations` (`id`, `fieldId`, `sourceId`, `sourceLocale`, `targetId`, `sortOrder`, `dateCreated`, `dateUpdated`, `uid`) VALUES ('251', '40', '56', NULL, '89', '1', '2015-01-30 04:15:30', '2015-01-30 04:15:30', '811e1efd-2df8-4f20-9227-b6fa7e0230e1');
INSERT INTO `craft_relations` (`id`, `fieldId`, `sourceId`, `sourceLocale`, `targetId`, `sortOrder`, `dateCreated`, `dateUpdated`, `uid`) VALUES ('252', '22', '102', NULL, '100', '1', '2015-01-30 04:35:37', '2015-01-30 04:35:37', '187caabe-9534-42f8-a31d-d40b5915b196');
INSERT INTO `craft_relations` (`id`, `fieldId`, `sourceId`, `sourceLocale`, `targetId`, `sortOrder`, `dateCreated`, `dateUpdated`, `uid`) VALUES ('253', '23', '102', NULL, '101', '1', '2015-01-30 04:35:37', '2015-01-30 04:35:37', '016023ae-e202-44f2-96b9-eb650aa9b704');
INSERT INTO `craft_relations` (`id`, `fieldId`, `sourceId`, `sourceLocale`, `targetId`, `sortOrder`, `dateCreated`, `dateUpdated`, `uid`) VALUES ('254', '22', '105', NULL, '103', '1', '2015-01-30 04:37:01', '2015-01-30 04:37:01', 'c117cc7b-abf2-4f8d-b80d-99bd6c61a34d');
INSERT INTO `craft_relations` (`id`, `fieldId`, `sourceId`, `sourceLocale`, `targetId`, `sortOrder`, `dateCreated`, `dateUpdated`, `uid`) VALUES ('255', '23', '105', NULL, '104', '1', '2015-01-30 04:37:01', '2015-01-30 04:37:01', '705b5584-6233-458a-b206-89bf386b7e8f');



DROP TABLE IF EXISTS `craft_routes`;


--
-- Schema for table `craft_routes`
--
CREATE TABLE `craft_routes` (
  `id` int(11) NOT NULL AUTO_INCREMENT,
  `locale` char(12) COLLATE utf8_unicode_ci DEFAULT NULL,
  `urlParts` varchar(255) COLLATE utf8_unicode_ci NOT NULL,
  `urlPattern` varchar(255) COLLATE utf8_unicode_ci NOT NULL,
  `template` varchar(255) COLLATE utf8_unicode_ci NOT NULL,
  `sortOrder` tinyint(4) DEFAULT NULL,
  `dateCreated` datetime NOT NULL,
  `dateUpdated` datetime NOT NULL,
  `uid` char(36) COLLATE utf8_unicode_ci NOT NULL DEFAULT '0',
  PRIMARY KEY (`id`),
  UNIQUE KEY `craft_routes_urlPattern_unq_idx` (`urlPattern`),
  KEY `craft_routes_locale_idx` (`locale`)
) ENGINE=InnoDB DEFAULT CHARSET=utf8 COLLATE=utf8_unicode_ci;

DROP TABLE IF EXISTS `craft_searchindex`;


--
-- Schema for table `craft_searchindex`
--
CREATE TABLE `craft_searchindex` (
  `elementId` int(11) NOT NULL,
  `attribute` varchar(25) COLLATE utf8_unicode_ci NOT NULL,
  `fieldId` int(11) NOT NULL,
  `locale` char(12) COLLATE utf8_unicode_ci NOT NULL,
  `keywords` text COLLATE utf8_unicode_ci NOT NULL,
  PRIMARY KEY (`elementId`,`attribute`,`fieldId`,`locale`),
  FULLTEXT KEY `craft_searchindex_keywords_idx` (`keywords`)
) ENGINE=MyISAM DEFAULT CHARSET=utf8 COLLATE=utf8_unicode_ci;

--
-- Data for table `craft_searchindex`
--

INSERT INTO `craft_searchindex` (`elementId`, `attribute`, `fieldId`, `locale`, `keywords`) VALUES ('1', 'username', '0', 'en_us', ' plunkett meghann gmail com ');
INSERT INTO `craft_searchindex` (`elementId`, `attribute`, `fieldId`, `locale`, `keywords`) VALUES ('1', 'firstname', '0', 'en_us', '');
INSERT INTO `craft_searchindex` (`elementId`, `attribute`, `fieldId`, `locale`, `keywords`) VALUES ('1', 'lastname', '0', 'en_us', '');
INSERT INTO `craft_searchindex` (`elementId`, `attribute`, `fieldId`, `locale`, `keywords`) VALUES ('1', 'fullname', '0', 'en_us', '');
INSERT INTO `craft_searchindex` (`elementId`, `attribute`, `fieldId`, `locale`, `keywords`) VALUES ('1', 'email', '0', 'en_us', ' plunkett meghann gmail com ');
INSERT INTO `craft_searchindex` (`elementId`, `attribute`, `fieldId`, `locale`, `keywords`) VALUES ('1', 'slug', '0', 'en_us', '');
INSERT INTO `craft_searchindex` (`elementId`, `attribute`, `fieldId`, `locale`, `keywords`) VALUES ('2', 'field', '1', 'en_us', ' it s true this site doesn t have a whole lot of content yet but don t worry our web developers have just installed the cms and they re setting things up for the content editors this very moment soon dar williams dev will be an oasis of fresh perspectives sharp analyses and astute opinions that will keep you coming back again and again ');
INSERT INTO `craft_searchindex` (`elementId`, `attribute`, `fieldId`, `locale`, `keywords`) VALUES ('2', 'slug', '0', 'en_us', ' homepage ');
INSERT INTO `craft_searchindex` (`elementId`, `attribute`, `fieldId`, `locale`, `keywords`) VALUES ('2', 'title', '0', 'en_us', ' home ');
INSERT INTO `craft_searchindex` (`elementId`, `attribute`, `fieldId`, `locale`, `keywords`) VALUES ('22', 'title', '0', 'en_us', ' test ');
INSERT INTO `craft_searchindex` (`elementId`, `attribute`, `fieldId`, `locale`, `keywords`) VALUES ('22', 'slug', '0', 'en_us', ' test ');
INSERT INTO `craft_searchindex` (`elementId`, `attribute`, `fieldId`, `locale`, `keywords`) VALUES ('22', 'field', '10', 'en_us', '');
INSERT INTO `craft_searchindex` (`elementId`, `attribute`, `fieldId`, `locale`, `keywords`) VALUES ('22', 'field', '11', 'en_us', '');
INSERT INTO `craft_searchindex` (`elementId`, `attribute`, `fieldId`, `locale`, `keywords`) VALUES ('22', 'field', '19', 'en_us', '');
INSERT INTO `craft_searchindex` (`elementId`, `attribute`, `fieldId`, `locale`, `keywords`) VALUES ('22', 'field', '14', 'en_us', '');
INSERT INTO `craft_searchindex` (`elementId`, `attribute`, `fieldId`, `locale`, `keywords`) VALUES ('22', 'field', '5', 'en_us', '');
INSERT INTO `craft_searchindex` (`elementId`, `attribute`, `fieldId`, `locale`, `keywords`) VALUES ('22', 'field', '13', 'en_us', '');
INSERT INTO `craft_searchindex` (`elementId`, `attribute`, `fieldId`, `locale`, `keywords`) VALUES ('22', 'field', '21', 'en_us', '');
INSERT INTO `craft_searchindex` (`elementId`, `attribute`, `fieldId`, `locale`, `keywords`) VALUES ('13', 'field', '3', 'en_us', '');
INSERT INTO `craft_searchindex` (`elementId`, `attribute`, `fieldId`, `locale`, `keywords`) VALUES ('13', 'field', '4', 'en_us', '');
INSERT INTO `craft_searchindex` (`elementId`, `attribute`, `fieldId`, `locale`, `keywords`) VALUES ('13', 'field', '6', 'en_us', '');
INSERT INTO `craft_searchindex` (`elementId`, `attribute`, `fieldId`, `locale`, `keywords`) VALUES ('13', 'field', '1', 'en_us', '');
INSERT INTO `craft_searchindex` (`elementId`, `attribute`, `fieldId`, `locale`, `keywords`) VALUES ('13', 'field', '5', 'en_us', '');
INSERT INTO `craft_searchindex` (`elementId`, `attribute`, `fieldId`, `locale`, `keywords`) VALUES ('13', 'field', '7', 'en_us', '');
INSERT INTO `craft_searchindex` (`elementId`, `attribute`, `fieldId`, `locale`, `keywords`) VALUES ('13', 'slug', '0', 'en_us', '');
INSERT INTO `craft_searchindex` (`elementId`, `attribute`, `fieldId`, `locale`, `keywords`) VALUES ('13', 'title', '0', 'en_us', ' 3fdgdfgfdgdfgdfg ');
INSERT INTO `craft_searchindex` (`elementId`, `attribute`, `fieldId`, `locale`, `keywords`) VALUES ('22', 'field', '20', 'en_us', '');
INSERT INTO `craft_searchindex` (`elementId`, `attribute`, `fieldId`, `locale`, `keywords`) VALUES ('22', 'field', '9', 'en_us', ' check ');
INSERT INTO `craft_searchindex` (`elementId`, `attribute`, `fieldId`, `locale`, `keywords`) VALUES ('22', 'field', '17', 'en_us', '');
INSERT INTO `craft_searchindex` (`elementId`, `attribute`, `fieldId`, `locale`, `keywords`) VALUES ('22', 'field', '8', 'en_us', '');
INSERT INTO `craft_searchindex` (`elementId`, `attribute`, `fieldId`, `locale`, `keywords`) VALUES ('22', 'field', '4', 'en_us', '');
INSERT INTO `craft_searchindex` (`elementId`, `attribute`, `fieldId`, `locale`, `keywords`) VALUES ('22', 'field', '18', 'en_us', '');
INSERT INTO `craft_searchindex` (`elementId`, `attribute`, `fieldId`, `locale`, `keywords`) VALUES ('22', 'field', '15', 'en_us', '');
INSERT INTO `craft_searchindex` (`elementId`, `attribute`, `fieldId`, `locale`, `keywords`) VALUES ('22', 'field', '16', 'en_us', '');
INSERT INTO `craft_searchindex` (`elementId`, `attribute`, `fieldId`, `locale`, `keywords`) VALUES ('22', 'field', '12', 'en_us', '');
INSERT INTO `craft_searchindex` (`elementId`, `attribute`, `fieldId`, `locale`, `keywords`) VALUES ('22', 'field', '3', 'en_us', '');
INSERT INTO `craft_searchindex` (`elementId`, `attribute`, `fieldId`, `locale`, `keywords`) VALUES ('22', 'field', '6', 'en_us', ' june 23 27 ');
INSERT INTO `craft_searchindex` (`elementId`, `attribute`, `fieldId`, `locale`, `keywords`) VALUES ('22', 'field', '7', 'en_us', '');
INSERT INTO `craft_searchindex` (`elementId`, `attribute`, `fieldId`, `locale`, `keywords`) VALUES ('19', 'field', '7', 'en_us', ' janemarcy59221995239 ');
INSERT INTO `craft_searchindex` (`elementId`, `attribute`, `fieldId`, `locale`, `keywords`) VALUES ('19', 'slug', '0', 'en_us', ' this is our water front ');
INSERT INTO `craft_searchindex` (`elementId`, `attribute`, `fieldId`, `locale`, `keywords`) VALUES ('19', 'title', '0', 'en_us', ' this is our water front ');
INSERT INTO `craft_searchindex` (`elementId`, `attribute`, `fieldId`, `locale`, `keywords`) VALUES ('20', 'field', '7', 'en_us', ' new york state hudson river valley ny156 ');
INSERT INTO `craft_searchindex` (`elementId`, `attribute`, `fieldId`, `locale`, `keywords`) VALUES ('20', 'slug', '0', 'en_us', ' come take a hike in our forests ');
INSERT INTO `craft_searchindex` (`elementId`, `attribute`, `fieldId`, `locale`, `keywords`) VALUES ('20', 'title', '0', 'en_us', ' come take a hike in our forests ');
INSERT INTO `craft_searchindex` (`elementId`, `attribute`, `fieldId`, `locale`, `keywords`) VALUES ('21', 'username', '0', 'en_us', ' meghann familiar studio com ');
INSERT INTO `craft_searchindex` (`elementId`, `attribute`, `fieldId`, `locale`, `keywords`) VALUES ('21', 'firstname', '0', 'en_us', ' test user ');
INSERT INTO `craft_searchindex` (`elementId`, `attribute`, `fieldId`, `locale`, `keywords`) VALUES ('21', 'lastname', '0', 'en_us', ' hey ');
INSERT INTO `craft_searchindex` (`elementId`, `attribute`, `fieldId`, `locale`, `keywords`) VALUES ('21', 'fullname', '0', 'en_us', ' test user hey ');
INSERT INTO `craft_searchindex` (`elementId`, `attribute`, `fieldId`, `locale`, `keywords`) VALUES ('21', 'email', '0', 'en_us', ' meghann familiar studio com ');
INSERT INTO `craft_searchindex` (`elementId`, `attribute`, `fieldId`, `locale`, `keywords`) VALUES ('21', 'slug', '0', 'en_us', '');
INSERT INTO `craft_searchindex` (`elementId`, `attribute`, `fieldId`, `locale`, `keywords`) VALUES ('88', 'filename', '0', 'en_us', ' quote2 png ');
INSERT INTO `craft_searchindex` (`elementId`, `attribute`, `fieldId`, `locale`, `keywords`) VALUES ('88', 'extension', '0', 'en_us', ' png ');
INSERT INTO `craft_searchindex` (`elementId`, `attribute`, `fieldId`, `locale`, `keywords`) VALUES ('88', 'kind', '0', 'en_us', ' image ');
INSERT INTO `craft_searchindex` (`elementId`, `attribute`, `fieldId`, `locale`, `keywords`) VALUES ('88', 'slug', '0', 'en_us', '');
INSERT INTO `craft_searchindex` (`elementId`, `attribute`, `fieldId`, `locale`, `keywords`) VALUES ('86', 'title', '0', 'en_us', ' hudsonx3 ');
INSERT INTO `craft_searchindex` (`elementId`, `attribute`, `fieldId`, `locale`, `keywords`) VALUES ('86', 'slug', '0', 'en_us', ' hudsonx3 ');
INSERT INTO `craft_searchindex` (`elementId`, `attribute`, `fieldId`, `locale`, `keywords`) VALUES ('86', 'kind', '0', 'en_us', ' image ');
INSERT INTO `craft_searchindex` (`elementId`, `attribute`, `fieldId`, `locale`, `keywords`) VALUES ('86', 'extension', '0', 'en_us', ' png ');
INSERT INTO `craft_searchindex` (`elementId`, `attribute`, `fieldId`, `locale`, `keywords`) VALUES ('1', 'field', '22', 'en_us', ' 02 boots worn through ');
INSERT INTO `craft_searchindex` (`elementId`, `attribute`, `fieldId`, `locale`, `keywords`) VALUES ('86', 'filename', '0', 'en_us', ' hudsonx3 png ');
INSERT INTO `craft_searchindex` (`elementId`, `attribute`, `fieldId`, `locale`, `keywords`) VALUES ('85', 'title', '0', 'en_us', ' dar ');
INSERT INTO `craft_searchindex` (`elementId`, `attribute`, `fieldId`, `locale`, `keywords`) VALUES ('85', 'slug', '0', 'en_us', ' dar ');
INSERT INTO `craft_searchindex` (`elementId`, `attribute`, `fieldId`, `locale`, `keywords`) VALUES ('85', 'kind', '0', 'en_us', ' image ');
INSERT INTO `craft_searchindex` (`elementId`, `attribute`, `fieldId`, `locale`, `keywords`) VALUES ('85', 'extension', '0', 'en_us', ' png ');
INSERT INTO `craft_searchindex` (`elementId`, `attribute`, `fieldId`, `locale`, `keywords`) VALUES ('85', 'filename', '0', 'en_us', ' dar png ');
INSERT INTO `craft_searchindex` (`elementId`, `attribute`, `fieldId`, `locale`, `keywords`) VALUES ('83', 'filename', '0', 'en_us', ' photo png ');
INSERT INTO `craft_searchindex` (`elementId`, `attribute`, `fieldId`, `locale`, `keywords`) VALUES ('83', 'extension', '0', 'en_us', ' png ');
INSERT INTO `craft_searchindex` (`elementId`, `attribute`, `fieldId`, `locale`, `keywords`) VALUES ('83', 'kind', '0', 'en_us', ' image ');
INSERT INTO `craft_searchindex` (`elementId`, `attribute`, `fieldId`, `locale`, `keywords`) VALUES ('83', 'slug', '0', 'en_us', '');
INSERT INTO `craft_searchindex` (`elementId`, `attribute`, `fieldId`, `locale`, `keywords`) VALUES ('83', 'title', '0', 'en_us', ' photo ');
INSERT INTO `craft_searchindex` (`elementId`, `attribute`, `fieldId`, `locale`, `keywords`) VALUES ('84', 'extension', '0', 'en_us', ' png ');
INSERT INTO `craft_searchindex` (`elementId`, `attribute`, `fieldId`, `locale`, `keywords`) VALUES ('84', 'kind', '0', 'en_us', ' image ');
INSERT INTO `craft_searchindex` (`elementId`, `attribute`, `fieldId`, `locale`, `keywords`) VALUES ('84', 'slug', '0', 'en_us', '');
INSERT INTO `craft_searchindex` (`elementId`, `attribute`, `fieldId`, `locale`, `keywords`) VALUES ('84', 'title', '0', 'en_us', ' quote1 ');
INSERT INTO `craft_searchindex` (`elementId`, `attribute`, `fieldId`, `locale`, `keywords`) VALUES ('81', 'title', '0', 'en_us', ' large ');
INSERT INTO `craft_searchindex` (`elementId`, `attribute`, `fieldId`, `locale`, `keywords`) VALUES ('81', 'slug', '0', 'en_us', ' large ');
INSERT INTO `craft_searchindex` (`elementId`, `attribute`, `fieldId`, `locale`, `keywords`) VALUES ('81', 'kind', '0', 'en_us', ' image ');
INSERT INTO `craft_searchindex` (`elementId`, `attribute`, `fieldId`, `locale`, `keywords`) VALUES ('81', 'extension', '0', 'en_us', ' png ');
INSERT INTO `craft_searchindex` (`elementId`, `attribute`, `fieldId`, `locale`, `keywords`) VALUES ('81', 'filename', '0', 'en_us', ' large png ');
INSERT INTO `craft_searchindex` (`elementId`, `attribute`, `fieldId`, `locale`, `keywords`) VALUES ('80', 'title', '0', 'en_us', ' unnamed ');
INSERT INTO `craft_searchindex` (`elementId`, `attribute`, `fieldId`, `locale`, `keywords`) VALUES ('80', 'slug', '0', 'en_us', '');
INSERT INTO `craft_searchindex` (`elementId`, `attribute`, `fieldId`, `locale`, `keywords`) VALUES ('80', 'kind', '0', 'en_us', ' image ');
INSERT INTO `craft_searchindex` (`elementId`, `attribute`, `fieldId`, `locale`, `keywords`) VALUES ('80', 'extension', '0', 'en_us', ' jpg ');
INSERT INTO `craft_searchindex` (`elementId`, `attribute`, `fieldId`, `locale`, `keywords`) VALUES ('78', 'title', '0', 'en_us', ' unnamed 3 ');
INSERT INTO `craft_searchindex` (`elementId`, `attribute`, `fieldId`, `locale`, `keywords`) VALUES ('78', 'slug', '0', 'en_us', '');
INSERT INTO `craft_searchindex` (`elementId`, `attribute`, `fieldId`, `locale`, `keywords`) VALUES ('78', 'kind', '0', 'en_us', ' image ');
INSERT INTO `craft_searchindex` (`elementId`, `attribute`, `fieldId`, `locale`, `keywords`) VALUES ('78', 'extension', '0', 'en_us', ' jpg ');
INSERT INTO `craft_searchindex` (`elementId`, `attribute`, `fieldId`, `locale`, `keywords`) VALUES ('78', 'filename', '0', 'en_us', ' unnamed 3 jpg ');
INSERT INTO `craft_searchindex` (`elementId`, `attribute`, `fieldId`, `locale`, `keywords`) VALUES ('77', 'title', '0', 'en_us', ' unnamed 4 ');
INSERT INTO `craft_searchindex` (`elementId`, `attribute`, `fieldId`, `locale`, `keywords`) VALUES ('77', 'slug', '0', 'en_us', '');
INSERT INTO `craft_searchindex` (`elementId`, `attribute`, `fieldId`, `locale`, `keywords`) VALUES ('77', 'kind', '0', 'en_us', ' image ');
INSERT INTO `craft_searchindex` (`elementId`, `attribute`, `fieldId`, `locale`, `keywords`) VALUES ('77', 'extension', '0', 'en_us', ' jpg ');
INSERT INTO `craft_searchindex` (`elementId`, `attribute`, `fieldId`, `locale`, `keywords`) VALUES ('77', 'filename', '0', 'en_us', ' unnamed 4 jpg ');
INSERT INTO `craft_searchindex` (`elementId`, `attribute`, `fieldId`, `locale`, `keywords`) VALUES ('38', 'field', '7', 'en_us', '');
INSERT INTO `craft_searchindex` (`elementId`, `attribute`, `fieldId`, `locale`, `keywords`) VALUES ('38', 'field', '6', 'en_us', '');
INSERT INTO `craft_searchindex` (`elementId`, `attribute`, `fieldId`, `locale`, `keywords`) VALUES ('38', 'field', '3', 'en_us', '');
INSERT INTO `craft_searchindex` (`elementId`, `attribute`, `fieldId`, `locale`, `keywords`) VALUES ('38', 'field', '12', 'en_us', '');
INSERT INTO `craft_searchindex` (`elementId`, `attribute`, `fieldId`, `locale`, `keywords`) VALUES ('38', 'field', '16', 'en_us', '');
INSERT INTO `craft_searchindex` (`elementId`, `attribute`, `fieldId`, `locale`, `keywords`) VALUES ('38', 'field', '15', 'en_us', '');
INSERT INTO `craft_searchindex` (`elementId`, `attribute`, `fieldId`, `locale`, `keywords`) VALUES ('38', 'field', '18', 'en_us', '');
INSERT INTO `craft_searchindex` (`elementId`, `attribute`, `fieldId`, `locale`, `keywords`) VALUES ('38', 'field', '4', 'en_us', '');
INSERT INTO `craft_searchindex` (`elementId`, `attribute`, `fieldId`, `locale`, `keywords`) VALUES ('38', 'field', '8', 'en_us', '');
INSERT INTO `craft_searchindex` (`elementId`, `attribute`, `fieldId`, `locale`, `keywords`) VALUES ('38', 'field', '17', 'en_us', '');
INSERT INTO `craft_searchindex` (`elementId`, `attribute`, `fieldId`, `locale`, `keywords`) VALUES ('38', 'field', '9', 'en_us', '');
INSERT INTO `craft_searchindex` (`elementId`, `attribute`, `fieldId`, `locale`, `keywords`) VALUES ('38', 'field', '20', 'en_us', '');
INSERT INTO `craft_searchindex` (`elementId`, `attribute`, `fieldId`, `locale`, `keywords`) VALUES ('38', 'field', '21', 'en_us', '');
INSERT INTO `craft_searchindex` (`elementId`, `attribute`, `fieldId`, `locale`, `keywords`) VALUES ('38', 'field', '13', 'en_us', '');
INSERT INTO `craft_searchindex` (`elementId`, `attribute`, `fieldId`, `locale`, `keywords`) VALUES ('38', 'field', '5', 'en_us', '');
INSERT INTO `craft_searchindex` (`elementId`, `attribute`, `fieldId`, `locale`, `keywords`) VALUES ('38', 'field', '14', 'en_us', '');
INSERT INTO `craft_searchindex` (`elementId`, `attribute`, `fieldId`, `locale`, `keywords`) VALUES ('38', 'field', '19', 'en_us', '');
INSERT INTO `craft_searchindex` (`elementId`, `attribute`, `fieldId`, `locale`, `keywords`) VALUES ('38', 'field', '11', 'en_us', '');
INSERT INTO `craft_searchindex` (`elementId`, `attribute`, `fieldId`, `locale`, `keywords`) VALUES ('38', 'field', '10', 'en_us', '');
INSERT INTO `craft_searchindex` (`elementId`, `attribute`, `fieldId`, `locale`, `keywords`) VALUES ('38', 'slug', '0', 'en_us', '');
INSERT INTO `craft_searchindex` (`elementId`, `attribute`, `fieldId`, `locale`, `keywords`) VALUES ('38', 'title', '0', 'en_us', ' sdfdsfdsfsdfsdfdsfs ');
INSERT INTO `craft_searchindex` (`elementId`, `attribute`, `fieldId`, `locale`, `keywords`) VALUES ('76', 'title', '0', 'en_us', ' unnamed 5 ');
INSERT INTO `craft_searchindex` (`elementId`, `attribute`, `fieldId`, `locale`, `keywords`) VALUES ('76', 'slug', '0', 'en_us', '');
INSERT INTO `craft_searchindex` (`elementId`, `attribute`, `fieldId`, `locale`, `keywords`) VALUES ('76', 'kind', '0', 'en_us', ' image ');
INSERT INTO `craft_searchindex` (`elementId`, `attribute`, `fieldId`, `locale`, `keywords`) VALUES ('76', 'extension', '0', 'en_us', ' jpg ');
INSERT INTO `craft_searchindex` (`elementId`, `attribute`, `fieldId`, `locale`, `keywords`) VALUES ('76', 'filename', '0', 'en_us', ' unnamed 5 jpg ');
INSERT INTO `craft_searchindex` (`elementId`, `attribute`, `fieldId`, `locale`, `keywords`) VALUES ('75', 'title', '0', 'en_us', ' unnamed 1 ');
INSERT INTO `craft_searchindex` (`elementId`, `attribute`, `fieldId`, `locale`, `keywords`) VALUES ('75', 'slug', '0', 'en_us', ' unnamed 1 ');
INSERT INTO `craft_searchindex` (`elementId`, `attribute`, `fieldId`, `locale`, `keywords`) VALUES ('75', 'kind', '0', 'en_us', ' image ');
INSERT INTO `craft_searchindex` (`elementId`, `attribute`, `fieldId`, `locale`, `keywords`) VALUES ('75', 'extension', '0', 'en_us', ' jpg ');
INSERT INTO `craft_searchindex` (`elementId`, `attribute`, `fieldId`, `locale`, `keywords`) VALUES ('75', 'filename', '0', 'en_us', ' unnamed 1 jpg ');
INSERT INTO `craft_searchindex` (`elementId`, `attribute`, `fieldId`, `locale`, `keywords`) VALUES ('88', 'title', '0', 'en_us', ' quote2 ');
INSERT INTO `craft_searchindex` (`elementId`, `attribute`, `fieldId`, `locale`, `keywords`) VALUES ('79', 'kind', '0', 'en_us', ' image ');
INSERT INTO `craft_searchindex` (`elementId`, `attribute`, `fieldId`, `locale`, `keywords`) VALUES ('79', 'slug', '0', 'en_us', '');
INSERT INTO `craft_searchindex` (`elementId`, `attribute`, `fieldId`, `locale`, `keywords`) VALUES ('79', 'title', '0', 'en_us', ' unnamed 7 ');
INSERT INTO `craft_searchindex` (`elementId`, `attribute`, `fieldId`, `locale`, `keywords`) VALUES ('74', 'filename', '0', 'en_us', ' francesca lia block quote jpg ');
INSERT INTO `craft_searchindex` (`elementId`, `attribute`, `fieldId`, `locale`, `keywords`) VALUES ('74', 'extension', '0', 'en_us', ' jpg ');
INSERT INTO `craft_searchindex` (`elementId`, `attribute`, `fieldId`, `locale`, `keywords`) VALUES ('74', 'kind', '0', 'en_us', ' image ');
INSERT INTO `craft_searchindex` (`elementId`, `attribute`, `fieldId`, `locale`, `keywords`) VALUES ('74', 'slug', '0', 'en_us', '');
INSERT INTO `craft_searchindex` (`elementId`, `attribute`, `fieldId`, `locale`, `keywords`) VALUES ('74', 'title', '0', 'en_us', ' francesca lia block quote ');
INSERT INTO `craft_searchindex` (`elementId`, `attribute`, `fieldId`, `locale`, `keywords`) VALUES ('72', 'title', '0', 'en_us', ' do not delete ');
INSERT INTO `craft_searchindex` (`elementId`, `attribute`, `fieldId`, `locale`, `keywords`) VALUES ('72', 'slug', '0', 'en_us', ' do not delete ');
INSERT INTO `craft_searchindex` (`elementId`, `attribute`, `fieldId`, `locale`, `keywords`) VALUES ('72', 'field', '23', 'en_us', '');
INSERT INTO `craft_searchindex` (`elementId`, `attribute`, `fieldId`, `locale`, `keywords`) VALUES ('72', 'field', '22', 'en_us', '');
INSERT INTO `craft_searchindex` (`elementId`, `attribute`, `fieldId`, `locale`, `keywords`) VALUES ('72', 'field', '1', 'en_us', '');
INSERT INTO `craft_searchindex` (`elementId`, `attribute`, `fieldId`, `locale`, `keywords`) VALUES ('72', 'field', '6', 'en_us', ' june 23 27 ');
INSERT INTO `craft_searchindex` (`elementId`, `attribute`, `fieldId`, `locale`, `keywords`) VALUES ('72', 'field', '4', 'en_us', '');
INSERT INTO `craft_searchindex` (`elementId`, `attribute`, `fieldId`, `locale`, `keywords`) VALUES ('72', 'field', '3', 'en_us', '');
INSERT INTO `craft_searchindex` (`elementId`, `attribute`, `fieldId`, `locale`, `keywords`) VALUES ('2', 'field', '25', 'en_us', ' this workshop is for anyone that wants to write a song that counts for ourselves for the people or pets we love and for the world our songs can be funny heavy catchy or sappy we ll just be looking for ways to say what we really want to say songwriting songwriting morning yog morning yog inspiration inspiration singing singing excellent vegetarian meals excellent vegetarian meals sweeping views of the hudson river sweeping views of the hudson river please join me at the beautiful garrison institute for five days of jun 23 to 27 2015 august 29 to september 2 2015 writing a song that matters garrison new york photo dar hudsonx3 songs 2x quote1 ');
INSERT INTO `craft_searchindex` (`elementId`, `attribute`, `fieldId`, `locale`, `keywords`) VALUES ('46', 'field', '36', 'en_us', ' hudsonx3 ');
INSERT INTO `craft_searchindex` (`elementId`, `attribute`, `fieldId`, `locale`, `keywords`) VALUES ('46', 'field', '26', 'en_us', ' writing a song that matters ');
INSERT INTO `craft_searchindex` (`elementId`, `attribute`, `fieldId`, `locale`, `keywords`) VALUES ('46', 'field', '27', 'en_us', ' jun 23 to 27 2015 ');
INSERT INTO `craft_searchindex` (`elementId`, `attribute`, `fieldId`, `locale`, `keywords`) VALUES ('46', 'field', '28', 'en_us', ' august 29 to september 2 2015 ');
INSERT INTO `craft_searchindex` (`elementId`, `attribute`, `fieldId`, `locale`, `keywords`) VALUES ('46', 'field', '29', 'en_us', ' garrison new york ');
INSERT INTO `craft_searchindex` (`elementId`, `attribute`, `fieldId`, `locale`, `keywords`) VALUES ('46', 'field', '30', 'en_us', ' this workshop is for anyone that wants to write a song that counts for ourselves for the people or pets we love and for the world our songs can be funny heavy catchy or sappy we ll just be looking for ways to say what we really want to say ');
INSERT INTO `craft_searchindex` (`elementId`, `attribute`, `fieldId`, `locale`, `keywords`) VALUES ('46', 'field', '31', 'en_us', ' photo ');
INSERT INTO `craft_searchindex` (`elementId`, `attribute`, `fieldId`, `locale`, `keywords`) VALUES ('46', 'field', '32', 'en_us', ' songs 2x ');
INSERT INTO `craft_searchindex` (`elementId`, `attribute`, `fieldId`, `locale`, `keywords`) VALUES ('46', 'field', '33', 'en_us', ' dar ');
INSERT INTO `craft_searchindex` (`elementId`, `attribute`, `fieldId`, `locale`, `keywords`) VALUES ('46', 'field', '34', 'en_us', ' quote1 ');
INSERT INTO `craft_searchindex` (`elementId`, `attribute`, `fieldId`, `locale`, `keywords`) VALUES ('79', 'extension', '0', 'en_us', ' jpg ');
INSERT INTO `craft_searchindex` (`elementId`, `attribute`, `fieldId`, `locale`, `keywords`) VALUES ('46', 'field', '35', 'en_us', ' w 2013 ');
INSERT INTO `craft_searchindex` (`elementId`, `attribute`, `fieldId`, `locale`, `keywords`) VALUES ('46', 'slug', '0', 'en_us', '');
INSERT INTO `craft_searchindex` (`elementId`, `attribute`, `fieldId`, `locale`, `keywords`) VALUES ('2', 'field', '24', 'en_us', '');
INSERT INTO `craft_searchindex` (`elementId`, `attribute`, `fieldId`, `locale`, `keywords`) VALUES ('47', 'filename', '0', 'en_us', ' url 1 jpg ');
INSERT INTO `craft_searchindex` (`elementId`, `attribute`, `fieldId`, `locale`, `keywords`) VALUES ('47', 'extension', '0', 'en_us', ' jpg ');
INSERT INTO `craft_searchindex` (`elementId`, `attribute`, `fieldId`, `locale`, `keywords`) VALUES ('47', 'kind', '0', 'en_us', ' image ');
INSERT INTO `craft_searchindex` (`elementId`, `attribute`, `fieldId`, `locale`, `keywords`) VALUES ('47', 'slug', '0', 'en_us', '');
INSERT INTO `craft_searchindex` (`elementId`, `attribute`, `fieldId`, `locale`, `keywords`) VALUES ('47', 'title', '0', 'en_us', ' url 1 ');
INSERT INTO `craft_searchindex` (`elementId`, `attribute`, `fieldId`, `locale`, `keywords`) VALUES ('48', 'filename', '0', 'en_us', ' url 2 jpg ');
INSERT INTO `craft_searchindex` (`elementId`, `attribute`, `fieldId`, `locale`, `keywords`) VALUES ('48', 'extension', '0', 'en_us', ' jpg ');
INSERT INTO `craft_searchindex` (`elementId`, `attribute`, `fieldId`, `locale`, `keywords`) VALUES ('48', 'kind', '0', 'en_us', ' image ');
INSERT INTO `craft_searchindex` (`elementId`, `attribute`, `fieldId`, `locale`, `keywords`) VALUES ('48', 'slug', '0', 'en_us', '');
INSERT INTO `craft_searchindex` (`elementId`, `attribute`, `fieldId`, `locale`, `keywords`) VALUES ('48', 'title', '0', 'en_us', ' url 2 ');
INSERT INTO `craft_searchindex` (`elementId`, `attribute`, `fieldId`, `locale`, `keywords`) VALUES ('49', 'slug', '0', 'en_us', '');
INSERT INTO `craft_searchindex` (`elementId`, `attribute`, `fieldId`, `locale`, `keywords`) VALUES ('49', 'field', '24', 'en_us', ' url 2 ');
INSERT INTO `craft_searchindex` (`elementId`, `attribute`, `fieldId`, `locale`, `keywords`) VALUES ('52', 'filename', '0', 'en_us', ' dar jpg ');
INSERT INTO `craft_searchindex` (`elementId`, `attribute`, `fieldId`, `locale`, `keywords`) VALUES ('52', 'extension', '0', 'en_us', ' jpg ');
INSERT INTO `craft_searchindex` (`elementId`, `attribute`, `fieldId`, `locale`, `keywords`) VALUES ('52', 'kind', '0', 'en_us', ' image ');
INSERT INTO `craft_searchindex` (`elementId`, `attribute`, `fieldId`, `locale`, `keywords`) VALUES ('52', 'slug', '0', 'en_us', '');
INSERT INTO `craft_searchindex` (`elementId`, `attribute`, `fieldId`, `locale`, `keywords`) VALUES ('52', 'title', '0', 'en_us', ' dar ');
INSERT INTO `craft_searchindex` (`elementId`, `attribute`, `fieldId`, `locale`, `keywords`) VALUES ('53', 'filename', '0', 'en_us', ' images_1 jpg ');
INSERT INTO `craft_searchindex` (`elementId`, `attribute`, `fieldId`, `locale`, `keywords`) VALUES ('53', 'extension', '0', 'en_us', ' jpg ');
INSERT INTO `craft_searchindex` (`elementId`, `attribute`, `fieldId`, `locale`, `keywords`) VALUES ('53', 'kind', '0', 'en_us', ' image ');
INSERT INTO `craft_searchindex` (`elementId`, `attribute`, `fieldId`, `locale`, `keywords`) VALUES ('53', 'slug', '0', 'en_us', '');
INSERT INTO `craft_searchindex` (`elementId`, `attribute`, `fieldId`, `locale`, `keywords`) VALUES ('53', 'title', '0', 'en_us', ' images 1 ');
INSERT INTO `craft_searchindex` (`elementId`, `attribute`, `fieldId`, `locale`, `keywords`) VALUES ('54', 'filename', '0', 'en_us', ' mondayjam03 jpg ');
INSERT INTO `craft_searchindex` (`elementId`, `attribute`, `fieldId`, `locale`, `keywords`) VALUES ('54', 'extension', '0', 'en_us', ' jpg ');
INSERT INTO `craft_searchindex` (`elementId`, `attribute`, `fieldId`, `locale`, `keywords`) VALUES ('54', 'kind', '0', 'en_us', ' image ');
INSERT INTO `craft_searchindex` (`elementId`, `attribute`, `fieldId`, `locale`, `keywords`) VALUES ('54', 'slug', '0', 'en_us', '');
INSERT INTO `craft_searchindex` (`elementId`, `attribute`, `fieldId`, `locale`, `keywords`) VALUES ('54', 'title', '0', 'en_us', ' mondayjam03 ');
INSERT INTO `craft_searchindex` (`elementId`, `attribute`, `fieldId`, `locale`, `keywords`) VALUES ('46', 'field', '45', 'en_us', ' please join me at the beautiful garrison institute for five days of ');
INSERT INTO `craft_searchindex` (`elementId`, `attribute`, `fieldId`, `locale`, `keywords`) VALUES ('46', 'field', '46', 'en_us', ' songwriting songwriting morning yog morning yog inspiration inspiration ');
INSERT INTO `craft_searchindex` (`elementId`, `attribute`, `fieldId`, `locale`, `keywords`) VALUES ('46', 'field', '47', 'en_us', ' singing singing excellent vegetarian meals excellent vegetarian meals sweeping views of the hudson river sweeping views of the hudson river ');
INSERT INTO `craft_searchindex` (`elementId`, `attribute`, `fieldId`, `locale`, `keywords`) VALUES ('55', 'filename', '0', 'en_us', ' depositphotos_8066722 colorful abstract hand drawn pattern waves background jpg ');
INSERT INTO `craft_searchindex` (`elementId`, `attribute`, `fieldId`, `locale`, `keywords`) VALUES ('55', 'extension', '0', 'en_us', ' jpg ');
INSERT INTO `craft_searchindex` (`elementId`, `attribute`, `fieldId`, `locale`, `keywords`) VALUES ('55', 'kind', '0', 'en_us', ' image ');
INSERT INTO `craft_searchindex` (`elementId`, `attribute`, `fieldId`, `locale`, `keywords`) VALUES ('55', 'slug', '0', 'en_us', '');
INSERT INTO `craft_searchindex` (`elementId`, `attribute`, `fieldId`, `locale`, `keywords`) VALUES ('55', 'title', '0', 'en_us', ' depositphotos 8066722 colorful abstract hand drawn pattern waves background ');
INSERT INTO `craft_searchindex` (`elementId`, `attribute`, `fieldId`, `locale`, `keywords`) VALUES ('2', 'field', '37', 'en_us', ' we ll explore everything from the bag of tricks we use in songwriting to discussions of why we need to write in the first place how we can stay the course in writing and how we can finish our songs no matter how discouraging the voices in our heads might be please fill in the application including a note about why you d like to attend and we ll let you know asap if you re in space is limited to 32 people you don t have to send a song but i ask that you have completed one whole song at some point in your life it s important for me to know that you have experienced that spark of excitement about songwriting a trunkful of half written songs is fine too i will be joined by musicians who will be around and available for one on one help tweaking lyrics and coming up with interesting music twists i m looking forward to it see you soon best dar early bird deadline is april 10 if there are still slots open after march 20th those registrants will sign up at regular pricing all applications need to be in by may 1 first retreat june 23 27 single rooms and shared baths there are no locks on the doors but there are places to keep valuables we do have cell reception you don t have to bring your car if you can get to the mta s metro north railroad hudson line metro north is the excellent commuter train out of new york city you can take the train along the hudson river to garrison and be driven right to the institute a mile away lodging is simple pattern home 2x circle 2x 1 plant 2x pricing workshop meals lodging quote2 first retreat monday june 23 10am 1pmsecond retreat friday august 29 10am 1pmwe ll meet for lunch and get started at 1 pm room check out is on friday june 27 and tuesday september 2 respectively we will end in the late morning early bird registration $1500 regular registration $1700 registration early bird deadline is may 10 all applications need to be in by july 1 same pricing is in place for each retreat seoncd retreat august 29 september 2 ');
INSERT INTO `craft_searchindex` (`elementId`, `attribute`, `fieldId`, `locale`, `keywords`) VALUES ('91', 'slug', '0', 'en_us', '');
INSERT INTO `craft_searchindex` (`elementId`, `attribute`, `fieldId`, `locale`, `keywords`) VALUES ('84', 'filename', '0', 'en_us', ' quote1 png ');
INSERT INTO `craft_searchindex` (`elementId`, `attribute`, `fieldId`, `locale`, `keywords`) VALUES ('80', 'filename', '0', 'en_us', ' unnamed jpg ');
INSERT INTO `craft_searchindex` (`elementId`, `attribute`, `fieldId`, `locale`, `keywords`) VALUES ('56', 'field', '40', 'en_us', ' pattern home 2x ');
INSERT INTO `craft_searchindex` (`elementId`, `attribute`, `fieldId`, `locale`, `keywords`) VALUES ('91', 'kind', '0', 'en_us', ' image ');
INSERT INTO `craft_searchindex` (`elementId`, `attribute`, `fieldId`, `locale`, `keywords`) VALUES ('56', 'field', '41', 'en_us', ' we ll explore everything from the bag of tricks we use in songwriting to discussions of why we need to write in the first place how we can stay the course in writing and how we can finish our songs no matter how discouraging the voices in our heads might be please fill in the application including a note about why you d like to attend and we ll let you know asap if you re in space is limited to 32 people you don t have to send a song but i ask that you have completed one whole song at some point in your life it s important for me to know that you have experienced that spark of excitement about songwriting a trunkful of half written songs is fine too i will be joined by musicians who will be around and available for one on one help tweaking lyrics and coming up with interesting music twists i m looking forward to it see you soon best dar ');
INSERT INTO `craft_searchindex` (`elementId`, `attribute`, `fieldId`, `locale`, `keywords`) VALUES ('56', 'field', '42', 'en_us', ' pricing workshop meals lodging ');
INSERT INTO `craft_searchindex` (`elementId`, `attribute`, `fieldId`, `locale`, `keywords`) VALUES ('56', 'field', '43', 'en_us', ' early bird deadline is april 10 if there are still slots open after march 20th those registrants will sign up at regular pricing all applications need to be in by may 1 ');
INSERT INTO `craft_searchindex` (`elementId`, `attribute`, `fieldId`, `locale`, `keywords`) VALUES ('56', 'field', '44', 'en_us', ' early bird deadline is may 10 all applications need to be in by july 1 same pricing is in place for each retreat ');
INSERT INTO `craft_searchindex` (`elementId`, `attribute`, `fieldId`, `locale`, `keywords`) VALUES ('56', 'field', '48', 'en_us', ' quote2 ');
INSERT INTO `craft_searchindex` (`elementId`, `attribute`, `fieldId`, `locale`, `keywords`) VALUES ('79', 'filename', '0', 'en_us', ' unnamed 7 jpg ');
INSERT INTO `craft_searchindex` (`elementId`, `attribute`, `fieldId`, `locale`, `keywords`) VALUES ('56', 'field', '49', 'en_us', ' depositphotos 8066722 colorful abstract hand drawn pattern waves background ');
INSERT INTO `craft_searchindex` (`elementId`, `attribute`, `fieldId`, `locale`, `keywords`) VALUES ('56', 'field', '50', 'en_us', ' circle 2x 1 ');
INSERT INTO `craft_searchindex` (`elementId`, `attribute`, `fieldId`, `locale`, `keywords`) VALUES ('56', 'field', '51', 'en_us', ' plant 2x ');
INSERT INTO `craft_searchindex` (`elementId`, `attribute`, `fieldId`, `locale`, `keywords`) VALUES ('56', 'slug', '0', 'en_us', '');
INSERT INTO `craft_searchindex` (`elementId`, `attribute`, `fieldId`, `locale`, `keywords`) VALUES ('56', 'field', '52', 'en_us', ' early bird registration $1500 regular registration $1700 ');
INSERT INTO `craft_searchindex` (`elementId`, `attribute`, `fieldId`, `locale`, `keywords`) VALUES ('56', 'field', '53', 'en_us', ' first retreat june 23 27 ');
INSERT INTO `craft_searchindex` (`elementId`, `attribute`, `fieldId`, `locale`, `keywords`) VALUES ('56', 'field', '54', 'en_us', ' seoncd retreat august 29 september 2 ');
INSERT INTO `craft_searchindex` (`elementId`, `attribute`, `fieldId`, `locale`, `keywords`) VALUES ('56', 'field', '55', 'en_us', ' lodging is simple ');
INSERT INTO `craft_searchindex` (`elementId`, `attribute`, `fieldId`, `locale`, `keywords`) VALUES ('56', 'field', '56', 'en_us', ' single rooms and shared baths there are no locks on the doors but there are places to keep valuables we do have cell reception you don t have to bring your car if you can get to the mta s metro north railroad hudson line metro north is the excellent commuter train out of new york city you can take the train along the hudson river to garrison and be driven right to the institute a mile away ');
INSERT INTO `craft_searchindex` (`elementId`, `attribute`, `fieldId`, `locale`, `keywords`) VALUES ('56', 'field', '57', 'en_us', ' registration ');
INSERT INTO `craft_searchindex` (`elementId`, `attribute`, `fieldId`, `locale`, `keywords`) VALUES ('56', 'field', '58', 'en_us', ' first retreat monday june 23 10am 1pmsecond retreat friday august 29 10am 1pmwe ll meet for lunch and get started at 1 pm room check out is on friday june 27 and tuesday september 2 respectively we will end in the late morning ');
INSERT INTO `craft_searchindex` (`elementId`, `attribute`, `fieldId`, `locale`, `keywords`) VALUES ('57', 'filename', '0', 'en_us', ' 14811_10152190694115200_721199229_n jpg ');
INSERT INTO `craft_searchindex` (`elementId`, `attribute`, `fieldId`, `locale`, `keywords`) VALUES ('57', 'extension', '0', 'en_us', ' jpg ');
INSERT INTO `craft_searchindex` (`elementId`, `attribute`, `fieldId`, `locale`, `keywords`) VALUES ('57', 'kind', '0', 'en_us', ' image ');
INSERT INTO `craft_searchindex` (`elementId`, `attribute`, `fieldId`, `locale`, `keywords`) VALUES ('57', 'slug', '0', 'en_us', '');
INSERT INTO `craft_searchindex` (`elementId`, `attribute`, `fieldId`, `locale`, `keywords`) VALUES ('57', 'title', '0', 'en_us', ' 14811 10152190694115200 721199229 n ');
INSERT INTO `craft_searchindex` (`elementId`, `attribute`, `fieldId`, `locale`, `keywords`) VALUES ('58', 'filename', '0', 'en_us', ' 8621_10152190693450200_1147085211_n jpg ');
INSERT INTO `craft_searchindex` (`elementId`, `attribute`, `fieldId`, `locale`, `keywords`) VALUES ('58', 'extension', '0', 'en_us', ' jpg ');
INSERT INTO `craft_searchindex` (`elementId`, `attribute`, `fieldId`, `locale`, `keywords`) VALUES ('58', 'kind', '0', 'en_us', ' image ');
INSERT INTO `craft_searchindex` (`elementId`, `attribute`, `fieldId`, `locale`, `keywords`) VALUES ('58', 'slug', '0', 'en_us', '');
INSERT INTO `craft_searchindex` (`elementId`, `attribute`, `fieldId`, `locale`, `keywords`) VALUES ('58', 'title', '0', 'en_us', ' 8621 10152190693450200 1147085211 n ');
INSERT INTO `craft_searchindex` (`elementId`, `attribute`, `fieldId`, `locale`, `keywords`) VALUES ('59', 'filename', '0', 'en_us', ' 20196_10152190693390200_1718773028_n jpg ');
INSERT INTO `craft_searchindex` (`elementId`, `attribute`, `fieldId`, `locale`, `keywords`) VALUES ('59', 'extension', '0', 'en_us', ' jpg ');
INSERT INTO `craft_searchindex` (`elementId`, `attribute`, `fieldId`, `locale`, `keywords`) VALUES ('59', 'kind', '0', 'en_us', ' image ');
INSERT INTO `craft_searchindex` (`elementId`, `attribute`, `fieldId`, `locale`, `keywords`) VALUES ('59', 'slug', '0', 'en_us', '');
INSERT INTO `craft_searchindex` (`elementId`, `attribute`, `fieldId`, `locale`, `keywords`) VALUES ('59', 'title', '0', 'en_us', ' 20196 10152190693390200 1718773028 n ');
INSERT INTO `craft_searchindex` (`elementId`, `attribute`, `fieldId`, `locale`, `keywords`) VALUES ('60', 'filename', '0', 'en_us', ' 64314_10152195874265200_1573639032_n jpg ');
INSERT INTO `craft_searchindex` (`elementId`, `attribute`, `fieldId`, `locale`, `keywords`) VALUES ('60', 'extension', '0', 'en_us', ' jpg ');
INSERT INTO `craft_searchindex` (`elementId`, `attribute`, `fieldId`, `locale`, `keywords`) VALUES ('60', 'kind', '0', 'en_us', ' image ');
INSERT INTO `craft_searchindex` (`elementId`, `attribute`, `fieldId`, `locale`, `keywords`) VALUES ('60', 'slug', '0', 'en_us', '');
INSERT INTO `craft_searchindex` (`elementId`, `attribute`, `fieldId`, `locale`, `keywords`) VALUES ('60', 'title', '0', 'en_us', ' 64314 10152195874265200 1573639032 n ');
INSERT INTO `craft_searchindex` (`elementId`, `attribute`, `fieldId`, `locale`, `keywords`) VALUES ('61', 'filename', '0', 'en_us', ' 999878_10152198745200200_1618984292_n jpg ');
INSERT INTO `craft_searchindex` (`elementId`, `attribute`, `fieldId`, `locale`, `keywords`) VALUES ('61', 'extension', '0', 'en_us', ' jpg ');
INSERT INTO `craft_searchindex` (`elementId`, `attribute`, `fieldId`, `locale`, `keywords`) VALUES ('61', 'kind', '0', 'en_us', ' image ');
INSERT INTO `craft_searchindex` (`elementId`, `attribute`, `fieldId`, `locale`, `keywords`) VALUES ('61', 'slug', '0', 'en_us', '');
INSERT INTO `craft_searchindex` (`elementId`, `attribute`, `fieldId`, `locale`, `keywords`) VALUES ('61', 'title', '0', 'en_us', ' 999878 10152198745200200 1618984292 n ');
INSERT INTO `craft_searchindex` (`elementId`, `attribute`, `fieldId`, `locale`, `keywords`) VALUES ('62', 'filename', '0', 'en_us', ' 1004824_10152198745220200_590428424_n jpg ');
INSERT INTO `craft_searchindex` (`elementId`, `attribute`, `fieldId`, `locale`, `keywords`) VALUES ('62', 'extension', '0', 'en_us', ' jpg ');
INSERT INTO `craft_searchindex` (`elementId`, `attribute`, `fieldId`, `locale`, `keywords`) VALUES ('62', 'kind', '0', 'en_us', ' image ');
INSERT INTO `craft_searchindex` (`elementId`, `attribute`, `fieldId`, `locale`, `keywords`) VALUES ('62', 'slug', '0', 'en_us', '');
INSERT INTO `craft_searchindex` (`elementId`, `attribute`, `fieldId`, `locale`, `keywords`) VALUES ('62', 'title', '0', 'en_us', ' 1004824 10152198745220200 590428424 n ');
INSERT INTO `craft_searchindex` (`elementId`, `attribute`, `fieldId`, `locale`, `keywords`) VALUES ('63', 'filename', '0', 'en_us', ' 1003034_10152198744515200_1730256244_n_2 jpeg ');
INSERT INTO `craft_searchindex` (`elementId`, `attribute`, `fieldId`, `locale`, `keywords`) VALUES ('63', 'extension', '0', 'en_us', ' jpeg ');
INSERT INTO `craft_searchindex` (`elementId`, `attribute`, `fieldId`, `locale`, `keywords`) VALUES ('63', 'kind', '0', 'en_us', ' image ');
INSERT INTO `craft_searchindex` (`elementId`, `attribute`, `fieldId`, `locale`, `keywords`) VALUES ('63', 'slug', '0', 'en_us', '');
INSERT INTO `craft_searchindex` (`elementId`, `attribute`, `fieldId`, `locale`, `keywords`) VALUES ('63', 'title', '0', 'en_us', ' 1003034 10152198744515200 1730256244 n 2 ');
INSERT INTO `craft_searchindex` (`elementId`, `attribute`, `fieldId`, `locale`, `keywords`) VALUES ('64', 'filename', '0', 'en_us', ' img_4106 jpeg ');
INSERT INTO `craft_searchindex` (`elementId`, `attribute`, `fieldId`, `locale`, `keywords`) VALUES ('64', 'extension', '0', 'en_us', ' jpeg ');
INSERT INTO `craft_searchindex` (`elementId`, `attribute`, `fieldId`, `locale`, `keywords`) VALUES ('64', 'kind', '0', 'en_us', ' image ');
INSERT INTO `craft_searchindex` (`elementId`, `attribute`, `fieldId`, `locale`, `keywords`) VALUES ('64', 'slug', '0', 'en_us', '');
INSERT INTO `craft_searchindex` (`elementId`, `attribute`, `fieldId`, `locale`, `keywords`) VALUES ('64', 'title', '0', 'en_us', ' img 4106 ');
INSERT INTO `craft_searchindex` (`elementId`, `attribute`, `fieldId`, `locale`, `keywords`) VALUES ('65', 'filename', '0', 'en_us', ' img_4119 version 2 jpeg ');
INSERT INTO `craft_searchindex` (`elementId`, `attribute`, `fieldId`, `locale`, `keywords`) VALUES ('65', 'extension', '0', 'en_us', ' jpeg ');
INSERT INTO `craft_searchindex` (`elementId`, `attribute`, `fieldId`, `locale`, `keywords`) VALUES ('65', 'kind', '0', 'en_us', ' image ');
INSERT INTO `craft_searchindex` (`elementId`, `attribute`, `fieldId`, `locale`, `keywords`) VALUES ('65', 'slug', '0', 'en_us', '');
INSERT INTO `craft_searchindex` (`elementId`, `attribute`, `fieldId`, `locale`, `keywords`) VALUES ('65', 'title', '0', 'en_us', ' img 4119 version 2 ');
INSERT INTO `craft_searchindex` (`elementId`, `attribute`, `fieldId`, `locale`, `keywords`) VALUES ('66', 'filename', '0', 'en_us', ' img_4121_2 jpeg ');
INSERT INTO `craft_searchindex` (`elementId`, `attribute`, `fieldId`, `locale`, `keywords`) VALUES ('66', 'extension', '0', 'en_us', ' jpeg ');
INSERT INTO `craft_searchindex` (`elementId`, `attribute`, `fieldId`, `locale`, `keywords`) VALUES ('66', 'kind', '0', 'en_us', ' image ');
INSERT INTO `craft_searchindex` (`elementId`, `attribute`, `fieldId`, `locale`, `keywords`) VALUES ('66', 'slug', '0', 'en_us', ' img 4121 2 ');
INSERT INTO `craft_searchindex` (`elementId`, `attribute`, `fieldId`, `locale`, `keywords`) VALUES ('66', 'title', '0', 'en_us', ' img 4121 2 ');
INSERT INTO `craft_searchindex` (`elementId`, `attribute`, `fieldId`, `locale`, `keywords`) VALUES ('67', 'filename', '0', 'en_us', ' img_4532 jpeg ');
INSERT INTO `craft_searchindex` (`elementId`, `attribute`, `fieldId`, `locale`, `keywords`) VALUES ('67', 'extension', '0', 'en_us', ' jpeg ');
INSERT INTO `craft_searchindex` (`elementId`, `attribute`, `fieldId`, `locale`, `keywords`) VALUES ('67', 'kind', '0', 'en_us', ' image ');
INSERT INTO `craft_searchindex` (`elementId`, `attribute`, `fieldId`, `locale`, `keywords`) VALUES ('67', 'slug', '0', 'en_us', '');
INSERT INTO `craft_searchindex` (`elementId`, `attribute`, `fieldId`, `locale`, `keywords`) VALUES ('67', 'title', '0', 'en_us', ' img 4532 ');
INSERT INTO `craft_searchindex` (`elementId`, `attribute`, `fieldId`, `locale`, `keywords`) VALUES ('68', 'filename', '0', 'en_us', ' img_4576 jpeg ');
INSERT INTO `craft_searchindex` (`elementId`, `attribute`, `fieldId`, `locale`, `keywords`) VALUES ('68', 'extension', '0', 'en_us', ' jpeg ');
INSERT INTO `craft_searchindex` (`elementId`, `attribute`, `fieldId`, `locale`, `keywords`) VALUES ('68', 'kind', '0', 'en_us', ' image ');
INSERT INTO `craft_searchindex` (`elementId`, `attribute`, `fieldId`, `locale`, `keywords`) VALUES ('68', 'slug', '0', 'en_us', '');
INSERT INTO `craft_searchindex` (`elementId`, `attribute`, `fieldId`, `locale`, `keywords`) VALUES ('68', 'title', '0', 'en_us', ' img 4576 ');
INSERT INTO `craft_searchindex` (`elementId`, `attribute`, `fieldId`, `locale`, `keywords`) VALUES ('69', 'filename', '0', 'en_us', ' img_5159 jpeg ');
INSERT INTO `craft_searchindex` (`elementId`, `attribute`, `fieldId`, `locale`, `keywords`) VALUES ('69', 'extension', '0', 'en_us', ' jpeg ');
INSERT INTO `craft_searchindex` (`elementId`, `attribute`, `fieldId`, `locale`, `keywords`) VALUES ('69', 'kind', '0', 'en_us', ' image ');
INSERT INTO `craft_searchindex` (`elementId`, `attribute`, `fieldId`, `locale`, `keywords`) VALUES ('69', 'slug', '0', 'en_us', '');
INSERT INTO `craft_searchindex` (`elementId`, `attribute`, `fieldId`, `locale`, `keywords`) VALUES ('69', 'title', '0', 'en_us', ' img 5159 ');
INSERT INTO `craft_searchindex` (`elementId`, `attribute`, `fieldId`, `locale`, `keywords`) VALUES ('70', 'filename', '0', 'en_us', ' p1020201 jpg ');
INSERT INTO `craft_searchindex` (`elementId`, `attribute`, `fieldId`, `locale`, `keywords`) VALUES ('70', 'extension', '0', 'en_us', ' jpg ');
INSERT INTO `craft_searchindex` (`elementId`, `attribute`, `fieldId`, `locale`, `keywords`) VALUES ('70', 'kind', '0', 'en_us', ' image ');
INSERT INTO `craft_searchindex` (`elementId`, `attribute`, `fieldId`, `locale`, `keywords`) VALUES ('70', 'slug', '0', 'en_us', '');
INSERT INTO `craft_searchindex` (`elementId`, `attribute`, `fieldId`, `locale`, `keywords`) VALUES ('70', 'title', '0', 'en_us', ' p1020201 ');
INSERT INTO `craft_searchindex` (`elementId`, `attribute`, `fieldId`, `locale`, `keywords`) VALUES ('71', 'filename', '0', 'en_us', ' photo_27 jpeg ');
INSERT INTO `craft_searchindex` (`elementId`, `attribute`, `fieldId`, `locale`, `keywords`) VALUES ('71', 'extension', '0', 'en_us', ' jpeg ');
INSERT INTO `craft_searchindex` (`elementId`, `attribute`, `fieldId`, `locale`, `keywords`) VALUES ('71', 'kind', '0', 'en_us', ' image ');
INSERT INTO `craft_searchindex` (`elementId`, `attribute`, `fieldId`, `locale`, `keywords`) VALUES ('71', 'slug', '0', 'en_us', '');
INSERT INTO `craft_searchindex` (`elementId`, `attribute`, `fieldId`, `locale`, `keywords`) VALUES ('71', 'title', '0', 'en_us', ' photo 27 ');
INSERT INTO `craft_searchindex` (`elementId`, `attribute`, `fieldId`, `locale`, `keywords`) VALUES ('89', 'filename', '0', 'en_us', ' pattern home 2x png ');
INSERT INTO `craft_searchindex` (`elementId`, `attribute`, `fieldId`, `locale`, `keywords`) VALUES ('89', 'extension', '0', 'en_us', ' png ');
INSERT INTO `craft_searchindex` (`elementId`, `attribute`, `fieldId`, `locale`, `keywords`) VALUES ('89', 'kind', '0', 'en_us', ' image ');
INSERT INTO `craft_searchindex` (`elementId`, `attribute`, `fieldId`, `locale`, `keywords`) VALUES ('89', 'slug', '0', 'en_us', '');
INSERT INTO `craft_searchindex` (`elementId`, `attribute`, `fieldId`, `locale`, `keywords`) VALUES ('89', 'title', '0', 'en_us', ' pattern home 2x ');
INSERT INTO `craft_searchindex` (`elementId`, `attribute`, `fieldId`, `locale`, `keywords`) VALUES ('91', 'extension', '0', 'en_us', ' jpg ');
INSERT INTO `craft_searchindex` (`elementId`, `attribute`, `fieldId`, `locale`, `keywords`) VALUES ('91', 'filename', '0', 'en_us', ' unnamed 1_1 jpg ');
INSERT INTO `craft_searchindex` (`elementId`, `attribute`, `fieldId`, `locale`, `keywords`) VALUES ('91', 'title', '0', 'en_us', ' unnamed 1 1 ');
INSERT INTO `craft_searchindex` (`elementId`, `attribute`, `fieldId`, `locale`, `keywords`) VALUES ('92', 'filename', '0', 'en_us', ' unnamed 2 jpg ');
INSERT INTO `craft_searchindex` (`elementId`, `attribute`, `fieldId`, `locale`, `keywords`) VALUES ('92', 'extension', '0', 'en_us', ' jpg ');
INSERT INTO `craft_searchindex` (`elementId`, `attribute`, `fieldId`, `locale`, `keywords`) VALUES ('92', 'kind', '0', 'en_us', ' image ');
INSERT INTO `craft_searchindex` (`elementId`, `attribute`, `fieldId`, `locale`, `keywords`) VALUES ('92', 'slug', '0', 'en_us', '');
INSERT INTO `craft_searchindex` (`elementId`, `attribute`, `fieldId`, `locale`, `keywords`) VALUES ('92', 'title', '0', 'en_us', ' unnamed 2 ');
INSERT INTO `craft_searchindex` (`elementId`, `attribute`, `fieldId`, `locale`, `keywords`) VALUES ('93', 'filename', '0', 'en_us', ' unnamed 1_2 jpg ');
INSERT INTO `craft_searchindex` (`elementId`, `attribute`, `fieldId`, `locale`, `keywords`) VALUES ('93', 'extension', '0', 'en_us', ' jpg ');
INSERT INTO `craft_searchindex` (`elementId`, `attribute`, `fieldId`, `locale`, `keywords`) VALUES ('93', 'kind', '0', 'en_us', ' image ');
INSERT INTO `craft_searchindex` (`elementId`, `attribute`, `fieldId`, `locale`, `keywords`) VALUES ('93', 'slug', '0', 'en_us', '');
INSERT INTO `craft_searchindex` (`elementId`, `attribute`, `fieldId`, `locale`, `keywords`) VALUES ('93', 'title', '0', 'en_us', ' unnamed 1 2 ');
INSERT INTO `craft_searchindex` (`elementId`, `attribute`, `fieldId`, `locale`, `keywords`) VALUES ('94', 'filename', '0', 'en_us', ' circle 2x png ');
INSERT INTO `craft_searchindex` (`elementId`, `attribute`, `fieldId`, `locale`, `keywords`) VALUES ('94', 'extension', '0', 'en_us', ' png ');
INSERT INTO `craft_searchindex` (`elementId`, `attribute`, `fieldId`, `locale`, `keywords`) VALUES ('94', 'kind', '0', 'en_us', ' image ');
INSERT INTO `craft_searchindex` (`elementId`, `attribute`, `fieldId`, `locale`, `keywords`) VALUES ('94', 'slug', '0', 'en_us', '');
INSERT INTO `craft_searchindex` (`elementId`, `attribute`, `fieldId`, `locale`, `keywords`) VALUES ('94', 'title', '0', 'en_us', ' circle 2x ');
INSERT INTO `craft_searchindex` (`elementId`, `attribute`, `fieldId`, `locale`, `keywords`) VALUES ('97', 'filename', '0', 'en_us', ' plant 2x png ');
INSERT INTO `craft_searchindex` (`elementId`, `attribute`, `fieldId`, `locale`, `keywords`) VALUES ('95', 'filename', '0', 'en_us', ' songs 2x png ');
INSERT INTO `craft_searchindex` (`elementId`, `attribute`, `fieldId`, `locale`, `keywords`) VALUES ('95', 'extension', '0', 'en_us', ' png ');
INSERT INTO `craft_searchindex` (`elementId`, `attribute`, `fieldId`, `locale`, `keywords`) VALUES ('95', 'kind', '0', 'en_us', ' image ');
INSERT INTO `craft_searchindex` (`elementId`, `attribute`, `fieldId`, `locale`, `keywords`) VALUES ('95', 'slug', '0', 'en_us', '');
INSERT INTO `craft_searchindex` (`elementId`, `attribute`, `fieldId`, `locale`, `keywords`) VALUES ('95', 'title', '0', 'en_us', ' songs 2x ');
INSERT INTO `craft_searchindex` (`elementId`, `attribute`, `fieldId`, `locale`, `keywords`) VALUES ('96', 'filename', '0', 'en_us', ' circle 2x_1 png ');
INSERT INTO `craft_searchindex` (`elementId`, `attribute`, `fieldId`, `locale`, `keywords`) VALUES ('96', 'extension', '0', 'en_us', ' png ');
INSERT INTO `craft_searchindex` (`elementId`, `attribute`, `fieldId`, `locale`, `keywords`) VALUES ('96', 'kind', '0', 'en_us', ' image ');
INSERT INTO `craft_searchindex` (`elementId`, `attribute`, `fieldId`, `locale`, `keywords`) VALUES ('96', 'slug', '0', 'en_us', '');
INSERT INTO `craft_searchindex` (`elementId`, `attribute`, `fieldId`, `locale`, `keywords`) VALUES ('96', 'title', '0', 'en_us', ' circle 2x 1 ');
INSERT INTO `craft_searchindex` (`elementId`, `attribute`, `fieldId`, `locale`, `keywords`) VALUES ('97', 'extension', '0', 'en_us', ' png ');
INSERT INTO `craft_searchindex` (`elementId`, `attribute`, `fieldId`, `locale`, `keywords`) VALUES ('97', 'kind', '0', 'en_us', ' image ');
INSERT INTO `craft_searchindex` (`elementId`, `attribute`, `fieldId`, `locale`, `keywords`) VALUES ('97', 'slug', '0', 'en_us', '');
INSERT INTO `craft_searchindex` (`elementId`, `attribute`, `fieldId`, `locale`, `keywords`) VALUES ('97', 'title', '0', 'en_us', ' plant 2x ');
INSERT INTO `craft_searchindex` (`elementId`, `attribute`, `fieldId`, `locale`, `keywords`) VALUES ('99', 'fullname', '0', 'en_us', ' storm king ');
INSERT INTO `craft_searchindex` (`elementId`, `attribute`, `fieldId`, `locale`, `keywords`) VALUES ('99', 'field', '22', 'en_us', '');
INSERT INTO `craft_searchindex` (`elementId`, `attribute`, `fieldId`, `locale`, `keywords`) VALUES ('99', 'username', '0', 'en_us', ' stormkingretreat gmail com ');
INSERT INTO `craft_searchindex` (`elementId`, `attribute`, `fieldId`, `locale`, `keywords`) VALUES ('99', 'firstname', '0', 'en_us', ' storm ');
INSERT INTO `craft_searchindex` (`elementId`, `attribute`, `fieldId`, `locale`, `keywords`) VALUES ('99', 'lastname', '0', 'en_us', ' king ');
INSERT INTO `craft_searchindex` (`elementId`, `attribute`, `fieldId`, `locale`, `keywords`) VALUES ('99', 'email', '0', 'en_us', ' stormkingretreat gmail com ');
INSERT INTO `craft_searchindex` (`elementId`, `attribute`, `fieldId`, `locale`, `keywords`) VALUES ('99', 'slug', '0', 'en_us', '');
INSERT INTO `craft_searchindex` (`elementId`, `attribute`, `fieldId`, `locale`, `keywords`) VALUES ('100', 'filename', '0', 'en_us', ' ambassador of lonely mp3 ');
INSERT INTO `craft_searchindex` (`elementId`, `attribute`, `fieldId`, `locale`, `keywords`) VALUES ('100', 'extension', '0', 'en_us', ' mp3 ');
INSERT INTO `craft_searchindex` (`elementId`, `attribute`, `fieldId`, `locale`, `keywords`) VALUES ('100', 'kind', '0', 'en_us', ' audio ');
INSERT INTO `craft_searchindex` (`elementId`, `attribute`, `fieldId`, `locale`, `keywords`) VALUES ('100', 'slug', '0', 'en_us', '');
INSERT INTO `craft_searchindex` (`elementId`, `attribute`, `fieldId`, `locale`, `keywords`) VALUES ('100', 'title', '0', 'en_us', ' ambassador of lonely ');
INSERT INTO `craft_searchindex` (`elementId`, `attribute`, `fieldId`, `locale`, `keywords`) VALUES ('101', 'filename', '0', 'en_us', ' pineapple wallace stevens_1 doc ');
INSERT INTO `craft_searchindex` (`elementId`, `attribute`, `fieldId`, `locale`, `keywords`) VALUES ('101', 'extension', '0', 'en_us', ' doc ');
INSERT INTO `craft_searchindex` (`elementId`, `attribute`, `fieldId`, `locale`, `keywords`) VALUES ('101', 'kind', '0', 'en_us', ' word ');
INSERT INTO `craft_searchindex` (`elementId`, `attribute`, `fieldId`, `locale`, `keywords`) VALUES ('101', 'slug', '0', 'en_us', '');
INSERT INTO `craft_searchindex` (`elementId`, `attribute`, `fieldId`, `locale`, `keywords`) VALUES ('101', 'title', '0', 'en_us', ' pineapple wallace stevens 1 ');
INSERT INTO `craft_searchindex` (`elementId`, `attribute`, `fieldId`, `locale`, `keywords`) VALUES ('102', 'field', '3', 'en_us', ' sdajlskdjs alksjdlsakdj ');
INSERT INTO `craft_searchindex` (`elementId`, `attribute`, `fieldId`, `locale`, `keywords`) VALUES ('102', 'field', '4', 'en_us', ' 2345678 ');
INSERT INTO `craft_searchindex` (`elementId`, `attribute`, `fieldId`, `locale`, `keywords`) VALUES ('102', 'field', '6', 'en_us', ' june 23 27 ');
INSERT INTO `craft_searchindex` (`elementId`, `attribute`, `fieldId`, `locale`, `keywords`) VALUES ('102', 'field', '1', 'en_us', ' i am dumb and i liek songs be my friends i hate that show ');
INSERT INTO `craft_searchindex` (`elementId`, `attribute`, `fieldId`, `locale`, `keywords`) VALUES ('102', 'field', '22', 'en_us', ' ambassador of lonely ');
INSERT INTO `craft_searchindex` (`elementId`, `attribute`, `fieldId`, `locale`, `keywords`) VALUES ('102', 'field', '23', 'en_us', ' pineapple wallace stevens 1 ');
INSERT INTO `craft_searchindex` (`elementId`, `attribute`, `fieldId`, `locale`, `keywords`) VALUES ('102', 'slug', '0', 'en_us', '');
INSERT INTO `craft_searchindex` (`elementId`, `attribute`, `fieldId`, `locale`, `keywords`) VALUES ('102', 'title', '0', 'en_us', ' shayfer james ');
INSERT INTO `craft_searchindex` (`elementId`, `attribute`, `fieldId`, `locale`, `keywords`) VALUES ('103', 'filename', '0', 'en_us', ' carnival in harlem mp3 ');
INSERT INTO `craft_searchindex` (`elementId`, `attribute`, `fieldId`, `locale`, `keywords`) VALUES ('103', 'extension', '0', 'en_us', ' mp3 ');
INSERT INTO `craft_searchindex` (`elementId`, `attribute`, `fieldId`, `locale`, `keywords`) VALUES ('103', 'kind', '0', 'en_us', ' audio ');
INSERT INTO `craft_searchindex` (`elementId`, `attribute`, `fieldId`, `locale`, `keywords`) VALUES ('103', 'slug', '0', 'en_us', '');
INSERT INTO `craft_searchindex` (`elementId`, `attribute`, `fieldId`, `locale`, `keywords`) VALUES ('103', 'title', '0', 'en_us', ' carnival in harlem ');
INSERT INTO `craft_searchindex` (`elementId`, `attribute`, `fieldId`, `locale`, `keywords`) VALUES ('104', 'filename', '0', 'en_us', ' pineapple wallace stevens_2 doc ');
INSERT INTO `craft_searchindex` (`elementId`, `attribute`, `fieldId`, `locale`, `keywords`) VALUES ('104', 'extension', '0', 'en_us', ' doc ');
INSERT INTO `craft_searchindex` (`elementId`, `attribute`, `fieldId`, `locale`, `keywords`) VALUES ('104', 'kind', '0', 'en_us', ' word ');
INSERT INTO `craft_searchindex` (`elementId`, `attribute`, `fieldId`, `locale`, `keywords`) VALUES ('104', 'slug', '0', 'en_us', '');
INSERT INTO `craft_searchindex` (`elementId`, `attribute`, `fieldId`, `locale`, `keywords`) VALUES ('104', 'title', '0', 'en_us', ' pineapple wallace stevens 2 ');
INSERT INTO `craft_searchindex` (`elementId`, `attribute`, `fieldId`, `locale`, `keywords`) VALUES ('105', 'field', '3', 'en_us', ' kissyourfinch hey com ');
INSERT INTO `craft_searchindex` (`elementId`, `attribute`, `fieldId`, `locale`, `keywords`) VALUES ('105', 'field', '4', 'en_us', ' 9879871982 ');
INSERT INTO `craft_searchindex` (`elementId`, `attribute`, `fieldId`, `locale`, `keywords`) VALUES ('105', 'field', '6', 'en_us', ' june 23 27 ');
INSERT INTO `craft_searchindex` (`elementId`, `attribute`, `fieldId`, `locale`, `keywords`) VALUES ('105', 'field', '1', 'en_us', ' i know lots of stuff about finches don t worry its not weird ');
INSERT INTO `craft_searchindex` (`elementId`, `attribute`, `fieldId`, `locale`, `keywords`) VALUES ('105', 'field', '22', 'en_us', ' carnival in harlem ');
INSERT INTO `craft_searchindex` (`elementId`, `attribute`, `fieldId`, `locale`, `keywords`) VALUES ('105', 'field', '23', 'en_us', ' pineapple wallace stevens 2 ');
INSERT INTO `craft_searchindex` (`elementId`, `attribute`, `fieldId`, `locale`, `keywords`) VALUES ('105', 'slug', '0', 'en_us', '');
INSERT INTO `craft_searchindex` (`elementId`, `attribute`, `fieldId`, `locale`, `keywords`) VALUES ('105', 'title', '0', 'en_us', ' charles darwin ');



DROP TABLE IF EXISTS `craft_sections`;


--
-- Schema for table `craft_sections`
--
CREATE TABLE `craft_sections` (
  `id` int(11) NOT NULL AUTO_INCREMENT,
  `structureId` int(11) DEFAULT NULL,
  `name` varchar(255) COLLATE utf8_unicode_ci NOT NULL,
  `handle` varchar(255) COLLATE utf8_unicode_ci NOT NULL,
  `type` enum('single','channel','structure') COLLATE utf8_unicode_ci NOT NULL DEFAULT 'channel',
  `hasUrls` tinyint(1) unsigned NOT NULL DEFAULT '1',
  `template` varchar(500) COLLATE utf8_unicode_ci DEFAULT NULL,
  `enableVersioning` tinyint(1) unsigned NOT NULL DEFAULT '0',
  `dateCreated` datetime NOT NULL,
  `dateUpdated` datetime NOT NULL,
  `uid` char(36) COLLATE utf8_unicode_ci NOT NULL DEFAULT '0',
  PRIMARY KEY (`id`),
  UNIQUE KEY `craft_sections_name_unq_idx` (`name`),
  UNIQUE KEY `craft_sections_handle_unq_idx` (`handle`),
  KEY `craft_sections_structureId_fk` (`structureId`)
) ENGINE=InnoDB AUTO_INCREMENT=7 DEFAULT CHARSET=utf8 COLLATE=utf8_unicode_ci;

--
-- Data for table `craft_sections`
--

INSERT INTO `craft_sections` (`id`, `structureId`, `name`, `handle`, `type`, `hasUrls`, `template`, `enableVersioning`, `dateCreated`, `dateUpdated`, `uid`) VALUES ('1', NULL, 'Homepage', 'homepage', 'single', '1', 'index', '1', '2015-01-09 03:25:58', '2015-01-09 03:25:58', 'ce85e5f6-89c9-4fc3-8d0d-7d712b365044');
INSERT INTO `craft_sections` (`id`, `structureId`, `name`, `handle`, `type`, `hasUrls`, `template`, `enableVersioning`, `dateCreated`, `dateUpdated`, `uid`) VALUES ('2', NULL, 'Gallery', 'gallery', 'channel', '1', 'gallery/_entry', '1', '2015-01-09 03:25:59', '2015-01-14 17:08:04', 'd66e155f-8eb0-457a-88e5-069c0edbc0ac');
INSERT INTO `craft_sections` (`id`, `structureId`, `name`, `handle`, `type`, `hasUrls`, `template`, `enableVersioning`, `dateCreated`, `dateUpdated`, `uid`) VALUES ('3', NULL, 'Inquiries', 'inquiries', 'channel', '0', NULL, '1', '2015-01-14 15:34:10', '2015-01-14 15:34:10', '0197e0dc-94d6-44b5-8c15-2bce5261eca4');
INSERT INTO `craft_sections` (`id`, `structureId`, `name`, `handle`, `type`, `hasUrls`, `template`, `enableVersioning`, `dateCreated`, `dateUpdated`, `uid`) VALUES ('4', NULL, 'Retreat Members', 'retreatMembers', 'channel', '0', NULL, '1', '2015-01-17 20:19:00', '2015-01-17 20:19:00', 'e2fdfc82-c4bb-4ff0-bc81-7b96119c0638');
INSERT INTO `craft_sections` (`id`, `structureId`, `name`, `handle`, `type`, `hasUrls`, `template`, `enableVersioning`, `dateCreated`, `dateUpdated`, `uid`) VALUES ('5', NULL, 'Contact', 'contact', 'single', '1', 'contact', '1', '2015-01-23 00:12:17', '2015-01-23 00:12:17', '5ccf08e5-7d7c-422f-ab4e-a14dce8db69a');
INSERT INTO `craft_sections` (`id`, `structureId`, `name`, `handle`, `type`, `hasUrls`, `template`, `enableVersioning`, `dateCreated`, `dateUpdated`, `uid`) VALUES ('6', NULL, 'About', 'about', 'single', '1', 'about', '1', '2015-01-23 00:57:27', '2015-01-23 00:57:27', 'bcc163a1-d4cc-4e7d-9495-d3c90eb1abf0');



DROP TABLE IF EXISTS `craft_sections_i18n`;


--
-- Schema for table `craft_sections_i18n`
--
CREATE TABLE `craft_sections_i18n` (
  `id` int(11) NOT NULL AUTO_INCREMENT,
  `sectionId` int(11) NOT NULL,
  `locale` char(12) COLLATE utf8_unicode_ci NOT NULL,
  `enabledByDefault` tinyint(1) unsigned NOT NULL DEFAULT '1',
  `urlFormat` varchar(255) COLLATE utf8_unicode_ci DEFAULT NULL,
  `nestedUrlFormat` varchar(255) COLLATE utf8_unicode_ci DEFAULT NULL,
  `dateCreated` datetime NOT NULL,
  `dateUpdated` datetime NOT NULL,
  `uid` char(36) COLLATE utf8_unicode_ci NOT NULL DEFAULT '0',
  PRIMARY KEY (`id`),
  UNIQUE KEY `craft_sections_i18n_sectionId_locale_unq_idx` (`sectionId`,`locale`),
  KEY `craft_sections_i18n_locale_fk` (`locale`)
) ENGINE=InnoDB AUTO_INCREMENT=7 DEFAULT CHARSET=utf8 COLLATE=utf8_unicode_ci;

--
-- Data for table `craft_sections_i18n`
--

INSERT INTO `craft_sections_i18n` (`id`, `sectionId`, `locale`, `enabledByDefault`, `urlFormat`, `nestedUrlFormat`, `dateCreated`, `dateUpdated`, `uid`) VALUES ('1', '1', 'en_us', '1', '__home__', NULL, '2015-01-09 03:25:58', '2015-01-09 03:25:58', '0c4d12df-d21d-4c89-83d8-d66cfcb59b73');
INSERT INTO `craft_sections_i18n` (`id`, `sectionId`, `locale`, `enabledByDefault`, `urlFormat`, `nestedUrlFormat`, `dateCreated`, `dateUpdated`, `uid`) VALUES ('2', '2', 'en_us', '0', 'gallery/{slug}', NULL, '2015-01-09 03:25:59', '2015-01-14 17:08:04', 'e3386cdf-716b-4126-8b81-9ed81ade95de');
INSERT INTO `craft_sections_i18n` (`id`, `sectionId`, `locale`, `enabledByDefault`, `urlFormat`, `nestedUrlFormat`, `dateCreated`, `dateUpdated`, `uid`) VALUES ('3', '3', 'en_us', '0', NULL, NULL, '2015-01-14 15:34:10', '2015-01-14 15:34:10', 'f360670d-61fd-447e-94db-4d0289385834');
INSERT INTO `craft_sections_i18n` (`id`, `sectionId`, `locale`, `enabledByDefault`, `urlFormat`, `nestedUrlFormat`, `dateCreated`, `dateUpdated`, `uid`) VALUES ('4', '4', 'en_us', '0', NULL, NULL, '2015-01-17 20:19:00', '2015-01-17 20:19:00', '96743579-6254-480f-9f17-7518b9e610c7');
INSERT INTO `craft_sections_i18n` (`id`, `sectionId`, `locale`, `enabledByDefault`, `urlFormat`, `nestedUrlFormat`, `dateCreated`, `dateUpdated`, `uid`) VALUES ('5', '5', 'en_us', '0', 'contact', NULL, '2015-01-23 00:12:17', '2015-01-23 00:12:17', 'b86d66c4-a61c-40ea-af76-7a5aa610e427');
INSERT INTO `craft_sections_i18n` (`id`, `sectionId`, `locale`, `enabledByDefault`, `urlFormat`, `nestedUrlFormat`, `dateCreated`, `dateUpdated`, `uid`) VALUES ('6', '6', 'en_us', '0', 'about', NULL, '2015-01-23 00:57:27', '2015-01-23 00:57:27', '9eab1330-970f-4e0a-8a29-844b516354b8');



DROP TABLE IF EXISTS `craft_sessions`;


--
-- Schema for table `craft_sessions`
--
CREATE TABLE `craft_sessions` (
  `id` int(11) NOT NULL AUTO_INCREMENT,
  `userId` int(11) NOT NULL,
  `token` char(100) COLLATE utf8_unicode_ci NOT NULL,
  `dateCreated` datetime NOT NULL,
  `dateUpdated` datetime NOT NULL,
  `uid` char(36) COLLATE utf8_unicode_ci NOT NULL DEFAULT '0',
  PRIMARY KEY (`id`),
  KEY `craft_sessions_uid_idx` (`uid`),
  KEY `craft_sessions_token_idx` (`token`),
  KEY `craft_sessions_dateUpdated_idx` (`dateUpdated`),
  KEY `craft_sessions_userId_fk` (`userId`)
) ENGINE=InnoDB AUTO_INCREMENT=9 DEFAULT CHARSET=utf8 COLLATE=utf8_unicode_ci;

DROP TABLE IF EXISTS `craft_shunnedmessages`;


--
-- Schema for table `craft_shunnedmessages`
--
CREATE TABLE `craft_shunnedmessages` (
  `id` int(11) NOT NULL AUTO_INCREMENT,
  `userId` int(11) NOT NULL,
  `message` varchar(255) COLLATE utf8_unicode_ci NOT NULL,
  `expiryDate` datetime DEFAULT NULL,
  `dateCreated` datetime NOT NULL,
  `dateUpdated` datetime NOT NULL,
  `uid` char(36) COLLATE utf8_unicode_ci NOT NULL DEFAULT '0',
  PRIMARY KEY (`id`),
  UNIQUE KEY `craft_shunnedmessages_userId_message_unq_idx` (`userId`,`message`)
) ENGINE=InnoDB DEFAULT CHARSET=utf8 COLLATE=utf8_unicode_ci;

DROP TABLE IF EXISTS `craft_structureelements`;


--
-- Schema for table `craft_structureelements`
--
CREATE TABLE `craft_structureelements` (
  `id` int(11) NOT NULL AUTO_INCREMENT,
  `structureId` int(11) NOT NULL,
  `elementId` int(11) DEFAULT NULL,
  `root` int(11) unsigned DEFAULT NULL,
  `lft` int(11) unsigned NOT NULL,
  `rgt` int(11) unsigned NOT NULL,
  `level` smallint(6) unsigned NOT NULL,
  `dateCreated` datetime NOT NULL,
  `dateUpdated` datetime NOT NULL,
  `uid` char(36) COLLATE utf8_unicode_ci NOT NULL DEFAULT '0',
  PRIMARY KEY (`id`),
  UNIQUE KEY `craft_structureelements_structureId_elementId_unq_idx` (`structureId`,`elementId`),
  KEY `craft_structureelements_root_idx` (`root`),
  KEY `craft_structureelements_lft_idx` (`lft`),
  KEY `craft_structureelements_rgt_idx` (`rgt`),
  KEY `craft_structureelements_level_idx` (`level`),
  KEY `craft_structureelements_elementId_fk` (`elementId`)
) ENGINE=InnoDB DEFAULT CHARSET=utf8 COLLATE=utf8_unicode_ci;

DROP TABLE IF EXISTS `craft_structures`;


--
-- Schema for table `craft_structures`
--
CREATE TABLE `craft_structures` (
  `id` int(11) NOT NULL AUTO_INCREMENT,
  `maxLevels` smallint(6) unsigned DEFAULT NULL,
  `dateCreated` datetime NOT NULL,
  `dateUpdated` datetime NOT NULL,
  `uid` char(36) COLLATE utf8_unicode_ci NOT NULL DEFAULT '0',
  PRIMARY KEY (`id`)
) ENGINE=InnoDB DEFAULT CHARSET=utf8 COLLATE=utf8_unicode_ci;

DROP TABLE IF EXISTS `craft_systemsettings`;


--
-- Schema for table `craft_systemsettings`
--
CREATE TABLE `craft_systemsettings` (
  `id` int(11) NOT NULL AUTO_INCREMENT,
  `category` varchar(15) COLLATE utf8_unicode_ci NOT NULL,
  `settings` text COLLATE utf8_unicode_ci,
  `dateCreated` datetime NOT NULL,
  `dateUpdated` datetime NOT NULL,
  `uid` char(36) COLLATE utf8_unicode_ci NOT NULL DEFAULT '0',
  PRIMARY KEY (`id`),
  UNIQUE KEY `craft_systemsettings_category_unq_idx` (`category`)
) ENGINE=InnoDB AUTO_INCREMENT=2 DEFAULT CHARSET=utf8 COLLATE=utf8_unicode_ci;

--
-- Data for table `craft_systemsettings`
--

INSERT INTO `craft_systemsettings` (`id`, `category`, `settings`, `dateCreated`, `dateUpdated`, `uid`) VALUES ('1', 'email', '{\"protocol\":\"gmail\",\"emailAddress\":\"plunkett.meghann@gmail.com\",\"senderName\":\"Dar Williams\",\"host\":\"smtp.gmail.com\",\"smtpAuth\":1,\"smtpSecureTransportType\":\"ssl\",\"username\":\"meghann@familiar-studio.com\",\"password\":\"laughlaugh\",\"port\":\"465\",\"timeout\":\"30\"}', '2015-01-09 03:25:58', '2015-01-11 21:47:35', '26080942-458b-4088-aafa-7284486f2824');



DROP TABLE IF EXISTS `craft_taggroups`;


--
-- Schema for table `craft_taggroups`
--
CREATE TABLE `craft_taggroups` (
  `id` int(11) NOT NULL AUTO_INCREMENT,
  `name` varchar(255) COLLATE utf8_unicode_ci NOT NULL,
  `handle` varchar(255) COLLATE utf8_unicode_ci NOT NULL,
  `fieldLayoutId` int(10) DEFAULT NULL,
  `dateCreated` datetime NOT NULL,
  `dateUpdated` datetime NOT NULL,
  `uid` char(36) COLLATE utf8_unicode_ci NOT NULL DEFAULT '0',
  PRIMARY KEY (`id`),
  UNIQUE KEY `craft_taggroups_name_unq_idx` (`name`),
  UNIQUE KEY `craft_taggroups_handle_unq_idx` (`handle`),
  KEY `craft_taggroups_fieldLayoutId_fk` (`fieldLayoutId`)
) ENGINE=InnoDB AUTO_INCREMENT=2 DEFAULT CHARSET=utf8 COLLATE=utf8_unicode_ci;

--
-- Data for table `craft_taggroups`
--

INSERT INTO `craft_taggroups` (`id`, `name`, `handle`, `fieldLayoutId`, `dateCreated`, `dateUpdated`, `uid`) VALUES ('1', 'Default', 'default', '1', '2015-01-09 03:25:58', '2015-01-09 03:25:58', '1bc8c2be-d77c-43e5-b733-6efef4e4af04');



DROP TABLE IF EXISTS `craft_tags`;


--
-- Schema for table `craft_tags`
--
CREATE TABLE `craft_tags` (
  `id` int(11) NOT NULL,
  `groupId` int(11) NOT NULL,
  `dateCreated` datetime NOT NULL,
  `dateUpdated` datetime NOT NULL,
  `uid` char(36) COLLATE utf8_unicode_ci NOT NULL DEFAULT '0',
  PRIMARY KEY (`id`),
  KEY `craft_tags_groupId_fk` (`groupId`)
) ENGINE=InnoDB DEFAULT CHARSET=utf8 COLLATE=utf8_unicode_ci;

DROP TABLE IF EXISTS `craft_tasks`;


--
-- Schema for table `craft_tasks`
--
CREATE TABLE `craft_tasks` (
  `id` int(11) NOT NULL AUTO_INCREMENT,
  `root` int(11) unsigned DEFAULT NULL,
  `lft` int(11) unsigned NOT NULL,
  `rgt` int(11) unsigned NOT NULL,
  `level` smallint(6) unsigned NOT NULL,
  `currentStep` int(11) unsigned DEFAULT NULL,
  `totalSteps` int(11) unsigned DEFAULT NULL,
  `status` enum('pending','error','running') COLLATE utf8_unicode_ci DEFAULT NULL,
  `type` varchar(150) COLLATE utf8_unicode_ci NOT NULL,
  `description` varchar(255) COLLATE utf8_unicode_ci DEFAULT NULL,
  `settings` text COLLATE utf8_unicode_ci,
  `dateCreated` datetime NOT NULL,
  `dateUpdated` datetime NOT NULL,
  `uid` char(36) COLLATE utf8_unicode_ci NOT NULL DEFAULT '0',
  PRIMARY KEY (`id`),
  KEY `craft_tasks_root_idx` (`root`),
  KEY `craft_tasks_lft_idx` (`lft`),
  KEY `craft_tasks_rgt_idx` (`rgt`),
  KEY `craft_tasks_level_idx` (`level`)
) ENGINE=InnoDB AUTO_INCREMENT=23 DEFAULT CHARSET=utf8 COLLATE=utf8_unicode_ci;

DROP TABLE IF EXISTS `craft_templatecachecriteria`;


--
-- Schema for table `craft_templatecachecriteria`
--
CREATE TABLE `craft_templatecachecriteria` (
  `id` int(11) NOT NULL AUTO_INCREMENT,
  `cacheId` int(11) NOT NULL,
  `type` varchar(150) COLLATE utf8_unicode_ci NOT NULL,
  `criteria` text COLLATE utf8_unicode_ci NOT NULL,
  PRIMARY KEY (`id`),
  KEY `craft_templatecachecriteria_cacheId_fk` (`cacheId`),
  KEY `craft_templatecachecriteria_type_idx` (`type`)
) ENGINE=InnoDB DEFAULT CHARSET=utf8 COLLATE=utf8_unicode_ci;

DROP TABLE IF EXISTS `craft_templatecacheelements`;


--
-- Schema for table `craft_templatecacheelements`
--
CREATE TABLE `craft_templatecacheelements` (
  `cacheId` int(11) NOT NULL,
  `elementId` int(11) NOT NULL,
  KEY `craft_templatecacheelements_cacheId_fk` (`cacheId`),
  KEY `craft_templatecacheelements_elementId_fk` (`elementId`)
) ENGINE=InnoDB DEFAULT CHARSET=utf8 COLLATE=utf8_unicode_ci;

DROP TABLE IF EXISTS `craft_templatecaches`;


--
-- Schema for table `craft_templatecaches`
--
CREATE TABLE `craft_templatecaches` (
  `id` int(11) NOT NULL AUTO_INCREMENT,
  `cacheKey` varchar(255) COLLATE utf8_unicode_ci NOT NULL,
  `locale` char(12) COLLATE utf8_unicode_ci NOT NULL,
  `path` varchar(255) COLLATE utf8_unicode_ci DEFAULT NULL,
  `expiryDate` datetime NOT NULL,
  `body` mediumtext COLLATE utf8_unicode_ci NOT NULL,
  PRIMARY KEY (`id`),
  KEY `craft_templatecaches_expiryDate_cacheKey_locale_path_idx` (`expiryDate`,`cacheKey`,`locale`,`path`),
  KEY `craft_templatecaches_locale_fk` (`locale`)
) ENGINE=InnoDB DEFAULT CHARSET=utf8 COLLATE=utf8_unicode_ci;

DROP TABLE IF EXISTS `craft_tokens`;


--
-- Schema for table `craft_tokens`
--
CREATE TABLE `craft_tokens` (
  `id` int(11) NOT NULL AUTO_INCREMENT,
  `token` char(32) COLLATE utf8_unicode_ci NOT NULL,
  `route` text COLLATE utf8_unicode_ci,
  `usageLimit` tinyint(3) unsigned DEFAULT NULL,
  `usageCount` tinyint(3) unsigned DEFAULT NULL,
  `expiryDate` datetime NOT NULL,
  `dateCreated` datetime NOT NULL,
  `dateUpdated` datetime NOT NULL,
  `uid` char(36) COLLATE utf8_unicode_ci NOT NULL DEFAULT '0',
  PRIMARY KEY (`id`),
  UNIQUE KEY `craft_tokens_token_unq_idx` (`token`),
  KEY `craft_tokens_expiryDate_idx` (`expiryDate`)
) ENGINE=InnoDB DEFAULT CHARSET=utf8 COLLATE=utf8_unicode_ci;

DROP TABLE IF EXISTS `craft_usergroups`;


--
-- Schema for table `craft_usergroups`
--
CREATE TABLE `craft_usergroups` (
  `id` int(11) NOT NULL AUTO_INCREMENT,
  `name` varchar(255) COLLATE utf8_unicode_ci NOT NULL,
  `handle` varchar(255) COLLATE utf8_unicode_ci NOT NULL,
  `dateCreated` datetime NOT NULL,
  `dateUpdated` datetime NOT NULL,
  `uid` char(36) COLLATE utf8_unicode_ci NOT NULL DEFAULT '0',
  PRIMARY KEY (`id`)
) ENGINE=InnoDB DEFAULT CHARSET=utf8 COLLATE=utf8_unicode_ci;

DROP TABLE IF EXISTS `craft_usergroups_users`;


--
-- Schema for table `craft_usergroups_users`
--
CREATE TABLE `craft_usergroups_users` (
  `id` int(11) NOT NULL AUTO_INCREMENT,
  `groupId` int(11) NOT NULL,
  `userId` int(11) NOT NULL,
  `dateCreated` datetime NOT NULL,
  `dateUpdated` datetime NOT NULL,
  `uid` char(36) COLLATE utf8_unicode_ci NOT NULL DEFAULT '0',
  PRIMARY KEY (`id`),
  UNIQUE KEY `craft_usergroups_users_groupId_userId_unq_idx` (`groupId`,`userId`),
  KEY `craft_usergroups_users_userId_fk` (`userId`)
) ENGINE=InnoDB DEFAULT CHARSET=utf8 COLLATE=utf8_unicode_ci;

DROP TABLE IF EXISTS `craft_userpermissions`;


--
-- Schema for table `craft_userpermissions`
--
CREATE TABLE `craft_userpermissions` (
  `id` int(11) NOT NULL AUTO_INCREMENT,
  `name` varchar(255) COLLATE utf8_unicode_ci NOT NULL,
  `dateCreated` datetime NOT NULL,
  `dateUpdated` datetime NOT NULL,
  `uid` char(36) COLLATE utf8_unicode_ci NOT NULL DEFAULT '0',
  PRIMARY KEY (`id`),
  UNIQUE KEY `craft_userpermissions_name_unq_idx` (`name`)
) ENGINE=InnoDB DEFAULT CHARSET=utf8 COLLATE=utf8_unicode_ci;

DROP TABLE IF EXISTS `craft_userpermissions_usergroups`;


--
-- Schema for table `craft_userpermissions_usergroups`
--
CREATE TABLE `craft_userpermissions_usergroups` (
  `id` int(11) NOT NULL AUTO_INCREMENT,
  `permissionId` int(11) NOT NULL,
  `groupId` int(11) NOT NULL,
  `dateCreated` datetime NOT NULL,
  `dateUpdated` datetime NOT NULL,
  `uid` char(36) COLLATE utf8_unicode_ci NOT NULL DEFAULT '0',
  PRIMARY KEY (`id`),
  UNIQUE KEY `craft_userpermissions_usergroups_permissionId_groupId_unq_idx` (`permissionId`,`groupId`),
  KEY `craft_userpermissions_usergroups_groupId_fk` (`groupId`)
) ENGINE=InnoDB DEFAULT CHARSET=utf8 COLLATE=utf8_unicode_ci;

DROP TABLE IF EXISTS `craft_userpermissions_users`;


--
-- Schema for table `craft_userpermissions_users`
--
CREATE TABLE `craft_userpermissions_users` (
  `id` int(11) NOT NULL AUTO_INCREMENT,
  `permissionId` int(11) NOT NULL,
  `userId` int(11) NOT NULL,
  `dateCreated` datetime NOT NULL,
  `dateUpdated` datetime NOT NULL,
  `uid` char(36) COLLATE utf8_unicode_ci NOT NULL DEFAULT '0',
  PRIMARY KEY (`id`),
  UNIQUE KEY `craft_userpermissions_users_permissionId_userId_unq_idx` (`permissionId`,`userId`),
  KEY `craft_userpermissions_users_userId_fk` (`userId`)
) ENGINE=InnoDB DEFAULT CHARSET=utf8 COLLATE=utf8_unicode_ci;

DROP TABLE IF EXISTS `craft_users`;


--
-- Schema for table `craft_users`
--
CREATE TABLE `craft_users` (
  `id` int(11) NOT NULL,
  `username` varchar(100) COLLATE utf8_unicode_ci NOT NULL,
  `photo` varchar(50) COLLATE utf8_unicode_ci DEFAULT NULL,
  `firstName` varchar(100) COLLATE utf8_unicode_ci DEFAULT NULL,
  `lastName` varchar(100) COLLATE utf8_unicode_ci DEFAULT NULL,
  `email` varchar(255) COLLATE utf8_unicode_ci NOT NULL,
  `password` char(255) COLLATE utf8_unicode_ci DEFAULT NULL,
  `preferredLocale` char(12) COLLATE utf8_unicode_ci DEFAULT NULL,
  `weekStartDay` tinyint(1) unsigned NOT NULL DEFAULT '0',
  `admin` tinyint(1) unsigned NOT NULL DEFAULT '0',
  `client` tinyint(1) unsigned NOT NULL DEFAULT '0',
  `locked` tinyint(1) unsigned NOT NULL DEFAULT '0',
  `suspended` tinyint(1) unsigned NOT NULL DEFAULT '0',
  `pending` tinyint(1) unsigned NOT NULL DEFAULT '0',
  `archived` tinyint(1) unsigned NOT NULL DEFAULT '0',
  `lastLoginDate` datetime DEFAULT NULL,
  `lastLoginAttemptIPAddress` varchar(45) COLLATE utf8_unicode_ci DEFAULT NULL,
  `invalidLoginWindowStart` datetime DEFAULT NULL,
  `invalidLoginCount` tinyint(4) unsigned DEFAULT NULL,
  `lastInvalidLoginDate` datetime DEFAULT NULL,
  `lockoutDate` datetime DEFAULT NULL,
  `verificationCode` char(100) COLLATE utf8_unicode_ci DEFAULT NULL,
  `verificationCodeIssuedDate` datetime DEFAULT NULL,
  `unverifiedEmail` varchar(255) COLLATE utf8_unicode_ci DEFAULT NULL,
  `passwordResetRequired` tinyint(1) unsigned NOT NULL DEFAULT '0',
  `lastPasswordChangeDate` datetime DEFAULT NULL,
  `dateCreated` datetime NOT NULL,
  `dateUpdated` datetime NOT NULL,
  `uid` char(36) COLLATE utf8_unicode_ci NOT NULL DEFAULT '0',
  PRIMARY KEY (`id`),
  UNIQUE KEY `craft_users_username_unq_idx` (`username`),
  UNIQUE KEY `craft_users_email_unq_idx` (`email`),
  KEY `craft_users_verificationCode_idx` (`verificationCode`),
  KEY `craft_users_uid_idx` (`uid`),
  KEY `craft_users_preferredLocale_fk` (`preferredLocale`)
) ENGINE=InnoDB DEFAULT CHARSET=utf8 COLLATE=utf8_unicode_ci;

--
-- Data for table `craft_users`
--

INSERT INTO `craft_users` (`id`, `username`, `photo`, `firstName`, `lastName`, `email`, `password`, `preferredLocale`, `weekStartDay`, `admin`, `client`, `locked`, `suspended`, `pending`, `archived`, `lastLoginDate`, `lastLoginAttemptIPAddress`, `invalidLoginWindowStart`, `invalidLoginCount`, `lastInvalidLoginDate`, `lockoutDate`, `verificationCode`, `verificationCodeIssuedDate`, `unverifiedEmail`, `passwordResetRequired`, `lastPasswordChangeDate`, `dateCreated`, `dateUpdated`, `uid`) VALUES ('1', 'plunkett.meghann@gmail.com', NULL, '', '', 'plunkett.meghann@gmail.com', '$2a$13$w6NdPY3RgLwAnEvpshdaFOlQ1v0L8QBhZvsSb28do8UXy84JkIFGq', NULL, '0', '1', '0', '0', '0', '0', '0', '2015-01-30 04:58:52', '127.0.0.1', NULL, NULL, '2015-01-30 03:43:54', NULL, NULL, NULL, NULL, '0', '2015-01-09 03:25:54', '2015-01-09 03:25:54', '2015-01-30 04:58:52', 'ba11159f-fe31-41be-99cf-0cd5c5899a58');
INSERT INTO `craft_users` (`id`, `username`, `photo`, `firstName`, `lastName`, `email`, `password`, `preferredLocale`, `weekStartDay`, `admin`, `client`, `locked`, `suspended`, `pending`, `archived`, `lastLoginDate`, `lastLoginAttemptIPAddress`, `invalidLoginWindowStart`, `invalidLoginCount`, `lastInvalidLoginDate`, `lockoutDate`, `verificationCode`, `verificationCodeIssuedDate`, `unverifiedEmail`, `passwordResetRequired`, `lastPasswordChangeDate`, `dateCreated`, `dateUpdated`, `uid`) VALUES ('21', 'meghann@familiar-studio.com', NULL, 'test user', 'hey', 'meghann@familiar-studio.com', NULL, NULL, '0', '0', '0', '0', '0', '1', '0', NULL, NULL, NULL, NULL, NULL, NULL, NULL, NULL, NULL, '0', NULL, '2015-01-14 17:52:48', '2015-01-14 17:52:48', 'f6c769ab-e670-4752-9060-7f338b5f7513');
INSERT INTO `craft_users` (`id`, `username`, `photo`, `firstName`, `lastName`, `email`, `password`, `preferredLocale`, `weekStartDay`, `admin`, `client`, `locked`, `suspended`, `pending`, `archived`, `lastLoginDate`, `lastLoginAttemptIPAddress`, `invalidLoginWindowStart`, `invalidLoginCount`, `lastInvalidLoginDate`, `lockoutDate`, `verificationCode`, `verificationCodeIssuedDate`, `unverifiedEmail`, `passwordResetRequired`, `lastPasswordChangeDate`, `dateCreated`, `dateUpdated`, `uid`) VALUES ('99', 'stormkingretreat@gmail.com', NULL, 'Storm ', 'King', 'stormkingretreat@gmail.com', '$2a$13$EV/Wa2Ezc6Tsn1vCyssTOuPZz5527oVfRFNB3p02XLUltg9gO/3oK', NULL, '0', '0', '0', '0', '0', '0', '0', '2015-01-30 04:32:19', '127.0.0.1', NULL, NULL, NULL, NULL, NULL, NULL, NULL, '0', '2015-01-30 04:31:20', '2015-01-30 04:30:10', '2015-01-30 04:32:19', '0710137d-6d0e-4dfe-85bb-ec91c9644ca7');



DROP TABLE IF EXISTS `craft_widgets`;


--
-- Schema for table `craft_widgets`
--
CREATE TABLE `craft_widgets` (
  `id` int(11) NOT NULL AUTO_INCREMENT,
  `userId` int(11) NOT NULL,
  `type` varchar(150) COLLATE utf8_unicode_ci NOT NULL,
  `sortOrder` tinyint(4) DEFAULT NULL,
  `settings` text COLLATE utf8_unicode_ci,
  `enabled` tinyint(1) unsigned NOT NULL DEFAULT '1',
  `dateCreated` datetime NOT NULL,
  `dateUpdated` datetime NOT NULL,
  `uid` char(36) COLLATE utf8_unicode_ci NOT NULL DEFAULT '0',
  PRIMARY KEY (`id`),
  KEY `craft_widgets_userId_fk` (`userId`)
) ENGINE=InnoDB AUTO_INCREMENT=5 DEFAULT CHARSET=utf8 COLLATE=utf8_unicode_ci;

--
-- Data for table `craft_widgets`
--

INSERT INTO `craft_widgets` (`id`, `userId`, `type`, `sortOrder`, `settings`, `enabled`, `dateCreated`, `dateUpdated`, `uid`) VALUES ('1', '1', 'RecentEntries', '1', NULL, '1', '2015-01-09 03:26:04', '2015-01-09 03:26:04', 'bb317152-dd67-4c83-a478-ff9e8db67d62');
INSERT INTO `craft_widgets` (`id`, `userId`, `type`, `sortOrder`, `settings`, `enabled`, `dateCreated`, `dateUpdated`, `uid`) VALUES ('2', '1', 'GetHelp', '2', NULL, '1', '2015-01-09 03:26:04', '2015-01-09 03:26:04', '983b33f1-e5b4-428a-af04-7af35ac80665');
INSERT INTO `craft_widgets` (`id`, `userId`, `type`, `sortOrder`, `settings`, `enabled`, `dateCreated`, `dateUpdated`, `uid`) VALUES ('3', '1', 'Updates', '3', NULL, '1', '2015-01-09 03:26:04', '2015-01-09 03:26:04', 'b4a00347-f110-4033-b54e-ff5df28a10f4');
INSERT INTO `craft_widgets` (`id`, `userId`, `type`, `sortOrder`, `settings`, `enabled`, `dateCreated`, `dateUpdated`, `uid`) VALUES ('4', '1', 'Feed', '4', '{\"url\":\"http:\\/\\/feeds.feedburner.com\\/blogandtonic\",\"title\":\"Blog & Tonic\"}', '1', '2015-01-09 03:26:04', '2015-01-09 03:26:04', '96c1cdea-c993-4381-a155-8b04cb192182');


--
-- Constraints for tables
--


--
-- Constraints for table `craft_assetfiles`
--
ALTER TABLE `craft_assetfiles`
	ADD CONSTRAINT `craft_assetfiles_folderId_fk` FOREIGN KEY (`folderId`) REFERENCES `craft_assetfolders` (`id`) ON DELETE CASCADE,
	ADD CONSTRAINT `craft_assetfiles_id_fk` FOREIGN KEY (`id`) REFERENCES `craft_elements` (`id`) ON DELETE CASCADE,
	ADD CONSTRAINT `craft_assetfiles_sourceId_fk` FOREIGN KEY (`sourceId`) REFERENCES `craft_assetsources` (`id`) ON DELETE CASCADE;

--
-- Constraints for table `craft_assetfolders`
--
ALTER TABLE `craft_assetfolders`
	ADD CONSTRAINT `craft_assetfolders_parentId_fk` FOREIGN KEY (`parentId`) REFERENCES `craft_assetfolders` (`id`) ON DELETE CASCADE,
	ADD CONSTRAINT `craft_assetfolders_sourceId_fk` FOREIGN KEY (`sourceId`) REFERENCES `craft_assetsources` (`id`) ON DELETE CASCADE;

--
-- Constraints for table `craft_assetindexdata`
--
ALTER TABLE `craft_assetindexdata`
	ADD CONSTRAINT `craft_assetindexdata_sourceId_fk` FOREIGN KEY (`sourceId`) REFERENCES `craft_assetsources` (`id`) ON DELETE CASCADE;

--
-- Constraints for table `craft_assetsources`
--
ALTER TABLE `craft_assetsources`
	ADD CONSTRAINT `craft_assetsources_fieldLayoutId_fk` FOREIGN KEY (`fieldLayoutId`) REFERENCES `craft_fieldlayouts` (`id`) ON DELETE SET NULL;

--
-- Constraints for table `craft_categories`
--
ALTER TABLE `craft_categories`
	ADD CONSTRAINT `craft_categories_groupId_fk` FOREIGN KEY (`groupId`) REFERENCES `craft_categorygroups` (`id`) ON DELETE CASCADE,
	ADD CONSTRAINT `craft_categories_id_fk` FOREIGN KEY (`id`) REFERENCES `craft_elements` (`id`) ON DELETE CASCADE;

--
-- Constraints for table `craft_categorygroups`
--
ALTER TABLE `craft_categorygroups`
	ADD CONSTRAINT `craft_categorygroups_fieldLayoutId_fk` FOREIGN KEY (`fieldLayoutId`) REFERENCES `craft_fieldlayouts` (`id`) ON DELETE SET NULL,
	ADD CONSTRAINT `craft_categorygroups_structureId_fk` FOREIGN KEY (`structureId`) REFERENCES `craft_structures` (`id`) ON DELETE CASCADE;

--
-- Constraints for table `craft_categorygroups_i18n`
--
ALTER TABLE `craft_categorygroups_i18n`
	ADD CONSTRAINT `craft_categorygroups_i18n_groupId_fk` FOREIGN KEY (`groupId`) REFERENCES `craft_categorygroups` (`id`) ON DELETE CASCADE,
	ADD CONSTRAINT `craft_categorygroups_i18n_locale_fk` FOREIGN KEY (`locale`) REFERENCES `craft_locales` (`locale`) ON DELETE CASCADE ON UPDATE CASCADE;

--
-- Constraints for table `craft_content`
--
ALTER TABLE `craft_content`
	ADD CONSTRAINT `craft_content_elementId_fk` FOREIGN KEY (`elementId`) REFERENCES `craft_elements` (`id`) ON DELETE CASCADE,
	ADD CONSTRAINT `craft_content_locale_fk` FOREIGN KEY (`locale`) REFERENCES `craft_locales` (`locale`) ON DELETE CASCADE ON UPDATE CASCADE;

--
-- Constraints for table `craft_elements_i18n`
--
ALTER TABLE `craft_elements_i18n`
	ADD CONSTRAINT `craft_elements_i18n_elementId_fk` FOREIGN KEY (`elementId`) REFERENCES `craft_elements` (`id`) ON DELETE CASCADE,
	ADD CONSTRAINT `craft_elements_i18n_locale_fk` FOREIGN KEY (`locale`) REFERENCES `craft_locales` (`locale`) ON DELETE CASCADE ON UPDATE CASCADE;

--
-- Constraints for table `craft_emailmessages`
--
ALTER TABLE `craft_emailmessages`
	ADD CONSTRAINT `craft_emailmessages_locale_fk` FOREIGN KEY (`locale`) REFERENCES `craft_locales` (`locale`) ON DELETE CASCADE ON UPDATE CASCADE;

--
-- Constraints for table `craft_entries`
--
ALTER TABLE `craft_entries`
	ADD CONSTRAINT `craft_entries_authorId_fk` FOREIGN KEY (`authorId`) REFERENCES `craft_users` (`id`) ON DELETE CASCADE,
	ADD CONSTRAINT `craft_entries_id_fk` FOREIGN KEY (`id`) REFERENCES `craft_elements` (`id`) ON DELETE CASCADE,
	ADD CONSTRAINT `craft_entries_sectionId_fk` FOREIGN KEY (`sectionId`) REFERENCES `craft_sections` (`id`) ON DELETE CASCADE,
	ADD CONSTRAINT `craft_entries_typeId_fk` FOREIGN KEY (`typeId`) REFERENCES `craft_entrytypes` (`id`) ON DELETE CASCADE;

--
-- Constraints for table `craft_entrydrafts`
--
ALTER TABLE `craft_entrydrafts`
	ADD CONSTRAINT `craft_entrydrafts_creatorId_fk` FOREIGN KEY (`creatorId`) REFERENCES `craft_users` (`id`) ON DELETE CASCADE,
	ADD CONSTRAINT `craft_entrydrafts_entryId_fk` FOREIGN KEY (`entryId`) REFERENCES `craft_entries` (`id`) ON DELETE CASCADE,
	ADD CONSTRAINT `craft_entrydrafts_locale_fk` FOREIGN KEY (`locale`) REFERENCES `craft_locales` (`locale`) ON DELETE CASCADE ON UPDATE CASCADE,
	ADD CONSTRAINT `craft_entrydrafts_sectionId_fk` FOREIGN KEY (`sectionId`) REFERENCES `craft_sections` (`id`) ON DELETE CASCADE;

--
-- Constraints for table `craft_entrytypes`
--
ALTER TABLE `craft_entrytypes`
	ADD CONSTRAINT `craft_entrytypes_fieldLayoutId_fk` FOREIGN KEY (`fieldLayoutId`) REFERENCES `craft_fieldlayouts` (`id`) ON DELETE SET NULL,
	ADD CONSTRAINT `craft_entrytypes_sectionId_fk` FOREIGN KEY (`sectionId`) REFERENCES `craft_sections` (`id`) ON DELETE CASCADE;

--
-- Constraints for table `craft_entryversions`
--
ALTER TABLE `craft_entryversions`
	ADD CONSTRAINT `craft_entryversions_creatorId_fk` FOREIGN KEY (`creatorId`) REFERENCES `craft_users` (`id`) ON DELETE SET NULL,
	ADD CONSTRAINT `craft_entryversions_entryId_fk` FOREIGN KEY (`entryId`) REFERENCES `craft_entries` (`id`) ON DELETE CASCADE,
	ADD CONSTRAINT `craft_entryversions_locale_fk` FOREIGN KEY (`locale`) REFERENCES `craft_locales` (`locale`) ON DELETE CASCADE ON UPDATE CASCADE,
	ADD CONSTRAINT `craft_entryversions_sectionId_fk` FOREIGN KEY (`sectionId`) REFERENCES `craft_sections` (`id`) ON DELETE CASCADE;

--
-- Constraints for table `craft_fieldlayoutfields`
--
ALTER TABLE `craft_fieldlayoutfields`
	ADD CONSTRAINT `craft_fieldlayoutfields_fieldId_fk` FOREIGN KEY (`fieldId`) REFERENCES `craft_fields` (`id`) ON DELETE CASCADE,
	ADD CONSTRAINT `craft_fieldlayoutfields_layoutId_fk` FOREIGN KEY (`layoutId`) REFERENCES `craft_fieldlayouts` (`id`) ON DELETE CASCADE,
	ADD CONSTRAINT `craft_fieldlayoutfields_tabId_fk` FOREIGN KEY (`tabId`) REFERENCES `craft_fieldlayouttabs` (`id`) ON DELETE CASCADE;

--
-- Constraints for table `craft_fieldlayouttabs`
--
ALTER TABLE `craft_fieldlayouttabs`
	ADD CONSTRAINT `craft_fieldlayouttabs_layoutId_fk` FOREIGN KEY (`layoutId`) REFERENCES `craft_fieldlayouts` (`id`) ON DELETE CASCADE;

--
-- Constraints for table `craft_fields`
--
ALTER TABLE `craft_fields`
	ADD CONSTRAINT `craft_fields_groupId_fk` FOREIGN KEY (`groupId`) REFERENCES `craft_fieldgroups` (`id`) ON DELETE CASCADE;

--
-- Constraints for table `craft_formbuilder_entries`
--
ALTER TABLE `craft_formbuilder_entries`
	ADD CONSTRAINT `craft_formbuilder_entries_formId_fk` FOREIGN KEY (`formId`) REFERENCES `craft_formbuilder_forms` (`id`) ON DELETE CASCADE,
	ADD CONSTRAINT `craft_formbuilder_entries_id_fk` FOREIGN KEY (`id`) REFERENCES `craft_elements` (`id`) ON DELETE CASCADE;

--
-- Constraints for table `craft_formbuilder_forms`
--
ALTER TABLE `craft_formbuilder_forms`
	ADD CONSTRAINT `craft_formbuilder_forms_fieldLayoutId_fk` FOREIGN KEY (`fieldLayoutId`) REFERENCES `craft_fieldlayouts` (`id`) ON DELETE SET NULL;

--
-- Constraints for table `craft_globalsets`
--
ALTER TABLE `craft_globalsets`
	ADD CONSTRAINT `craft_globalsets_fieldLayoutId_fk` FOREIGN KEY (`fieldLayoutId`) REFERENCES `craft_fieldlayouts` (`id`) ON DELETE SET NULL,
	ADD CONSTRAINT `craft_globalsets_id_fk` FOREIGN KEY (`id`) REFERENCES `craft_elements` (`id`) ON DELETE CASCADE;

--
-- Constraints for table `craft_googlemaps_locations`
--
ALTER TABLE `craft_googlemaps_locations`
	ADD CONSTRAINT `craft_googlemaps_locations_elementId_fk` FOREIGN KEY (`elementId`) REFERENCES `craft_elements` (`id`) ON DELETE CASCADE;

--
-- Constraints for table `craft_matrixblocks`
--
ALTER TABLE `craft_matrixblocks`
	ADD CONSTRAINT `craft_matrixblocks_fieldId_fk` FOREIGN KEY (`fieldId`) REFERENCES `craft_fields` (`id`) ON DELETE CASCADE,
	ADD CONSTRAINT `craft_matrixblocks_id_fk` FOREIGN KEY (`id`) REFERENCES `craft_elements` (`id`) ON DELETE CASCADE,
	ADD CONSTRAINT `craft_matrixblocks_ownerId_fk` FOREIGN KEY (`ownerId`) REFERENCES `craft_elements` (`id`) ON DELETE CASCADE,
	ADD CONSTRAINT `craft_matrixblocks_ownerLocale_fk` FOREIGN KEY (`ownerLocale`) REFERENCES `craft_locales` (`locale`) ON DELETE CASCADE ON UPDATE CASCADE,
	ADD CONSTRAINT `craft_matrixblocks_typeId_fk` FOREIGN KEY (`typeId`) REFERENCES `craft_matrixblocktypes` (`id`) ON DELETE CASCADE;

--
-- Constraints for table `craft_matrixblocktypes`
--
ALTER TABLE `craft_matrixblocktypes`
	ADD CONSTRAINT `craft_matrixblocktypes_fieldId_fk` FOREIGN KEY (`fieldId`) REFERENCES `craft_fields` (`id`) ON DELETE CASCADE,
	ADD CONSTRAINT `craft_matrixblocktypes_fieldLayoutId_fk` FOREIGN KEY (`fieldLayoutId`) REFERENCES `craft_fieldlayouts` (`id`) ON DELETE SET NULL;

--
-- Constraints for table `craft_matrixcontent_becomeawatson`
--
ALTER TABLE `craft_matrixcontent_becomeawatson`
	ADD CONSTRAINT `craft_matrixcontent_becomeawatson_elementId_fk` FOREIGN KEY (`elementId`) REFERENCES `craft_elements` (`id`) ON DELETE CASCADE,
	ADD CONSTRAINT `craft_matrixcontent_becomeawatson_locale_fk` FOREIGN KEY (`locale`) REFERENCES `craft_locales` (`locale`) ON DELETE CASCADE ON UPDATE CASCADE;

--
-- Constraints for table `craft_matrixcontent_faqs`
--
ALTER TABLE `craft_matrixcontent_faqs`
	ADD CONSTRAINT `craft_matrixcontent_faqs_elementId_fk` FOREIGN KEY (`elementId`) REFERENCES `craft_elements` (`id`) ON DELETE CASCADE,
	ADD CONSTRAINT `craft_matrixcontent_faqs_locale_fk` FOREIGN KEY (`locale`) REFERENCES `craft_locales` (`locale`) ON DELETE CASCADE ON UPDATE CASCADE;

--
-- Constraints for table `craft_matrixcontent_firstblock`
--
ALTER TABLE `craft_matrixcontent_firstblock`
	ADD CONSTRAINT `craft_matrixcontent_firstblock_elementId_fk` FOREIGN KEY (`elementId`) REFERENCES `craft_elements` (`id`) ON DELETE CASCADE,
	ADD CONSTRAINT `craft_matrixcontent_firstblock_locale_fk` FOREIGN KEY (`locale`) REFERENCES `craft_locales` (`locale`) ON DELETE CASCADE ON UPDATE CASCADE;

--
-- Constraints for table `craft_matrixcontent_locations`
--
ALTER TABLE `craft_matrixcontent_locations`
	ADD CONSTRAINT `craft_matrixcontent_locations_elementId_fk` FOREIGN KEY (`elementId`) REFERENCES `craft_elements` (`id`) ON DELETE CASCADE,
	ADD CONSTRAINT `craft_matrixcontent_locations_locale_fk` FOREIGN KEY (`locale`) REFERENCES `craft_locales` (`locale`) ON DELETE CASCADE ON UPDATE CASCADE;

--
-- Constraints for table `craft_matrixcontent_matrix`
--
ALTER TABLE `craft_matrixcontent_matrix`
	ADD CONSTRAINT `craft_matrixcontent_matrix_elementId_fk` FOREIGN KEY (`elementId`) REFERENCES `craft_elements` (`id`) ON DELETE CASCADE,
	ADD CONSTRAINT `craft_matrixcontent_matrix_locale_fk` FOREIGN KEY (`locale`) REFERENCES `craft_locales` (`locale`) ON DELETE CASCADE ON UPDATE CASCADE;

--
-- Constraints for table `craft_matrixcontent_overviewmatrix`
--
ALTER TABLE `craft_matrixcontent_overviewmatrix`
	ADD CONSTRAINT `craft_matrixcontent_overviewmatrix_elementId_fk` FOREIGN KEY (`elementId`) REFERENCES `craft_elements` (`id`) ON DELETE CASCADE,
	ADD CONSTRAINT `craft_matrixcontent_overviewmatrix_locale_fk` FOREIGN KEY (`locale`) REFERENCES `craft_locales` (`locale`) ON DELETE CASCADE ON UPDATE CASCADE;

--
-- Constraints for table `craft_matrixcontent_partners`
--
ALTER TABLE `craft_matrixcontent_partners`
	ADD CONSTRAINT `craft_matrixcontent_partners_elementId_fk` FOREIGN KEY (`elementId`) REFERENCES `craft_elements` (`id`) ON DELETE CASCADE,
	ADD CONSTRAINT `craft_matrixcontent_partners_locale_fk` FOREIGN KEY (`locale`) REFERENCES `craft_locales` (`locale`) ON DELETE CASCADE ON UPDATE CASCADE;

--
-- Constraints for table `craft_matrixcontent_secondblock`
--
ALTER TABLE `craft_matrixcontent_secondblock`
	ADD CONSTRAINT `craft_matrixcontent_secondblock_elementId_fk` FOREIGN KEY (`elementId`) REFERENCES `craft_elements` (`id`) ON DELETE CASCADE,
	ADD CONSTRAINT `craft_matrixcontent_secondblock_locale_fk` FOREIGN KEY (`locale`) REFERENCES `craft_locales` (`locale`) ON DELETE CASCADE ON UPDATE CASCADE;

--
-- Constraints for table `craft_migrations`
--
ALTER TABLE `craft_migrations`
	ADD CONSTRAINT `craft_migrations_pluginId_fk` FOREIGN KEY (`pluginId`) REFERENCES `craft_plugins` (`id`) ON DELETE CASCADE;

--
-- Constraints for table `craft_postmasternotificationssent`
--
ALTER TABLE `craft_postmasternotificationssent`
	ADD CONSTRAINT `craft_postmasternotificationssent_notificationId_fk` FOREIGN KEY (`notificationId`) REFERENCES `craft_postmasternotifications` (`id`) ON DELETE CASCADE;

--
-- Constraints for table `craft_postmasterparcelssent`
--
ALTER TABLE `craft_postmasterparcelssent`
	ADD CONSTRAINT `craft_postmasterparcelssent_parcelId_fk` FOREIGN KEY (`parcelId`) REFERENCES `craft_postmasterparcels` (`id`) ON DELETE CASCADE;

--
-- Constraints for table `craft_relations`
--
ALTER TABLE `craft_relations`
	ADD CONSTRAINT `craft_relations_fieldId_fk` FOREIGN KEY (`fieldId`) REFERENCES `craft_fields` (`id`) ON DELETE CASCADE,
	ADD CONSTRAINT `craft_relations_sourceId_fk` FOREIGN KEY (`sourceId`) REFERENCES `craft_elements` (`id`) ON DELETE CASCADE,
	ADD CONSTRAINT `craft_relations_sourceLocale_fk` FOREIGN KEY (`sourceLocale`) REFERENCES `craft_locales` (`locale`) ON DELETE CASCADE ON UPDATE CASCADE,
	ADD CONSTRAINT `craft_relations_targetId_fk` FOREIGN KEY (`targetId`) REFERENCES `craft_elements` (`id`) ON DELETE CASCADE;

--
-- Constraints for table `craft_routes`
--
ALTER TABLE `craft_routes`
	ADD CONSTRAINT `craft_routes_locale_fk` FOREIGN KEY (`locale`) REFERENCES `craft_locales` (`locale`) ON DELETE CASCADE ON UPDATE CASCADE;

--
-- Constraints for table `craft_sections`
--
ALTER TABLE `craft_sections`
	ADD CONSTRAINT `craft_sections_structureId_fk` FOREIGN KEY (`structureId`) REFERENCES `craft_structures` (`id`) ON DELETE SET NULL;

--
-- Constraints for table `craft_sections_i18n`
--
ALTER TABLE `craft_sections_i18n`
	ADD CONSTRAINT `craft_sections_i18n_locale_fk` FOREIGN KEY (`locale`) REFERENCES `craft_locales` (`locale`) ON DELETE CASCADE ON UPDATE CASCADE,
	ADD CONSTRAINT `craft_sections_i18n_sectionId_fk` FOREIGN KEY (`sectionId`) REFERENCES `craft_sections` (`id`) ON DELETE CASCADE;

--
-- Constraints for table `craft_sessions`
--
ALTER TABLE `craft_sessions`
	ADD CONSTRAINT `craft_sessions_userId_fk` FOREIGN KEY (`userId`) REFERENCES `craft_users` (`id`) ON DELETE CASCADE;

--
-- Constraints for table `craft_shunnedmessages`
--
ALTER TABLE `craft_shunnedmessages`
	ADD CONSTRAINT `craft_shunnedmessages_userId_fk` FOREIGN KEY (`userId`) REFERENCES `craft_users` (`id`) ON DELETE CASCADE;

--
-- Constraints for table `craft_structureelements`
--
ALTER TABLE `craft_structureelements`
	ADD CONSTRAINT `craft_structureelements_elementId_fk` FOREIGN KEY (`elementId`) REFERENCES `craft_elements` (`id`) ON DELETE CASCADE,
	ADD CONSTRAINT `craft_structureelements_structureId_fk` FOREIGN KEY (`structureId`) REFERENCES `craft_structures` (`id`) ON DELETE CASCADE;

--
-- Constraints for table `craft_taggroups`
--
ALTER TABLE `craft_taggroups`
	ADD CONSTRAINT `craft_taggroups_fieldLayoutId_fk` FOREIGN KEY (`fieldLayoutId`) REFERENCES `craft_fieldlayouts` (`id`) ON DELETE SET NULL;

--
-- Constraints for table `craft_tags`
--
ALTER TABLE `craft_tags`
	ADD CONSTRAINT `craft_tags_groupId_fk` FOREIGN KEY (`groupId`) REFERENCES `craft_taggroups` (`id`) ON DELETE CASCADE,
	ADD CONSTRAINT `craft_tags_id_fk` FOREIGN KEY (`id`) REFERENCES `craft_elements` (`id`) ON DELETE CASCADE;

--
-- Constraints for table `craft_templatecachecriteria`
--
ALTER TABLE `craft_templatecachecriteria`
	ADD CONSTRAINT `craft_templatecachecriteria_cacheId_fk` FOREIGN KEY (`cacheId`) REFERENCES `craft_templatecaches` (`id`) ON DELETE CASCADE;

--
-- Constraints for table `craft_templatecacheelements`
--
ALTER TABLE `craft_templatecacheelements`
	ADD CONSTRAINT `craft_templatecacheelements_cacheId_fk` FOREIGN KEY (`cacheId`) REFERENCES `craft_templatecaches` (`id`) ON DELETE CASCADE,
	ADD CONSTRAINT `craft_templatecacheelements_elementId_fk` FOREIGN KEY (`elementId`) REFERENCES `craft_elements` (`id`) ON DELETE CASCADE;

--
-- Constraints for table `craft_templatecaches`
--
ALTER TABLE `craft_templatecaches`
	ADD CONSTRAINT `craft_templatecaches_locale_fk` FOREIGN KEY (`locale`) REFERENCES `craft_locales` (`locale`) ON DELETE CASCADE ON UPDATE CASCADE;

--
-- Constraints for table `craft_usergroups_users`
--
ALTER TABLE `craft_usergroups_users`
	ADD CONSTRAINT `craft_usergroups_users_groupId_fk` FOREIGN KEY (`groupId`) REFERENCES `craft_usergroups` (`id`) ON DELETE CASCADE,
	ADD CONSTRAINT `craft_usergroups_users_userId_fk` FOREIGN KEY (`userId`) REFERENCES `craft_users` (`id`) ON DELETE CASCADE;

--
-- Constraints for table `craft_userpermissions_usergroups`
--
ALTER TABLE `craft_userpermissions_usergroups`
	ADD CONSTRAINT `craft_userpermissions_usergroups_groupId_fk` FOREIGN KEY (`groupId`) REFERENCES `craft_usergroups` (`id`) ON DELETE CASCADE,
	ADD CONSTRAINT `craft_userpermissions_usergroups_permissionId_fk` FOREIGN KEY (`permissionId`) REFERENCES `craft_userpermissions` (`id`) ON DELETE CASCADE;

--
-- Constraints for table `craft_userpermissions_users`
--
ALTER TABLE `craft_userpermissions_users`
	ADD CONSTRAINT `craft_userpermissions_users_permissionId_fk` FOREIGN KEY (`permissionId`) REFERENCES `craft_userpermissions` (`id`) ON DELETE CASCADE,
	ADD CONSTRAINT `craft_userpermissions_users_userId_fk` FOREIGN KEY (`userId`) REFERENCES `craft_users` (`id`) ON DELETE CASCADE;

--
-- Constraints for table `craft_users`
--
ALTER TABLE `craft_users`
	ADD CONSTRAINT `craft_users_id_fk` FOREIGN KEY (`id`) REFERENCES `craft_elements` (`id`) ON DELETE CASCADE,
	ADD CONSTRAINT `craft_users_preferredLocale_fk` FOREIGN KEY (`preferredLocale`) REFERENCES `craft_locales` (`locale`) ON DELETE SET NULL ON UPDATE CASCADE;

--
-- Constraints for table `craft_widgets`
--
ALTER TABLE `craft_widgets`
	ADD CONSTRAINT `craft_widgets_userId_fk` FOREIGN KEY (`userId`) REFERENCES `craft_users` (`id`) ON DELETE CASCADE;

SET FOREIGN_KEY_CHECKS = 1;
